\BOOKMARK [0][-]{chapter*.1}{\376\377\000P\000r\000e\000f\000a\000c\000e}{}% 1
\BOOKMARK [-1][-]{part.1}{\376\377\000I\000\040\000F\000o\000u\000n\000d\000a\000t\000i\000o\000n\000s}{}% 2
\BOOKMARK [0][-]{chapter.1}{\376\377\0001\000\040\000I\000n\000t\000r\000o\000d\000u\000c\000t\000i\000o\000n\000:\000\040\000T\000h\000e\000\040\000S\000e\000q\000u\000e\000n\000c\000i\000n\000g\000\040\000R\000e\000v\000o\000l\000u\000t\000i\000o\000n}{part.1}% 3
\BOOKMARK [1][-]{section.1.1}{\376\377\0001\000.\0001\000\040\000W\000h\000a\000t\000\040\000I\000s\000\040\000S\000e\000q\000u\000e\000n\000c\000i\000n\000g\000\040\000a\000n\000d\000\040\000W\000h\000y\000\040\000D\000o\000e\000s\000\040\000I\000t\000\040\000M\000a\000t\000t\000e\000r\000?}{chapter.1}% 4
\BOOKMARK [1][-]{section.1.2}{\376\377\0001\000.\0002\000\040\000A\000\040\000B\000r\000i\000e\000f\000\040\000H\000i\000s\000t\000o\000r\000y\000\040\000o\000f\000\040\000S\000e\000q\000u\000e\000n\000c\000i\000n\000g}{chapter.1}% 5
\BOOKMARK [2][-]{subsection.1.2.1}{\376\377\0001\000.\0002\000.\0001\000\040\000T\000h\000e\000\040\000S\000a\000n\000g\000e\000r\000\040\000E\000r\000a\000\040\000\050\0001\0009\0007\0007\040\023\0002\0000\0000\0000\000\051}{section.1.2}% 6
\BOOKMARK [2][-]{subsection.1.2.2}{\376\377\0001\000.\0002\000.\0002\000\040\000T\000h\000e\000\040\000H\000u\000m\000a\000n\000\040\000G\000e\000n\000o\000m\000e\000\040\000P\000r\000o\000j\000e\000c\000t\000\040\000\050\0001\0009\0009\0000\040\023\0002\0000\0000\0003\000\051}{section.1.2}% 7
\BOOKMARK [2][-]{subsection.1.2.3}{\376\377\0001\000.\0002\000.\0003\000\040\000T\000h\000e\000\040\000N\000e\000x\000t\000-\000G\000e\000n\000e\000r\000a\000t\000i\000o\000n\000\040\000S\000e\000q\000u\000e\000n\000c\000i\000n\000g\000\040\000R\000e\000v\000o\000l\000u\000t\000i\000o\000n\000\040\000\050\0002\0000\0000\0005\040\023\0002\0000\0001\0005\000\051}{section.1.2}% 8
\BOOKMARK [2][-]{subsection.1.2.4}{\376\377\0001\000.\0002\000.\0004\000\040\000T\000h\000e\000\040\000\044\0001\000,\0000\0000\0000\000\040\000G\000e\000n\000o\000m\000e\000\040\000a\000n\000d\000\040\000B\000e\000y\000o\000n\000d\000\040\000\050\0002\0000\0001\0004\040\023\000P\000r\000e\000s\000e\000n\000t\000\051}{section.1.2}% 9
\BOOKMARK [1][-]{section.1.3}{\376\377\0001\000.\0003\000\040\000T\000h\000e\000\040\000D\000i\000f\000f\000e\000r\000e\000n\000t\000\040\000`\000`\000O\000m\000e\000s\000'\000'}{chapter.1}% 10
\BOOKMARK [2][-]{subsection.1.3.1}{\376\377\0001\000.\0003\000.\0001\000\040\000T\000h\000e\000\040\000G\000e\000n\000o\000m\000e}{section.1.3}% 11
\BOOKMARK [2][-]{subsection.1.3.2}{\376\377\0001\000.\0003\000.\0002\000\040\000T\000h\000e\000\040\000T\000r\000a\000n\000s\000c\000r\000i\000p\000t\000o\000m\000e}{section.1.3}% 12
\BOOKMARK [2][-]{subsection.1.3.3}{\376\377\0001\000.\0003\000.\0003\000\040\000T\000h\000e\000\040\000E\000p\000i\000g\000e\000n\000o\000m\000e}{section.1.3}% 13
\BOOKMARK [2][-]{subsection.1.3.4}{\376\377\0001\000.\0003\000.\0004\000\040\000T\000h\000e\000\040\000P\000r\000o\000t\000e\000o\000m\000e}{section.1.3}% 14
\BOOKMARK [2][-]{subsection.1.3.5}{\376\377\0001\000.\0003\000.\0005\000\040\000T\000h\000e\000\040\000M\000e\000t\000a\000b\000o\000l\000o\000m\000e}{section.1.3}% 15
\BOOKMARK [2][-]{subsection.1.3.6}{\376\377\0001\000.\0003\000.\0006\000\040\000T\000h\000e\000\040\000M\000i\000c\000r\000o\000b\000i\000o\000m\000e}{section.1.3}% 16
\BOOKMARK [1][-]{section.1.4}{\376\377\0001\000.\0004\000\040\000H\000o\000w\000\040\000S\000e\000q\000u\000e\000n\000c\000i\000n\000g\000\040\000H\000a\000s\000\040\000T\000r\000a\000n\000s\000f\000o\000r\000m\000e\000d\000\040\000S\000c\000i\000e\000n\000c\000e}{chapter.1}% 17
\BOOKMARK [2][-]{subsection.1.4.1}{\376\377\0001\000.\0004\000.\0001\000\040\000M\000e\000d\000i\000c\000i\000n\000e\000\040\000a\000n\000d\000\040\000C\000l\000i\000n\000i\000c\000a\000l\000\040\000D\000i\000a\000g\000n\000o\000s\000t\000i\000c\000s}{section.1.4}% 18
\BOOKMARK [2][-]{subsection.1.4.2}{\376\377\0001\000.\0004\000.\0002\000\040\000A\000g\000r\000i\000c\000u\000l\000t\000u\000r\000e\000\040\000a\000n\000d\000\040\000F\000o\000o\000d\000\040\000S\000c\000i\000e\000n\000c\000e}{section.1.4}% 19
\BOOKMARK [2][-]{subsection.1.4.3}{\376\377\0001\000.\0004\000.\0003\000\040\000E\000c\000o\000l\000o\000g\000y\000\040\000a\000n\000d\000\040\000C\000o\000n\000s\000e\000r\000v\000a\000t\000i\000o\000n\000\040\000B\000i\000o\000l\000o\000g\000y}{section.1.4}% 20
\BOOKMARK [2][-]{subsection.1.4.4}{\376\377\0001\000.\0004\000.\0004\000\040\000F\000o\000r\000e\000n\000s\000i\000c\000\040\000S\000c\000i\000e\000n\000c\000e}{section.1.4}% 21
\BOOKMARK [2][-]{subsection.1.4.5}{\376\377\0001\000.\0004\000.\0005\000\040\000E\000v\000o\000l\000u\000t\000i\000o\000n\000a\000r\000y\000\040\000B\000i\000o\000l\000o\000g\000y\000\040\000a\000n\000d\000\040\000P\000a\000l\000a\000e\000o\000g\000e\000n\000o\000m\000i\000c\000s}{section.1.4}% 22
\BOOKMARK [1][-]{section.1.5}{\376\377\0001\000.\0005\000\040\000W\000h\000a\000t\000\040\000M\000o\000d\000e\000r\000n\000\040\000S\000e\000q\000u\000e\000n\000c\000i\000n\000g\000\040\000C\000a\000n\000\040\000M\000e\000a\000s\000u\000r\000e}{chapter.1}% 23
\BOOKMARK [1][-]{section.1.6}{\376\377\0001\000.\0006\000\040\000T\000h\000e\000\040\000G\000e\000n\000e\000r\000a\000l\000\040\000S\000e\000q\000u\000e\000n\000c\000i\000n\000g\000\040\000W\000o\000r\000k\000f\000l\000o\000w}{chapter.1}% 24
\BOOKMARK [2][-]{subsection.1.6.1}{\376\377\0001\000.\0006\000.\0001\000\040\000S\000t\000e\000p\000\040\0001\000:\000\040\000B\000i\000o\000l\000o\000g\000i\000c\000a\000l\000\040\000S\000a\000m\000p\000l\000e}{section.1.6}% 25
\BOOKMARK [2][-]{subsection.1.6.2}{\376\377\0001\000.\0006\000.\0002\000\040\000S\000t\000e\000p\000\040\0002\000:\000\040\000N\000u\000c\000l\000e\000i\000c\000\040\000A\000c\000i\000d\000\040\000E\000x\000t\000r\000a\000c\000t\000i\000o\000n}{section.1.6}% 26
\BOOKMARK [2][-]{subsection.1.6.3}{\376\377\0001\000.\0006\000.\0003\000\040\000S\000t\000e\000p\000\040\0003\000:\000\040\000L\000i\000b\000r\000a\000r\000y\000\040\000P\000r\000e\000p\000a\000r\000a\000t\000i\000o\000n}{section.1.6}% 27
\BOOKMARK [2][-]{subsection.1.6.4}{\376\377\0001\000.\0006\000.\0004\000\040\000S\000t\000e\000p\000\040\0004\000:\000\040\000S\000e\000q\000u\000e\000n\000c\000i\000n\000g}{section.1.6}% 28
\BOOKMARK [2][-]{subsection.1.6.5}{\376\377\0001\000.\0006\000.\0005\000\040\000S\000t\000e\000p\000\040\0005\000:\000\040\000D\000a\000t\000a\000\040\000A\000n\000a\000l\000y\000s\000i\000s}{section.1.6}% 29
\BOOKMARK [2][-]{subsection.1.6.6}{\376\377\0001\000.\0006\000.\0006\000\040\000S\000t\000e\000p\000\040\0006\000:\000\040\000B\000i\000o\000l\000o\000g\000i\000c\000a\000l\000\040\000I\000n\000s\000i\000g\000h\000t}{section.1.6}% 30
\BOOKMARK [1][-]{section.1.7}{\376\377\0001\000.\0007\000\040\000T\000h\000e\000\040\000C\000o\000s\000t\000\040\000T\000r\000a\000j\000e\000c\000t\000o\000r\000y\000\040\000a\000n\000d\000\040\000D\000e\000m\000o\000c\000r\000a\000t\000i\000s\000a\000t\000i\000o\000n\000\040\000o\000f\000\040\000S\000e\000q\000u\000e\000n\000c\000i\000n\000g}{chapter.1}% 31
\BOOKMARK [1][-]{section.1.8}{\376\377\0001\000.\0008\000\040\000T\000h\000e\000\040\000C\000u\000r\000r\000e\000n\000t\000\040\000S\000e\000q\000u\000e\000n\000c\000i\000n\000g\000\040\000L\000a\000n\000d\000s\000c\000a\000p\000e}{chapter.1}% 32
\BOOKMARK [1][-]{section.1.9}{\376\377\0001\000.\0009\000\040\000A\000n\000\040\000I\000n\000f\000o\000r\000m\000a\000t\000i\000o\000n\000-\000T\000h\000e\000o\000r\000e\000t\000i\000c\000\040\000V\000i\000e\000w\000\040\000o\000f\000\040\000S\000e\000q\000u\000e\000n\000c\000i\000n\000g}{chapter.1}% 33
\BOOKMARK [2][-]{subsection.1.9.1}{\376\377\0001\000.\0009\000.\0001\000\040\000Q\000u\000a\000n\000t\000i\000t\000a\000t\000i\000v\000e\000\040\000C\000o\000m\000p\000a\000r\000i\000s\000o\000n\000\040\000o\000f\000\040\000S\000e\000q\000u\000e\000n\000c\000i\000n\000g\000\040\000G\000e\000n\000e\000r\000a\000t\000i\000o\000n\000s}{section.1.9}% 34
\BOOKMARK [1][-]{section.1.10}{\376\377\0001\000.\0001\0000\000\040\000R\000e\000a\000d\000i\000n\000g\000\040\000G\000u\000i\000d\000e\000\040\000f\000o\000r\000\040\000T\000h\000i\000s\000\040\000B\000o\000o\000k}{chapter.1}% 35
\BOOKMARK [1][-]{section.1.11}{\376\377\0001\000.\0001\0001\000\040\000S\000u\000m\000m\000a\000r\000y}{chapter.1}% 36
\BOOKMARK [0][-]{chapter.2}{\376\377\0002\000\040\000M\000o\000l\000e\000c\000u\000l\000a\000r\000\040\000B\000i\000o\000l\000o\000g\000y\000\040\000E\000s\000s\000e\000n\000t\000i\000a\000l\000s}{part.1}% 37
\BOOKMARK [1][-]{section.2.1}{\376\377\0002\000.\0001\000\040\000T\000h\000e\000\040\000C\000e\000l\000l\000:\000\040\000L\000i\000f\000e\000'\000s\000\040\000F\000u\000n\000d\000a\000m\000e\000n\000t\000a\000l\000\040\000U\000n\000i\000t}{chapter.2}% 38
\BOOKMARK [2][-]{subsection.2.1.1}{\376\377\0002\000.\0001\000.\0001\000\040\000P\000r\000o\000k\000a\000r\000y\000o\000t\000i\000c\000\040\000C\000e\000l\000l\000s}{section.2.1}% 39
\BOOKMARK [2][-]{subsection.2.1.2}{\376\377\0002\000.\0001\000.\0002\000\040\000E\000u\000k\000a\000r\000y\000o\000t\000i\000c\000\040\000C\000e\000l\000l\000s}{section.2.1}% 40
\BOOKMARK [1][-]{section.2.2}{\376\377\0002\000.\0002\000\040\000D\000N\000A\000\040\000S\000t\000r\000u\000c\000t\000u\000r\000e\000:\000\040\000T\000h\000e\000\040\000M\000o\000l\000e\000c\000u\000l\000e\000\040\000o\000f\000\040\000H\000e\000r\000e\000d\000i\000t\000y}{chapter.2}% 41
\BOOKMARK [2][-]{subsection.2.2.1}{\376\377\0002\000.\0002\000.\0001\000\040\000N\000u\000c\000l\000e\000o\000t\000i\000d\000e\000s\000:\000\040\000T\000h\000e\000\040\000B\000u\000i\000l\000d\000i\000n\000g\000\040\000B\000l\000o\000c\000k\000s}{section.2.2}% 42
\BOOKMARK [2][-]{subsection.2.2.2}{\376\377\0002\000.\0002\000.\0002\000\040\000T\000h\000e\000\040\000D\000o\000u\000b\000l\000e\000\040\000H\000e\000l\000i\000x}{section.2.2}% 43
\BOOKMARK [2][-]{subsection.2.2.3}{\376\377\0002\000.\0002\000.\0003\000\040\000N\000u\000c\000l\000e\000o\000t\000i\000d\000e\000\040\000C\000h\000e\000m\000i\000s\000t\000r\000y\000\040\000i\000n\000\040\000D\000e\000t\000a\000i\000l}{section.2.2}% 44
\BOOKMARK [2][-]{subsection.2.2.4}{\376\377\0002\000.\0002\000.\0004\000\040\000D\000N\000A\000\040\000T\000h\000e\000r\000m\000o\000d\000y\000n\000a\000m\000i\000c\000s\000\040\000a\000n\000d\000\040\000t\000h\000e\000\040\000N\000e\000a\000r\000e\000s\000t\000-\000N\000e\000i\000g\000h\000b\000o\000u\000r\000\040\000M\000o\000d\000e\000l}{section.2.2}% 45
\BOOKMARK [2][-]{subsection.2.2.5}{\376\377\0002\000.\0002\000.\0005\000\040\000D\000i\000r\000e\000c\000t\000i\000o\000n\000a\000l\000i\000t\000y\000\040\000a\000n\000d\000\040\000A\000n\000t\000i\000p\000a\000r\000a\000l\000l\000e\000l\000\040\000S\000t\000r\000a\000n\000d\000s}{section.2.2}% 46
\BOOKMARK [1][-]{section.2.3}{\376\377\0002\000.\0003\000\040\000D\000N\000A\000\040\000O\000r\000g\000a\000n\000i\000s\000a\000t\000i\000o\000n\000:\000\040\000F\000r\000o\000m\000\040\000D\000o\000u\000b\000l\000e\000\040\000H\000e\000l\000i\000x\000\040\000t\000o\000\040\000C\000h\000r\000o\000m\000o\000s\000o\000m\000e}{chapter.2}% 47
\BOOKMARK [2][-]{subsection.2.3.1}{\376\377\0002\000.\0003\000.\0001\000\040\000H\000i\000s\000t\000o\000n\000e\000s\000\040\000a\000n\000d\000\040\000N\000u\000c\000l\000e\000o\000s\000o\000m\000e\000s}{section.2.3}% 48
\BOOKMARK [2][-]{subsection.2.3.2}{\376\377\0002\000.\0003\000.\0002\000\040\000C\000h\000r\000o\000m\000a\000t\000i\000n\000:\000\040\000E\000u\000c\000h\000r\000o\000m\000a\000t\000i\000n\000\040\000a\000n\000d\000\040\000H\000e\000t\000e\000r\000o\000c\000h\000r\000o\000m\000a\000t\000i\000n}{section.2.3}% 49
\BOOKMARK [2][-]{subsection.2.3.3}{\376\377\0002\000.\0003\000.\0003\000\040\000H\000i\000g\000h\000e\000r\000-\000O\000r\000d\000e\000r\000\040\000S\000t\000r\000u\000c\000t\000u\000r\000e\000s\000\040\000a\000n\000d\000\040\000C\000h\000r\000o\000m\000o\000s\000o\000m\000e\000s}{section.2.3}% 50
\BOOKMARK [2][-]{subsection.2.3.4}{\376\377\0002\000.\0003\000.\0004\000\040\000P\000l\000o\000i\000d\000y}{section.2.3}% 51
\BOOKMARK [1][-]{section.2.4}{\376\377\0002\000.\0004\000\040\000G\000e\000n\000e\000s\000\040\000a\000n\000d\000\040\000t\000h\000e\000\040\000G\000e\000n\000o\000m\000e}{chapter.2}% 52
\BOOKMARK [2][-]{subsection.2.4.1}{\376\377\0002\000.\0004\000.\0001\000\040\000W\000h\000a\000t\000\040\000I\000s\000\040\000a\000\040\000G\000e\000n\000e\000?}{section.2.4}% 53
\BOOKMARK [2][-]{subsection.2.4.2}{\376\377\0002\000.\0004\000.\0002\000\040\000G\000e\000n\000e\000\040\000S\000t\000r\000u\000c\000t\000u\000r\000e\000:\000\040\000E\000x\000o\000n\000s\000\040\000a\000n\000d\000\040\000I\000n\000t\000r\000o\000n\000s}{section.2.4}% 54
\BOOKMARK [2][-]{subsection.2.4.3}{\376\377\0002\000.\0004\000.\0003\000\040\000R\000e\000g\000u\000l\000a\000t\000o\000r\000y\000\040\000R\000e\000g\000i\000o\000n\000s}{section.2.4}% 55
\BOOKMARK [2][-]{subsection.2.4.4}{\376\377\0002\000.\0004\000.\0004\000\040\000R\000e\000p\000e\000t\000i\000t\000i\000v\000e\000\040\000E\000l\000e\000m\000e\000n\000t\000s}{section.2.4}% 56
\BOOKMARK [2][-]{subsection.2.4.5}{\376\377\0002\000.\0004\000.\0005\000\040\000C\000o\000d\000i\000n\000g\000\040\000v\000s\000.\000\040\000N\000o\000n\000-\000C\000o\000d\000i\000n\000g\000\040\000D\000N\000A}{section.2.4}% 57
\BOOKMARK [1][-]{section.2.5}{\376\377\0002\000.\0005\000\040\000T\000h\000e\000\040\000C\000e\000n\000t\000r\000a\000l\000\040\000D\000o\000g\000m\000a\000\040\000o\000f\000\040\000M\000o\000l\000e\000c\000u\000l\000a\000r\000\040\000B\000i\000o\000l\000o\000g\000y}{chapter.2}% 58
\BOOKMARK [2][-]{subsection.2.5.1}{\376\377\0002\000.\0005\000.\0001\000\040\000K\000i\000n\000e\000t\000i\000c\000s\000\040\000o\000f\000\040\000I\000n\000f\000o\000r\000m\000a\000t\000i\000o\000n\000\040\000F\000l\000o\000w}{section.2.5}% 59
\BOOKMARK [1][-]{section.2.6}{\376\377\0002\000.\0006\000\040\000T\000r\000a\000n\000s\000c\000r\000i\000p\000t\000i\000o\000n\000:\000\040\000F\000r\000o\000m\000\040\000D\000N\000A\000\040\000t\000o\000\040\000R\000N\000A}{chapter.2}% 60
\BOOKMARK [2][-]{subsection.2.6.1}{\376\377\0002\000.\0006\000.\0001\000\040\000T\000r\000a\000n\000s\000c\000r\000i\000p\000t\000i\000o\000n\000\040\000i\000n\000\040\000E\000u\000k\000a\000r\000y\000o\000t\000e\000s}{section.2.6}% 61
\BOOKMARK [2][-]{subsection.2.6.2}{\376\377\0002\000.\0006\000.\0002\000\040\000m\000R\000N\000A\000\040\000P\000r\000o\000c\000e\000s\000s\000i\000n\000g}{section.2.6}% 62
\BOOKMARK [1][-]{section.2.7}{\376\377\0002\000.\0007\000\040\000T\000r\000a\000n\000s\000l\000a\000t\000i\000o\000n\000:\000\040\000F\000r\000o\000m\000\040\000R\000N\000A\000\040\000t\000o\000\040\000P\000r\000o\000t\000e\000i\000n}{chapter.2}% 63
\BOOKMARK [2][-]{subsection.2.7.1}{\376\377\0002\000.\0007\000.\0001\000\040\000T\000h\000e\000\040\000G\000e\000n\000e\000t\000i\000c\000\040\000C\000o\000d\000e}{section.2.7}% 64
\BOOKMARK [2][-]{subsection.2.7.2}{\376\377\0002\000.\0007\000.\0002\000\040\000T\000h\000e\000\040\000P\000r\000o\000c\000e\000s\000s\000\040\000o\000f\000\040\000T\000r\000a\000n\000s\000l\000a\000t\000i\000o\000n}{section.2.7}% 65
\BOOKMARK [2][-]{subsection.2.7.3}{\376\377\0002\000.\0007\000.\0003\000\040\000P\000r\000o\000t\000e\000i\000n\000\040\000F\000o\000l\000d\000i\000n\000g\000\040\000a\000n\000d\000\040\000F\000u\000n\000c\000t\000i\000o\000n}{section.2.7}% 66
\BOOKMARK [1][-]{section.2.8}{\376\377\0002\000.\0008\000\040\000T\000y\000p\000e\000s\000\040\000o\000f\000\040\000R\000N\000A}{chapter.2}% 67
\BOOKMARK [1][-]{section.2.9}{\376\377\0002\000.\0009\000\040\000E\000p\000i\000g\000e\000n\000e\000t\000i\000c\000s\000:\000\040\000M\000o\000d\000i\000f\000i\000c\000a\000t\000i\000o\000n\000s\000\040\000B\000e\000y\000o\000n\000d\000\040\000t\000h\000e\000\040\000S\000e\000q\000u\000e\000n\000c\000e}{chapter.2}% 68
\BOOKMARK [2][-]{subsection.2.9.1}{\376\377\0002\000.\0009\000.\0001\000\040\000D\000N\000A\000\040\000M\000e\000t\000h\000y\000l\000a\000t\000i\000o\000n}{section.2.9}% 69
\BOOKMARK [2][-]{subsection.2.9.2}{\376\377\0002\000.\0009\000.\0002\000\040\000H\000i\000s\000t\000o\000n\000e\000\040\000M\000o\000d\000i\000f\000i\000c\000a\000t\000i\000o\000n\000s}{section.2.9}% 70
\BOOKMARK [2][-]{subsection.2.9.3}{\376\377\0002\000.\0009\000.\0003\000\040\000C\000h\000r\000o\000m\000a\000t\000i\000n\000\040\000R\000e\000m\000o\000d\000e\000l\000l\000i\000n\000g}{section.2.9}% 71
\BOOKMARK [1][-]{section.2.10}{\376\377\0002\000.\0001\0000\000\040\000D\000N\000A\000\040\000R\000e\000p\000l\000i\000c\000a\000t\000i\000o\000n\000\040\000a\000n\000d\000\040\000R\000e\000p\000a\000i\000r}{chapter.2}% 72
\BOOKMARK [2][-]{subsection.2.10.1}{\376\377\0002\000.\0001\0000\000.\0001\000\040\000D\000N\000A\000\040\000R\000e\000p\000l\000i\000c\000a\000t\000i\000o\000n}{section.2.10}% 73
\BOOKMARK [2][-]{subsection.2.10.2}{\376\377\0002\000.\0001\0000\000.\0002\000\040\000D\000N\000A\000\040\000R\000e\000p\000a\000i\000r}{section.2.10}% 74
\BOOKMARK [1][-]{section.2.11}{\376\377\0002\000.\0001\0001\000\040\000G\000e\000n\000e\000t\000i\000c\000\040\000V\000a\000r\000i\000a\000t\000i\000o\000n}{chapter.2}% 75
\BOOKMARK [2][-]{subsection.2.11.1}{\376\377\0002\000.\0001\0001\000.\0001\000\040\000S\000i\000n\000g\000l\000e\000\040\000N\000u\000c\000l\000e\000o\000t\000i\000d\000e\000\040\000P\000o\000l\000y\000m\000o\000r\000p\000h\000i\000s\000m\000s\000\040\000\050\000S\000N\000P\000s\000\051}{section.2.11}% 76
\BOOKMARK [2][-]{subsection.2.11.2}{\376\377\0002\000.\0001\0001\000.\0002\000\040\000I\000n\000s\000e\000r\000t\000i\000o\000n\000s\000\040\000a\000n\000d\000\040\000D\000e\000l\000e\000t\000i\000o\000n\000s\000\040\000\050\000I\000n\000d\000e\000l\000s\000\051}{section.2.11}% 77
\BOOKMARK [2][-]{subsection.2.11.3}{\376\377\0002\000.\0001\0001\000.\0003\000\040\000S\000t\000r\000u\000c\000t\000u\000r\000a\000l\000\040\000V\000a\000r\000i\000a\000n\000t\000s\000\040\000\050\000S\000V\000s\000\051}{section.2.11}% 78
\BOOKMARK [2][-]{subsection.2.11.4}{\376\377\0002\000.\0001\0001\000.\0004\000\040\000C\000o\000p\000y\000\040\000N\000u\000m\000b\000e\000r\000\040\000V\000a\000r\000i\000a\000n\000t\000s\000\040\000\050\000C\000N\000V\000s\000\051}{section.2.11}% 79
\BOOKMARK [1][-]{section.2.12}{\376\377\0002\000.\0001\0002\000\040\000G\000e\000n\000e\000\040\000R\000e\000g\000u\000l\000a\000t\000i\000o\000n\000:\000\040\000C\000o\000n\000t\000r\000o\000l\000l\000i\000n\000g\000\040\000W\000h\000e\000n\000\040\000a\000n\000d\000\040\000W\000h\000e\000r\000e\000\040\000G\000e\000n\000e\000s\000\040\000A\000r\000e\000\040\000E\000x\000p\000r\000e\000s\000s\000e\000d}{chapter.2}% 80
\BOOKMARK [2][-]{subsection.2.12.1}{\376\377\0002\000.\0001\0002\000.\0001\000\040\000T\000r\000a\000n\000s\000c\000r\000i\000p\000t\000i\000o\000n\000\040\000F\000a\000c\000t\000o\000r\000s}{section.2.12}% 81
\BOOKMARK [2][-]{subsection.2.12.2}{\376\377\0002\000.\0001\0002\000.\0002\000\040\000E\000n\000h\000a\000n\000c\000e\000r\000s\000\040\000a\000n\000d\000\040\000S\000u\000p\000e\000r\000-\000E\000n\000h\000a\000n\000c\000e\000r\000s}{section.2.12}% 82
\BOOKMARK [2][-]{subsection.2.12.3}{\376\377\0002\000.\0001\0002\000.\0003\000\040\000C\000h\000r\000o\000m\000a\000t\000i\000n\000\040\000A\000c\000c\000e\000s\000s\000i\000b\000i\000l\000i\000t\000y\000\040\000a\000n\000d\000\040\000G\000e\000n\000e\000\040\000E\000x\000p\000r\000e\000s\000s\000i\000o\000n}{section.2.12}% 83
\BOOKMARK [2][-]{subsection.2.12.4}{\376\377\0002\000.\0001\0002\000.\0004\000\040\000P\000o\000s\000t\000-\000T\000r\000a\000n\000s\000c\000r\000i\000p\000t\000i\000o\000n\000a\000l\000\040\000R\000e\000g\000u\000l\000a\000t\000i\000o\000n}{section.2.12}% 84
\BOOKMARK [1][-]{section.2.13}{\376\377\0002\000.\0001\0003\000\040\000S\000u\000m\000m\000a\000r\000y}{chapter.2}% 85
\BOOKMARK [0][-]{chapter.3}{\376\377\0003\000\040\000P\000r\000i\000n\000c\000i\000p\000l\000e\000s\000\040\000o\000f\000\040\000M\000o\000d\000e\000r\000n\000\040\000S\000e\000q\000u\000e\000n\000c\000i\000n\000g}{part.1}% 86
\BOOKMARK [1][-]{section.3.1}{\376\377\0003\000.\0001\000\040\000W\000h\000a\000t\000\040\000A\000l\000l\000\040\000S\000e\000q\000u\000e\000n\000c\000i\000n\000g\000\040\000T\000e\000c\000h\000n\000o\000l\000o\000g\000i\000e\000s\000\040\000S\000h\000a\000r\000e}{chapter.3}% 87
\BOOKMARK [1][-]{section.3.2}{\376\377\0003\000.\0002\000\040\000S\000e\000q\000u\000e\000n\000c\000i\000n\000g\000\040\000b\000y\000\040\000S\000y\000n\000t\000h\000e\000s\000i\000s\000\040\000\050\000S\000B\000S\000\051}{chapter.3}% 88
\BOOKMARK [2][-]{subsection.3.2.1}{\376\377\0003\000.\0002\000.\0001\000\040\000T\000h\000e\000\040\000C\000h\000e\000m\000i\000s\000t\000r\000y}{section.3.2}% 89
\BOOKMARK [2][-]{subsection.3.2.2}{\376\377\0003\000.\0002\000.\0002\000\040\000C\000l\000u\000s\000t\000e\000r\000\040\000G\000e\000n\000e\000r\000a\000t\000i\000o\000n}{section.3.2}% 90
\BOOKMARK [1][-]{section.3.3}{\376\377\0003\000.\0003\000\040\000S\000e\000q\000u\000e\000n\000c\000i\000n\000g\000\040\000b\000y\000\040\000L\000i\000g\000a\000t\000i\000o\000n}{chapter.3}% 91
\BOOKMARK [1][-]{section.3.4}{\376\377\0003\000.\0004\000\040\000N\000a\000n\000o\000p\000o\000r\000e\000\040\000S\000e\000q\000u\000e\000n\000c\000i\000n\000g}{chapter.3}% 92
\BOOKMARK [2][-]{subsection.3.4.1}{\376\377\0003\000.\0004\000.\0001\000\040\000T\000h\000e\000\040\000P\000r\000i\000n\000c\000i\000p\000l\000e}{section.3.4}% 93
\BOOKMARK [2][-]{subsection.3.4.2}{\376\377\0003\000.\0004\000.\0002\000\040\000K\000e\000y\000\040\000F\000e\000a\000t\000u\000r\000e\000s\000\040\000o\000f\000\040\000N\000a\000n\000o\000p\000o\000r\000e\000\040\000S\000e\000q\000u\000e\000n\000c\000i\000n\000g}{section.3.4}% 94
\BOOKMARK [1][-]{section.3.5}{\376\377\0003\000.\0005\000\040\000S\000i\000n\000g\000l\000e\000-\000M\000o\000l\000e\000c\000u\000l\000e\000\040\000R\000e\000a\000l\000-\000T\000i\000m\000e\000\040\000\050\000S\000M\000R\000T\000\051\000\040\000S\000e\000q\000u\000e\000n\000c\000i\000n\000g}{chapter.3}% 95
\BOOKMARK [2][-]{subsection.3.5.1}{\376\377\0003\000.\0005\000.\0001\000\040\000T\000h\000e\000\040\000P\000r\000i\000n\000c\000i\000p\000l\000e}{section.3.5}% 96
\BOOKMARK [2][-]{subsection.3.5.2}{\376\377\0003\000.\0005\000.\0002\000\040\000S\000M\000R\000T\000b\000e\000l\000l\000\040\000T\000e\000m\000p\000l\000a\000t\000e\000s\000\040\000a\000n\000d\000\040\000H\000i\000F\000i\000\040\000R\000e\000a\000d\000s}{section.3.5}% 97
\BOOKMARK [1][-]{section.3.6}{\376\377\0003\000.\0006\000\040\000K\000e\000y\000\040\000S\000e\000q\000u\000e\000n\000c\000i\000n\000g\000\040\000M\000e\000t\000r\000i\000c\000s}{chapter.3}% 98
\BOOKMARK [2][-]{subsection.3.6.1}{\376\377\0003\000.\0006\000.\0001\000\040\000R\000e\000a\000d\000\040\000L\000e\000n\000g\000t\000h}{section.3.6}% 99
\BOOKMARK [2][-]{subsection.3.6.2}{\376\377\0003\000.\0006\000.\0002\000\040\000T\000h\000r\000o\000u\000g\000h\000p\000u\000t}{section.3.6}% 100
\BOOKMARK [2][-]{subsection.3.6.3}{\376\377\0003\000.\0006\000.\0003\000\040\000A\000c\000c\000u\000r\000a\000c\000y\000\040\000a\000n\000d\000\040\000E\000r\000r\000o\000r\000\040\000P\000r\000o\000f\000i\000l\000e\000s}{section.3.6}% 101
\BOOKMARK [1][-]{section.3.7}{\376\377\0003\000.\0007\000\040\000P\000a\000i\000r\000e\000d\000-\000E\000n\000d\000\040\000v\000s\000.\000\040\000S\000i\000n\000g\000l\000e\000-\000E\000n\000d\000\040\000R\000e\000a\000d\000s}{chapter.3}% 102
\BOOKMARK [1][-]{section.3.8}{\376\377\0003\000.\0008\000\040\000R\000e\000a\000d\000\040\000D\000e\000p\000t\000h\000\040\000a\000n\000d\000\040\000C\000o\000v\000e\000r\000a\000g\000e}{chapter.3}% 103
\BOOKMARK [2][-]{subsection.3.8.1}{\376\377\0003\000.\0008\000.\0001\000\040\000D\000e\000f\000i\000n\000i\000t\000i\000o\000n\000s}{section.3.8}% 104
\BOOKMARK [2][-]{subsection.3.8.2}{\376\377\0003\000.\0008\000.\0002\000\040\000W\000h\000y\000\040\000C\000o\000v\000e\000r\000a\000g\000e\000\040\000M\000a\000t\000t\000e\000r\000s}{section.3.8}% 105
\BOOKMARK [2][-]{subsection.3.8.3}{\376\377\0003\000.\0008\000.\0003\000\040\000T\000h\000e\000\040\000L\000a\000n\000d\000e\000r\040\023\000W\000a\000t\000e\000r\000m\000a\000n\000\040\000M\000o\000d\000e\000l\000\040\000o\000f\000\040\000C\000o\000v\000e\000r\000a\000g\000e}{section.3.8}% 106
\BOOKMARK [2][-]{subsection.3.8.4}{\376\377\0003\000.\0008\000.\0004\000\040\000A\000d\000a\000p\000t\000e\000r\000\040\000L\000i\000g\000a\000t\000i\000o\000n\000\040\000E\000f\000f\000i\000c\000i\000e\000n\000c\000y}{section.3.8}% 107
\BOOKMARK [1][-]{section.3.9}{\376\377\0003\000.\0009\000\040\000M\000u\000l\000t\000i\000p\000l\000e\000x\000i\000n\000g\000\040\000a\000n\000d\000\040\000B\000a\000r\000c\000o\000d\000i\000n\000g}{chapter.3}% 108
\BOOKMARK [2][-]{subsection.3.9.1}{\376\377\0003\000.\0009\000.\0001\000\040\000H\000o\000w\000\040\000I\000n\000d\000e\000x\000i\000n\000g\000\040\000W\000o\000r\000k\000s}{section.3.9}% 109
\BOOKMARK [2][-]{subsection.3.9.2}{\376\377\0003\000.\0009\000.\0002\000\040\000B\000e\000n\000e\000f\000i\000t\000s\000\040\000o\000f\000\040\000M\000u\000l\000t\000i\000p\000l\000e\000x\000i\000n\000g}{section.3.9}% 110
\BOOKMARK [1][-]{section.3.10}{\376\377\0003\000.\0001\0000\000\040\000Q\000u\000a\000l\000i\000t\000y\000\040\000S\000c\000o\000r\000e\000s\000:\000\040\000P\000h\000r\000e\000d\000\040\000S\000c\000o\000r\000e\000s\000\040\000a\000n\000d\000\040\000Q\0003\0000}{chapter.3}% 111
\BOOKMARK [2][-]{subsection.3.10.1}{\376\377\0003\000.\0001\0000\000.\0001\000\040\000P\000h\000r\000e\000d\000\040\000Q\000u\000a\000l\000i\000t\000y\000\040\000S\000c\000o\000r\000e\000s}{section.3.10}% 112
\BOOKMARK [2][-]{subsection.3.10.2}{\376\377\0003\000.\0001\0000\000.\0002\000\040\000Q\0003\0000\000\040\000a\000s\000\040\000a\000\040\000B\000e\000n\000c\000h\000m\000a\000r\000k}{section.3.10}% 113
\BOOKMARK [2][-]{subsection.3.10.3}{\376\377\0003\000.\0001\0000\000.\0003\000\040\000F\000r\000o\000m\000\040\000P\000h\000r\000e\000d\000\040\000t\000o\000\040\000N\000e\000u\000r\000a\000l\000\040\000B\000a\000s\000e\000c\000a\000l\000l\000e\000r\000s}{section.3.10}% 114
\BOOKMARK [2][-]{subsection.3.10.4}{\376\377\0003\000.\0001\0000\000.\0004\000\040\000Q\000u\000a\000l\000i\000t\000y\000\040\000S\000c\000o\000r\000e\000\040\000E\000n\000c\000o\000d\000i\000n\000g\000\040\000i\000n\000\040\000F\000A\000S\000T\000Q\000\040\000F\000i\000l\000e\000s}{section.3.10}% 115
\BOOKMARK [1][-]{section.3.11}{\376\377\0003\000.\0001\0001\000\040\000T\000h\000e\000\040\000C\000o\000n\000c\000e\000p\000t\000\040\000o\000f\000\040\000a\000\040\000S\000e\000q\000u\000e\000n\000c\000i\000n\000g\000\040\000L\000i\000b\000r\000a\000r\000y}{chapter.3}% 116
\BOOKMARK [2][-]{subsection.3.11.1}{\376\377\0003\000.\0001\0001\000.\0001\000\040\000W\000h\000a\000t\000\040\000D\000e\000f\000i\000n\000e\000s\000\040\000a\000\040\000L\000i\000b\000r\000a\000r\000y}{section.3.11}% 117
\BOOKMARK [2][-]{subsection.3.11.2}{\376\377\0003\000.\0001\0001\000.\0002\000\040\000L\000i\000b\000r\000a\000r\000y\000\040\000C\000o\000m\000p\000l\000e\000x\000i\000t\000y\000\040\000a\000n\000d\000\040\000S\000a\000t\000u\000r\000a\000t\000i\000o\000n}{section.3.11}% 118
\BOOKMARK [1][-]{section.3.12}{\376\377\0003\000.\0001\0002\000\040\000A\000m\000p\000l\000i\000f\000i\000c\000a\000t\000i\000o\000n\000\040\000B\000i\000a\000s\000\040\000a\000n\000d\000\040\000P\000C\000R\000\040\000D\000u\000p\000l\000i\000c\000a\000t\000e\000s}{chapter.3}% 119
\BOOKMARK [2][-]{subsection.3.12.1}{\376\377\0003\000.\0001\0002\000.\0001\000\040\000P\000C\000R\000\040\000D\000u\000p\000l\000i\000c\000a\000t\000e\000s}{section.3.12}% 120
\BOOKMARK [2][-]{subsection.3.12.2}{\376\377\0003\000.\0001\0002\000.\0002\000\040\000A\000m\000p\000l\000i\000f\000i\000c\000a\000t\000i\000o\000n\000\040\000B\000i\000a\000s}{section.3.12}% 121
\BOOKMARK [1][-]{section.3.13}{\376\377\0003\000.\0001\0003\000\040\000G\000C\000\040\000B\000i\000a\000s}{chapter.3}% 122
\BOOKMARK [1][-]{section.3.14}{\376\377\0003\000.\0001\0004\000\040\000C\000o\000m\000p\000a\000r\000i\000s\000o\000n\000\040\000o\000f\000\040\000M\000a\000j\000o\000r\000\040\000S\000e\000q\000u\000e\000n\000c\000i\000n\000g\000\040\000A\000p\000p\000r\000o\000a\000c\000h\000e\000s}{chapter.3}% 123
\BOOKMARK [1][-]{section.3.15}{\376\377\0003\000.\0001\0005\000\040\000T\000h\000e\000\040\000F\000A\000S\000T\000Q\000\040\000F\000i\000l\000e\000\040\000F\000o\000r\000m\000a\000t}{chapter.3}% 124
\BOOKMARK [1][-]{section.3.16}{\376\377\0003\000.\0001\0006\000\040\000S\000u\000m\000m\000a\000r\000y}{chapter.3}% 125
\BOOKMARK [-1][-]{part.2}{\376\377\000I\000I\000\040\000S\000e\000q\000u\000e\000n\000c\000i\000n\000g\000\040\000P\000l\000a\000t\000f\000o\000r\000m\000s\000\040\000a\000n\000d\000\040\000T\000e\000c\000h\000n\000o\000l\000o\000g\000i\000e\000s}{}% 126
\BOOKMARK [0][-]{chapter.4}{\376\377\0004\000\040\000S\000h\000o\000r\000t\000-\000R\000e\000a\000d\000\040\000S\000e\000q\000u\000e\000n\000c\000i\000n\000g\000\040\000P\000l\000a\000t\000f\000o\000r\000m\000s}{part.2}% 127
\BOOKMARK [1][-]{section.4.1}{\376\377\0004\000.\0001\000\040\000I\000l\000l\000u\000m\000i\000n\000a\000:\000\040\000T\000h\000e\000\040\000D\000o\000m\000i\000n\000a\000n\000t\000\040\000P\000l\000a\000t\000f\000o\000r\000m}{chapter.4}% 128
\BOOKMARK [2][-]{subsection.4.1.1}{\376\377\0004\000.\0001\000.\0001\000\040\000H\000i\000s\000t\000o\000r\000i\000c\000a\000l\000\040\000C\000o\000n\000t\000e\000x\000t\000\040\000a\000n\000d\000\040\000M\000a\000r\000k\000e\000t\000\040\000P\000o\000s\000i\000t\000i\000o\000n}{section.4.1}% 129
\BOOKMARK [2][-]{subsection.4.1.2}{\376\377\0004\000.\0001\000.\0002\000\040\000C\000h\000e\000m\000i\000s\000t\000r\000y\000:\000\040\000B\000r\000i\000d\000g\000e\000\040\000A\000m\000p\000l\000i\000f\000i\000c\000a\000t\000i\000o\000n\000\040\000a\000n\000d\000\040\000C\000l\000u\000s\000t\000e\000r\000\040\000G\000e\000n\000e\000r\000a\000t\000i\000o\000n}{section.4.1}% 130
\BOOKMARK [2][-]{subsection.4.1.3}{\376\377\0004\000.\0001\000.\0003\000\040\000S\000e\000q\000u\000e\000n\000c\000i\000n\000g\000\040\000b\000y\000\040\000S\000y\000n\000t\000h\000e\000s\000i\000s\000\040\000w\000i\000t\000h\000\040\000R\000e\000v\000e\000r\000s\000i\000b\000l\000e\000\040\000T\000e\000r\000m\000i\000n\000a\000t\000o\000r\000s}{section.4.1}% 131
\BOOKMARK [2][-]{subsection.4.1.4}{\376\377\0004\000.\0001\000.\0004\000\040\000T\000w\000o\000-\000C\000h\000a\000n\000n\000e\000l\000\040\000v\000s\000\040\000F\000o\000u\000r\000-\000C\000h\000a\000n\000n\000e\000l\000\040\000C\000h\000e\000m\000i\000s\000t\000r\000y}{section.4.1}% 132
\BOOKMARK [2][-]{subsection.4.1.5}{\376\377\0004\000.\0001\000.\0005\000\040\000P\000a\000t\000t\000e\000r\000n\000e\000d\000\040\000v\000s\000\040\000N\000o\000n\000-\000P\000a\000t\000t\000e\000r\000n\000e\000d\000\040\000F\000l\000o\000w\000\040\000C\000e\000l\000l\000s}{section.4.1}% 133
\BOOKMARK [2][-]{subsection.4.1.6}{\376\377\0004\000.\0001\000.\0006\000\040\000C\000l\000u\000s\000t\000e\000r\000\040\000D\000e\000n\000s\000i\000t\000y\000\040\000O\000p\000t\000i\000m\000i\000s\000a\000t\000i\000o\000n}{section.4.1}% 134
\BOOKMARK [2][-]{subsection.4.1.7}{\376\377\0004\000.\0001\000.\0007\000\040\000P\000h\000a\000s\000i\000n\000g\000\040\000a\000n\000d\000\040\000P\000r\000e\000-\000P\000h\000a\000s\000i\000n\000g\000\040\000E\000r\000r\000o\000r\000\040\000M\000o\000d\000e\000l\000s}{section.4.1}% 135
\BOOKMARK [2][-]{subsection.4.1.8}{\376\377\0004\000.\0001\000.\0008\000\040\000T\000w\000o\000-\000C\000h\000a\000n\000n\000e\000l\000\040\000S\000i\000g\000n\000a\000l\000\040\000D\000e\000c\000o\000n\000v\000o\000l\000u\000t\000i\000o\000n}{section.4.1}% 136
\BOOKMARK [2][-]{subsection.4.1.9}{\376\377\0004\000.\0001\000.\0009\000\040\000I\000n\000d\000e\000x\000\040\000H\000o\000p\000p\000i\000n\000g\000:\000\040\000R\000a\000t\000e\000s\000\040\000a\000n\000d\000\040\000M\000i\000t\000i\000g\000a\000t\000i\000o\000n}{section.4.1}% 137
\BOOKMARK [2][-]{subsection.4.1.10}{\376\377\0004\000.\0001\000.\0001\0000\000\040\000P\000l\000a\000t\000f\000o\000r\000m\000\040\000H\000i\000e\000r\000a\000r\000c\000h\000y}{section.4.1}% 138
\BOOKMARK [2][-]{subsection.4.1.11}{\376\377\0004\000.\0001\000.\0001\0001\000\040\000I\000l\000l\000u\000m\000i\000n\000a\000\040\000E\000r\000r\000o\000r\000\040\000P\000r\000o\000f\000i\000l\000e}{section.4.1}% 139
\BOOKMARK [1][-]{section.4.2}{\376\377\0004\000.\0002\000\040\000M\000G\000I\000\040\000/\000\040\000B\000G\000I\000\040\000D\000N\000B\000S\000E\000Q}{chapter.4}% 140
\BOOKMARK [2][-]{subsection.4.2.1}{\376\377\0004\000.\0002\000.\0001\000\040\000D\000N\000A\000\040\000N\000a\000n\000o\000b\000a\000l\000l\000\040\000\050\000D\000N\000B\000\051\000\040\000T\000e\000c\000h\000n\000o\000l\000o\000g\000y}{section.4.2}% 141
\BOOKMARK [2][-]{subsection.4.2.2}{\376\377\0004\000.\0002\000.\0002\000\040\000C\000o\000m\000b\000i\000n\000a\000t\000o\000r\000i\000a\000l\000\040\000P\000r\000o\000b\000e\000-\000A\000n\000c\000h\000o\000r\000\040\000S\000y\000n\000t\000h\000e\000s\000i\000s\000\040\000\050\000c\000P\000A\000S\000\051}{section.4.2}% 142
\BOOKMARK [2][-]{subsection.4.2.3}{\376\377\0004\000.\0002\000.\0003\000\040\000D\000N\000B\000S\000E\000Q\000\040\000P\000l\000a\000t\000f\000o\000r\000m\000s}{section.4.2}% 143
\BOOKMARK [1][-]{section.4.3}{\376\377\0004\000.\0003\000\040\000E\000l\000e\000m\000e\000n\000t\000\040\000B\000i\000o\000s\000c\000i\000e\000n\000c\000e\000s\000\040\000A\000V\000I\000T\000I}{chapter.4}% 144
\BOOKMARK [2][-]{subsection.4.3.1}{\376\377\0004\000.\0003\000.\0001\000\040\000A\000v\000i\000d\000i\000t\000y\000\040\000S\000e\000q\000u\000e\000n\000c\000i\000n\000g\000\040\000C\000h\000e\000m\000i\000s\000t\000r\000y}{section.4.3}% 145
\BOOKMARK [2][-]{subsection.4.3.2}{\376\377\0004\000.\0003\000.\0002\000\040\000A\000V\000I\000T\000I\000\040\000S\000p\000e\000c\000i\000f\000i\000c\000a\000t\000i\000o\000n\000s}{section.4.3}% 146
\BOOKMARK [1][-]{section.4.4}{\376\377\0004\000.\0004\000\040\000U\000l\000t\000i\000m\000a\000\040\000G\000e\000n\000o\000m\000i\000c\000s}{chapter.4}% 147
\BOOKMARK [2][-]{subsection.4.4.1}{\376\377\0004\000.\0004\000.\0001\000\040\000U\000G\000\040\0001\0000\0000\000\040\000P\000l\000a\000t\000f\000o\000r\000m}{section.4.4}% 148
\BOOKMARK [2][-]{subsection.4.4.2}{\376\377\0004\000.\0004\000.\0002\000\040\000S\000p\000e\000c\000i\000f\000i\000c\000a\000t\000i\000o\000n\000s\000\040\000a\000n\000d\000\040\000C\000o\000n\000s\000i\000d\000e\000r\000a\000t\000i\000o\000n\000s}{section.4.4}% 149
\BOOKMARK [1][-]{section.4.5}{\376\377\0004\000.\0005\000\040\000S\000i\000n\000g\000u\000l\000a\000r\000\040\000G\000e\000n\000o\000m\000i\000c\000s\000\040\000G\0004}{chapter.4}% 150
\BOOKMARK [2][-]{subsection.4.5.1}{\376\377\0004\000.\0005\000.\0001\000\040\000C\000h\000e\000m\000i\000s\000t\000r\000y\000\040\000a\000n\000d\000\040\000S\000p\000e\000c\000i\000f\000i\000c\000a\000t\000i\000o\000n\000s}{section.4.5}% 151
\BOOKMARK [1][-]{section.4.6}{\376\377\0004\000.\0006\000\040\000C\000o\000m\000p\000r\000e\000h\000e\000n\000s\000i\000v\000e\000\040\000P\000l\000a\000t\000f\000o\000r\000m\000\040\000C\000o\000m\000p\000a\000r\000i\000s\000o\000n}{chapter.4}% 152
\BOOKMARK [1][-]{section.4.7}{\376\377\0004\000.\0007\000\040\000H\000o\000w\000\040\000t\000o\000\040\000C\000h\000o\000o\000s\000e\000\040\000a\000\040\000S\000h\000o\000r\000t\000-\000R\000e\000a\000d\000\040\000P\000l\000a\000t\000f\000o\000r\000m}{chapter.4}% 153
\BOOKMARK [2][-]{subsection.4.7.1}{\376\377\0004\000.\0007\000.\0001\000\040\000T\000h\000r\000o\000u\000g\000h\000p\000u\000t\000\040\000R\000e\000q\000u\000i\000r\000e\000m\000e\000n\000t\000s}{section.4.7}% 154
\BOOKMARK [2][-]{subsection.4.7.2}{\376\377\0004\000.\0007\000.\0002\000\040\000R\000e\000a\000d\000\040\000L\000e\000n\000g\000t\000h\000\040\000R\000e\000q\000u\000i\000r\000e\000m\000e\000n\000t\000s}{section.4.7}% 155
\BOOKMARK [2][-]{subsection.4.7.3}{\376\377\0004\000.\0007\000.\0003\000\040\000B\000u\000d\000g\000e\000t\000\040\000a\000n\000d\000\040\000C\000a\000p\000i\000t\000a\000l\000\040\000E\000x\000p\000e\000n\000d\000i\000t\000u\000r\000e}{section.4.7}% 156
\BOOKMARK [2][-]{subsection.4.7.4}{\376\377\0004\000.\0007\000.\0004\000\040\000D\000a\000t\000a\000\040\000E\000c\000o\000s\000y\000s\000t\000e\000m\000\040\000a\000n\000d\000\040\000C\000o\000m\000p\000a\000t\000i\000b\000i\000l\000i\000t\000y}{section.4.7}% 157
\BOOKMARK [2][-]{subsection.4.7.5}{\376\377\0004\000.\0007\000.\0005\000\040\000P\000r\000a\000c\000t\000i\000c\000a\000l\000\040\000C\000o\000n\000s\000i\000d\000e\000r\000a\000t\000i\000o\000n\000s}{section.4.7}% 158
\BOOKMARK [1][-]{section.4.8}{\376\377\0004\000.\0008\000\040\000P\000e\000r\000f\000o\000r\000m\000a\000n\000c\000e\000\040\000M\000e\000t\000r\000i\000c\000s\000\040\000a\000n\000d\000\040\000Q\000u\000a\000l\000i\000t\000y\000\040\000C\000o\000n\000s\000i\000d\000e\000r\000a\000t\000i\000o\000n\000s}{chapter.4}% 159
\BOOKMARK [1][-]{section.4.9}{\376\377\0004\000.\0009\000\040\000T\000h\000e\000\040\000F\000u\000t\000u\000r\000e\000\040\000o\000f\000\040\000S\000h\000o\000r\000t\000-\000R\000e\000a\000d\000\040\000S\000e\000q\000u\000e\000n\000c\000i\000n\000g}{chapter.4}% 160
\BOOKMARK [1][-]{section.4.10}{\376\377\0004\000.\0001\0000\000\040\000S\000u\000m\000m\000a\000r\000y}{chapter.4}% 161
\BOOKMARK [0][-]{chapter.5}{\376\377\0005\000\040\000L\000o\000n\000g\000-\000R\000e\000a\000d\000\040\000S\000e\000q\000u\000e\000n\000c\000i\000n\000g\000\040\000P\000l\000a\000t\000f\000o\000r\000m\000s}{part.2}% 162
\BOOKMARK [1][-]{section.5.1}{\376\377\0005\000.\0001\000\040\000W\000h\000y\000\040\000L\000o\000n\000g\000\040\000R\000e\000a\000d\000s\000\040\000M\000a\000t\000t\000e\000r}{chapter.5}% 163
\BOOKMARK [1][-]{section.5.2}{\376\377\0005\000.\0002\000\040\000P\000a\000c\000i\000f\000i\000c\000\040\000B\000i\000o\000s\000c\000i\000e\000n\000c\000e\000s\000\040\000\050\000P\000a\000c\000B\000i\000o\000\051}{chapter.5}% 164
\BOOKMARK [2][-]{subsection.5.2.1}{\376\377\0005\000.\0002\000.\0001\000\040\000H\000i\000s\000t\000o\000r\000i\000c\000a\000l\000\040\000C\000o\000n\000t\000e\000x\000t}{section.5.2}% 165
\BOOKMARK [2][-]{subsection.5.2.2}{\376\377\0005\000.\0002\000.\0002\000\040\000S\000M\000R\000T\000\040\000S\000e\000q\000u\000e\000n\000c\000i\000n\000g\000\040\000P\000r\000i\000n\000c\000i\000p\000l\000e}{section.5.2}% 166
\BOOKMARK [2][-]{subsection.5.2.3}{\376\377\0005\000.\0002\000.\0003\000\040\000C\000o\000n\000t\000i\000n\000u\000o\000u\000s\000\040\000L\000o\000n\000g\000\040\000R\000e\000a\000d\000s\000\040\000\050\000C\000L\000R\000\051\000\040\000v\000s\000\040\000H\000i\000F\000i\000\040\000R\000e\000a\000d\000s\000\040\000\050\000C\000C\000S\000\051}{section.5.2}% 167
\BOOKMARK [2][-]{subsection.5.2.4}{\376\377\0005\000.\0002\000.\0004\000\040\000P\000a\000c\000B\000i\000o\000\040\000P\000l\000a\000t\000f\000o\000r\000m\000s}{section.5.2}% 168
\BOOKMARK [2][-]{subsection.5.2.5}{\376\377\0005\000.\0002\000.\0005\000\040\000K\000i\000n\000e\000t\000i\000c\000\040\000I\000n\000f\000o\000r\000m\000a\000t\000i\000o\000n\000\040\000a\000n\000d\000\040\000B\000a\000s\000e\000\040\000M\000o\000d\000i\000f\000i\000c\000a\000t\000i\000o\000n\000\040\000D\000e\000t\000e\000c\000t\000i\000o\000n}{section.5.2}% 169
\BOOKMARK [1][-]{section.5.3}{\376\377\0005\000.\0003\000\040\000O\000x\000f\000o\000r\000d\000\040\000N\000a\000n\000o\000p\000o\000r\000e\000\040\000T\000e\000c\000h\000n\000o\000l\000o\000g\000i\000e\000s\000\040\000\050\000O\000N\000T\000\051}{chapter.5}% 170
\BOOKMARK [2][-]{subsection.5.3.1}{\376\377\0005\000.\0003\000.\0001\000\040\000H\000i\000s\000t\000o\000r\000i\000c\000a\000l\000\040\000C\000o\000n\000t\000e\000x\000t}{section.5.3}% 171
\BOOKMARK [2][-]{subsection.5.3.2}{\376\377\0005\000.\0003\000.\0002\000\040\000N\000a\000n\000o\000p\000o\000r\000e\000\040\000S\000e\000q\000u\000e\000n\000c\000i\000n\000g\000\040\000P\000r\000i\000n\000c\000i\000p\000l\000e}{section.5.3}% 172
\BOOKMARK [2][-]{subsection.5.3.3}{\376\377\0005\000.\0003\000.\0003\000\040\000L\000i\000b\000r\000a\000r\000y\000\040\000P\000r\000e\000p\000a\000r\000a\000t\000i\000o\000n}{section.5.3}% 173
\BOOKMARK [2][-]{subsection.5.3.4}{\376\377\0005\000.\0003\000.\0004\000\040\000B\000a\000s\000e\000c\000a\000l\000l\000i\000n\000g\000:\000\040\000F\000r\000o\000m\000\040\000S\000i\000g\000n\000a\000l\000\040\000t\000o\000\040\000S\000e\000q\000u\000e\000n\000c\000e}{section.5.3}% 174
\BOOKMARK [2][-]{subsection.5.3.5}{\376\377\0005\000.\0003\000.\0005\000\040\000P\000o\000r\000e\000\040\000C\000h\000e\000m\000i\000s\000t\000r\000y\000\040\000E\000v\000o\000l\000u\000t\000i\000o\000n\000:\000\040\000R\0009\000\040\000t\000o\000\040\000R\0001\0000\000\040\000a\000n\000d\000\040\000D\000u\000p\000l\000e\000x}{section.5.3}% 175
\BOOKMARK [2][-]{subsection.5.3.6}{\376\377\0005\000.\0003\000.\0006\000\040\000O\000N\000T\000\040\000P\000l\000a\000t\000f\000o\000r\000m\000\040\000H\000i\000e\000r\000a\000r\000c\000h\000y}{section.5.3}% 176
\BOOKMARK [2][-]{subsection.5.3.7}{\376\377\0005\000.\0003\000.\0007\000\040\000U\000l\000t\000r\000a\000-\000L\000o\000n\000g\000\040\000R\000e\000a\000d\000s}{section.5.3}% 177
\BOOKMARK [2][-]{subsection.5.3.8}{\376\377\0005\000.\0003\000.\0008\000\040\000D\000i\000r\000e\000c\000t\000\040\000R\000N\000A\000\040\000S\000e\000q\000u\000e\000n\000c\000i\000n\000g}{section.5.3}% 178
\BOOKMARK [2][-]{subsection.5.3.9}{\376\377\0005\000.\0003\000.\0009\000\040\000A\000d\000a\000p\000t\000i\000v\000e\000\040\000S\000a\000m\000p\000l\000i\000n\000g\000\040\000\050\000R\000e\000a\000d\000\040\000U\000n\000t\000i\000l\000\051}{section.5.3}% 179
\BOOKMARK [2][-]{subsection.5.3.10}{\376\377\0005\000.\0003\000.\0001\0000\000\040\000B\000a\000s\000e\000\040\000M\000o\000d\000i\000f\000i\000c\000a\000t\000i\000o\000n\000\040\000D\000e\000t\000e\000c\000t\000i\000o\000n}{section.5.3}% 180
\BOOKMARK [1][-]{section.5.4}{\376\377\0005\000.\0004\000\040\000P\000a\000c\000B\000i\000o\000\040\000H\000i\000F\000i\000\040\000v\000s\000\040\000O\000x\000f\000o\000r\000d\000\040\000N\000a\000n\000o\000p\000o\000r\000e\000:\000\040\000A\000\040\000D\000e\000t\000a\000i\000l\000e\000d\000\040\000C\000o\000m\000p\000a\000r\000i\000s\000o\000n}{chapter.5}% 181
\BOOKMARK [2][-]{subsection.5.4.1}{\376\377\0005\000.\0004\000.\0001\000\040\000W\000h\000e\000n\000\040\000t\000o\000\040\000C\000h\000o\000o\000s\000e\000\040\000P\000a\000c\000B\000i\000o\000\040\000H\000i\000F\000i}{section.5.4}% 182
\BOOKMARK [2][-]{subsection.5.4.2}{\376\377\0005\000.\0004\000.\0002\000\040\000W\000h\000e\000n\000\040\000t\000o\000\040\000C\000h\000o\000o\000s\000e\000\040\000O\000N\000T}{section.5.4}% 183
\BOOKMARK [1][-]{section.5.5}{\376\377\0005\000.\0005\000\040\000H\000y\000b\000r\000i\000d\000\040\000S\000e\000q\000u\000e\000n\000c\000i\000n\000g\000\040\000A\000p\000p\000r\000o\000a\000c\000h\000e\000s}{chapter.5}% 184
\BOOKMARK [1][-]{section.5.6}{\376\377\0005\000.\0006\000\040\000E\000m\000e\000r\000g\000i\000n\000g\000\040\000L\000o\000n\000g\000-\000R\000e\000a\000d\000\040\000D\000e\000v\000e\000l\000o\000p\000m\000e\000n\000t\000s}{chapter.5}% 185
\BOOKMARK [1][-]{section.5.7}{\376\377\0005\000.\0007\000\040\000S\000u\000m\000m\000a\000r\000y}{chapter.5}% 186
\BOOKMARK [0][-]{chapter.6}{\376\377\0006\000\040\000L\000i\000b\000r\000a\000r\000y\000\040\000P\000r\000e\000p\000a\000r\000a\000t\000i\000o\000n\000:\000\040\000F\000r\000o\000m\000\040\000S\000a\000m\000p\000l\000e\000\040\000t\000o\000\040\000S\000e\000q\000u\000e\000n\000c\000e\000r}{part.2}% 187
\BOOKMARK [1][-]{section.6.1}{\376\377\0006\000.\0001\000\040\000W\000h\000a\000t\000\040\000I\000s\000\040\000a\000\040\000S\000e\000q\000u\000e\000n\000c\000i\000n\000g\000\040\000L\000i\000b\000r\000a\000r\000y\000?}{chapter.6}% 188
\BOOKMARK [1][-]{section.6.2}{\376\377\0006\000.\0002\000\040\000N\000u\000c\000l\000e\000i\000c\000\040\000A\000c\000i\000d\000\040\000E\000x\000t\000r\000a\000c\000t\000i\000o\000n}{chapter.6}% 189
\BOOKMARK [2][-]{subsection.6.2.1}{\376\377\0006\000.\0002\000.\0001\000\040\000D\000N\000A\000\040\000E\000x\000t\000r\000a\000c\000t\000i\000o\000n\000\040\000M\000e\000t\000h\000o\000d\000s}{section.6.2}% 190
\BOOKMARK [2][-]{subsection.6.2.2}{\376\377\0006\000.\0002\000.\0002\000\040\000R\000N\000A\000\040\000E\000x\000t\000r\000a\000c\000t\000i\000o\000n\000\040\000M\000e\000t\000h\000o\000d\000s}{section.6.2}% 191
\BOOKMARK [1][-]{section.6.3}{\376\377\0006\000.\0003\000\040\000F\000r\000a\000g\000m\000e\000n\000t\000a\000t\000i\000o\000n}{chapter.6}% 192
\BOOKMARK [2][-]{subsection.6.3.1}{\376\377\0006\000.\0003\000.\0001\000\040\000M\000e\000c\000h\000a\000n\000i\000c\000a\000l\000\040\000F\000r\000a\000g\000m\000e\000n\000t\000a\000t\000i\000o\000n}{section.6.3}% 193
\BOOKMARK [2][-]{subsection.6.3.2}{\376\377\0006\000.\0003\000.\0002\000\040\000E\000n\000z\000y\000m\000a\000t\000i\000c\000\040\000F\000r\000a\000g\000m\000e\000n\000t\000a\000t\000i\000o\000n}{section.6.3}% 194
\BOOKMARK [2][-]{subsection.6.3.3}{\376\377\0006\000.\0003\000.\0003\000\040\000C\000h\000e\000m\000i\000c\000a\000l\000\040\000F\000r\000a\000g\000m\000e\000n\000t\000a\000t\000i\000o\000n}{section.6.3}% 195
\BOOKMARK [1][-]{section.6.4}{\376\377\0006\000.\0004\000\040\000E\000n\000d\000\040\000R\000e\000p\000a\000i\000r\000\040\000a\000n\000d\000\040\000A\000-\000T\000a\000i\000l\000i\000n\000g}{chapter.6}% 196
\BOOKMARK [1][-]{section.6.5}{\376\377\0006\000.\0005\000\040\000A\000d\000a\000p\000t\000e\000r\000\040\000L\000i\000g\000a\000t\000i\000o\000n}{chapter.6}% 197
\BOOKMARK [2][-]{subsection.6.5.1}{\376\377\0006\000.\0005\000.\0001\000\040\000I\000l\000l\000u\000m\000i\000n\000a\000\040\000Y\000-\000A\000d\000a\000p\000t\000e\000r\000s}{section.6.5}% 198
\BOOKMARK [2][-]{subsection.6.5.2}{\376\377\0006\000.\0005\000.\0002\000\040\000P\000a\000c\000B\000i\000o\000\040\000S\000M\000R\000T\000b\000e\000l\000l\000\040\000A\000d\000a\000p\000t\000e\000r\000s}{section.6.5}% 199
\BOOKMARK [2][-]{subsection.6.5.3}{\376\377\0006\000.\0005\000.\0003\000\040\000O\000N\000T\000\040\000A\000d\000a\000p\000t\000e\000r\000s}{section.6.5}% 200
\BOOKMARK [1][-]{section.6.6}{\376\377\0006\000.\0006\000\040\000S\000i\000z\000e\000\040\000S\000e\000l\000e\000c\000t\000i\000o\000n}{chapter.6}% 201
\BOOKMARK [2][-]{subsection.6.6.1}{\376\377\0006\000.\0006\000.\0001\000\040\000S\000P\000R\000I\000\040\000B\000e\000a\000d\000-\000B\000a\000s\000e\000d\000\040\000S\000i\000z\000e\000\040\000S\000e\000l\000e\000c\000t\000i\000o\000n\000\040\000\050\000A\000M\000P\000u\000r\000e\000\040\000X\000P\000\051}{section.6.6}% 202
\BOOKMARK [2][-]{subsection.6.6.2}{\376\377\0006\000.\0006\000.\0002\000\040\000G\000e\000l\000-\000B\000a\000s\000e\000d\000\040\000S\000i\000z\000e\000\040\000S\000e\000l\000e\000c\000t\000i\000o\000n}{section.6.6}% 203
\BOOKMARK [2][-]{subsection.6.6.3}{\376\377\0006\000.\0006\000.\0003\000\040\000T\000h\000e\000\040\000P\000h\000y\000s\000i\000c\000s\000\040\000o\000f\000\040\000S\000P\000R\000I\000\040\000B\000e\000a\000d\000\040\000S\000i\000z\000e\000\040\000S\000e\000l\000e\000c\000t\000i\000o\000n}{section.6.6}% 204
\BOOKMARK [2][-]{subsection.6.6.4}{\376\377\0006\000.\0006\000.\0004\000\040\000A\000d\000a\000p\000t\000e\000r\000\040\000D\000e\000s\000i\000g\000n\000:\000\040\000T\000h\000e\000r\000m\000o\000d\000y\000n\000a\000m\000i\000c\000\040\000C\000o\000n\000s\000i\000d\000e\000r\000a\000t\000i\000o\000n\000s}{section.6.6}% 205
\BOOKMARK [2][-]{subsection.6.6.5}{\376\377\0006\000.\0006\000.\0005\000\040\000L\000o\000w\000-\000I\000n\000p\000u\000t\000\040\000a\000n\000d\000\040\000F\000F\000P\000E\000\040\000P\000r\000o\000t\000o\000c\000o\000l\000s}{section.6.6}% 206
\BOOKMARK [1][-]{section.6.7}{\376\377\0006\000.\0007\000\040\000P\000C\000R\000\040\000A\000m\000p\000l\000i\000f\000i\000c\000a\000t\000i\000o\000n}{chapter.6}% 207
\BOOKMARK [2][-]{subsection.6.7.1}{\376\377\0006\000.\0007\000.\0001\000\040\000W\000h\000y\000\040\000P\000C\000R\000?}{section.6.7}% 208
\BOOKMARK [2][-]{subsection.6.7.2}{\376\377\0006\000.\0007\000.\0002\000\040\000H\000o\000w\000\040\000M\000a\000n\000y\000\040\000C\000y\000c\000l\000e\000s\000?}{section.6.7}% 209
\BOOKMARK [2][-]{subsection.6.7.3}{\376\377\0006\000.\0007\000.\0003\000\040\000P\000C\000R\000-\000F\000r\000e\000e\000\040\000P\000r\000o\000t\000o\000c\000o\000l\000s}{section.6.7}% 210
\BOOKMARK [1][-]{section.6.8}{\376\377\0006\000.\0008\000\040\000U\000n\000i\000q\000u\000e\000\040\000M\000o\000l\000e\000c\000u\000l\000a\000r\000\040\000I\000d\000e\000n\000t\000i\000f\000i\000e\000r\000s\000\040\000\050\000U\000M\000I\000s\000\051}{chapter.6}% 211
\BOOKMARK [2][-]{subsection.6.8.1}{\376\377\0006\000.\0008\000.\0001\000\040\000H\000o\000w\000\040\000U\000M\000I\000s\000\040\000W\000o\000r\000k}{section.6.8}% 212
\BOOKMARK [2][-]{subsection.6.8.2}{\376\377\0006\000.\0008\000.\0002\000\040\000A\000p\000p\000l\000i\000c\000a\000t\000i\000o\000n\000s}{section.6.8}% 213
\BOOKMARK [1][-]{section.6.9}{\376\377\0006\000.\0009\000\040\000I\000n\000d\000e\000x\000i\000n\000g\000\040\000a\000n\000d\000\040\000M\000u\000l\000t\000i\000p\000l\000e\000x\000i\000n\000g}{chapter.6}% 214
\BOOKMARK [2][-]{subsection.6.9.1}{\376\377\0006\000.\0009\000.\0001\000\040\000S\000i\000n\000g\000l\000e\000\040\000I\000n\000d\000e\000x\000i\000n\000g\000\040\000v\000s\000\040\000D\000u\000a\000l\000\040\000I\000n\000d\000e\000x\000i\000n\000g}{section.6.9}% 215
\BOOKMARK [2][-]{subsection.6.9.2}{\376\377\0006\000.\0009\000.\0002\000\040\000I\000n\000d\000e\000x\000\040\000H\000o\000p\000p\000i\000n\000g}{section.6.9}% 216
\BOOKMARK [2][-]{subsection.6.9.3}{\376\377\0006\000.\0009\000.\0003\000\040\000I\000n\000d\000e\000x\000\040\000D\000e\000s\000i\000g\000n\000\040\000C\000o\000n\000s\000i\000d\000e\000r\000a\000t\000i\000o\000n\000s}{section.6.9}% 217
\BOOKMARK [1][-]{section.6.10}{\376\377\0006\000.\0001\0000\000\040\000L\000i\000b\000r\000a\000r\000y\000\040\000Q\000u\000a\000l\000i\000t\000y\000\040\000C\000o\000n\000t\000r\000o\000l}{chapter.6}% 218
\BOOKMARK [2][-]{subsection.6.10.1}{\376\377\0006\000.\0001\0000\000.\0001\000\040\000Q\000u\000a\000n\000t\000i\000f\000i\000c\000a\000t\000i\000o\000n\000:\000\040\000Q\000u\000b\000i\000t\000\040\000F\000l\000u\000o\000r\000o\000m\000e\000t\000e\000r}{section.6.10}% 219
\BOOKMARK [2][-]{subsection.6.10.2}{\376\377\0006\000.\0001\0000\000.\0002\000\040\000F\000r\000a\000g\000m\000e\000n\000t\000\040\000S\000i\000z\000e\000\040\000D\000i\000s\000t\000r\000i\000b\000u\000t\000i\000o\000n\000:\000\040\000B\000i\000o\000a\000n\000a\000l\000y\000z\000e\000r\000\040\000/\000\040\000T\000a\000p\000e\000S\000t\000a\000t\000i\000o\000n}{section.6.10}% 220
\BOOKMARK [2][-]{subsection.6.10.3}{\376\377\0006\000.\0001\0000\000.\0003\000\040\000F\000u\000n\000c\000t\000i\000o\000n\000a\000l\000\040\000Q\000u\000a\000n\000t\000i\000f\000i\000c\000a\000t\000i\000o\000n\000:\000\040\000q\000P\000C\000R\000\040\000/\000\040\000d\000P\000C\000R}{section.6.10}% 221
\BOOKMARK [1][-]{section.6.11}{\376\377\0006\000.\0001\0001\000\040\000S\000p\000e\000c\000i\000f\000i\000c\000\040\000L\000i\000b\000r\000a\000r\000y\000\040\000P\000r\000e\000p\000a\000r\000a\000t\000i\000o\000n\000\040\000P\000r\000o\000t\000o\000c\000o\000l\000s}{chapter.6}% 222
\BOOKMARK [2][-]{subsection.6.11.1}{\376\377\0006\000.\0001\0001\000.\0001\000\040\000I\000l\000l\000u\000m\000i\000n\000a\000\040\000D\000N\000A\000\040\000P\000r\000e\000p\000\040\000\050\000T\000a\000g\000m\000e\000n\000t\000a\000t\000i\000o\000n\000-\000B\000a\000s\000e\000d\000\051}{section.6.11}% 223
\BOOKMARK [2][-]{subsection.6.11.2}{\376\377\0006\000.\0001\0001\000.\0002\000\040\000I\000l\000l\000u\000m\000i\000n\000a\000\040\000S\000t\000r\000a\000n\000d\000e\000d\000\040\000m\000R\000N\000A\000\040\000P\000r\000e\000p}{section.6.11}% 224
\BOOKMARK [2][-]{subsection.6.11.3}{\376\377\0006\000.\0001\0001\000.\0003\000\040\000N\000E\000B\000N\000e\000x\000t\000\040\000U\000l\000t\000r\000a\000\040\000I\000I\000\040\000K\000i\000t\000s}{section.6.11}% 225
\BOOKMARK [2][-]{subsection.6.11.4}{\376\377\0006\000.\0001\0001\000.\0004\000\040\000K\000A\000P\000A\000\040\000H\000y\000p\000e\000r\000P\000r\000e\000p\000\040\000a\000n\000d\000\040\000H\000y\000p\000e\000r\000P\000l\000u\000s}{section.6.11}% 226
\BOOKMARK [2][-]{subsection.6.11.5}{\376\377\0006\000.\0001\0001\000.\0005\000\040\0001\0000\000x\000\040\000G\000e\000n\000o\000m\000i\000c\000s\000\040\000C\000h\000r\000o\000m\000i\000u\000m\000\040\000\050\000S\000i\000n\000g\000l\000e\000-\000C\000e\000l\000l\000\051}{section.6.11}% 227
\BOOKMARK [2][-]{subsection.6.11.6}{\376\377\0006\000.\0001\0001\000.\0006\000\040\000P\000a\000c\000B\000i\000o\000\040\000S\000M\000R\000T\000b\000e\000l\000l\000\040\000L\000i\000b\000r\000a\000r\000y\000\040\000P\000r\000e\000p\000a\000r\000a\000t\000i\000o\000n}{section.6.11}% 228
\BOOKMARK [2][-]{subsection.6.11.7}{\376\377\0006\000.\0001\0001\000.\0007\000\040\000O\000N\000T\000\040\000L\000i\000g\000a\000t\000i\000o\000n\000\040\000S\000e\000q\000u\000e\000n\000c\000i\000n\000g\000\040\000K\000i\000t\000\040\000\050\000S\000Q\000K\000-\000L\000S\000K\0001\0001\0004\000\051}{section.6.11}% 229
\BOOKMARK [2][-]{subsection.6.11.8}{\376\377\0006\000.\0001\0001\000.\0008\000\040\000O\000N\000T\000\040\000R\000a\000p\000i\000d\000\040\000S\000e\000q\000u\000e\000n\000c\000i\000n\000g\000\040\000K\000i\000t\000\040\000\050\000S\000Q\000K\000-\000R\000A\000D\0001\0001\0004\000\040\000/\000\040\000S\000Q\000K\000-\000R\000B\000K\0001\0001\0004\000\051}{section.6.11}% 230
\BOOKMARK [1][-]{section.6.12}{\376\377\0006\000.\0001\0002\000\040\000T\000a\000r\000g\000e\000t\000\040\000E\000n\000r\000i\000c\000h\000m\000e\000n\000t}{chapter.6}% 231
\BOOKMARK [2][-]{subsection.6.12.1}{\376\377\0006\000.\0001\0002\000.\0001\000\040\000H\000y\000b\000r\000i\000d\000i\000s\000a\000t\000i\000o\000n\000\040\000C\000a\000p\000t\000u\000r\000e\000\040\000\050\000P\000u\000l\000l\000-\000D\000o\000w\000n\000\051}{section.6.12}% 232
\BOOKMARK [2][-]{subsection.6.12.2}{\376\377\0006\000.\0001\0002\000.\0002\000\040\000A\000m\000p\000l\000i\000c\000o\000n\000-\000B\000a\000s\000e\000d\000\040\000E\000n\000r\000i\000c\000h\000m\000e\000n\000t}{section.6.12}% 233
\BOOKMARK [1][-]{section.6.13}{\376\377\0006\000.\0001\0003\000\040\000C\000o\000m\000m\000o\000n\000\040\000F\000a\000i\000l\000u\000r\000e\000\040\000M\000o\000d\000e\000s\000\040\000a\000n\000d\000\040\000T\000r\000o\000u\000b\000l\000e\000s\000h\000o\000o\000t\000i\000n\000g}{chapter.6}% 234
\BOOKMARK [1][-]{section.6.14}{\376\377\0006\000.\0001\0004\000\040\000D\000e\000c\000i\000s\000i\000o\000n\000\040\000F\000r\000a\000m\000e\000w\000o\000r\000k\000:\000\040\000C\000h\000o\000o\000s\000i\000n\000g\000\040\000a\000\040\000L\000i\000b\000r\000a\000r\000y\000\040\000P\000r\000e\000p\000\040\000M\000e\000t\000h\000o\000d}{chapter.6}% 235
\BOOKMARK [1][-]{section.6.15}{\376\377\0006\000.\0001\0005\000\040\000A\000u\000t\000o\000m\000a\000t\000i\000o\000n\000\040\000a\000n\000d\000\040\000H\000i\000g\000h\000-\000T\000h\000r\000o\000u\000g\000h\000p\000u\000t\000\040\000L\000i\000b\000r\000a\000r\000y\000\040\000P\000r\000e\000p\000a\000r\000a\000t\000i\000o\000n}{chapter.6}% 236
\BOOKMARK [1][-]{section.6.16}{\376\377\0006\000.\0001\0006\000\040\000C\000o\000s\000t\000\040\000C\000o\000n\000s\000i\000d\000e\000r\000a\000t\000i\000o\000n\000s}{chapter.6}% 237
\BOOKMARK [1][-]{section.6.17}{\376\377\0006\000.\0001\0007\000\040\000S\000u\000m\000m\000a\000r\000y}{chapter.6}% 238
\BOOKMARK [-1][-]{part.3}{\376\377\000I\000I\000I\000\040\000G\000e\000n\000o\000m\000i\000c\000s\000:\000\040\000R\000e\000a\000d\000i\000n\000g\000\040\000t\000h\000e\000\040\000B\000l\000u\000e\000p\000r\000i\000n\000t}{}% 239
\BOOKMARK [0][-]{chapter.7}{\376\377\0007\000\040\000W\000h\000o\000l\000e\000-\000G\000e\000n\000o\000m\000e\000\040\000a\000n\000d\000\040\000E\000x\000o\000m\000e\000\040\000S\000e\000q\000u\000e\000n\000c\000i\000n\000g}{part.3}% 240
\BOOKMARK [1][-]{section.7.1}{\376\377\0007\000.\0001\000\040\000W\000h\000o\000l\000e\000-\000G\000e\000n\000o\000m\000e\000\040\000S\000e\000q\000u\000e\000n\000c\000i\000n\000g\000\040\000\050\000W\000G\000S\000\051}{chapter.7}% 241
\BOOKMARK [2][-]{subsection.7.1.1}{\376\377\0007\000.\0001\000.\0001\000\040\000W\000h\000a\000t\000\040\000W\000G\000S\000\040\000C\000a\000p\000t\000u\000r\000e\000s}{section.7.1}% 242
\BOOKMARK [2][-]{subsection.7.1.2}{\376\377\0007\000.\0001\000.\0002\000\040\000W\000h\000e\000n\000\040\000t\000o\000\040\000U\000s\000e\000\040\000W\000G\000S\000\040\000v\000s\000.\000\040\000T\000a\000r\000g\000e\000t\000e\000d\000\040\000A\000p\000p\000r\000o\000a\000c\000h\000e\000s}{section.7.1}% 243
\BOOKMARK [2][-]{subsection.7.1.3}{\376\377\0007\000.\0001\000.\0003\000\040\000S\000e\000q\000u\000e\000n\000c\000i\000n\000g\000\040\000D\000e\000p\000t\000h\000\040\000R\000e\000q\000u\000i\000r\000e\000m\000e\000n\000t\000s}{section.7.1}% 244
\BOOKMARK [2][-]{subsection.7.1.4}{\376\377\0007\000.\0001\000.\0004\000\040\000S\000h\000o\000r\000t\000-\000R\000e\000a\000d\000\040\000W\000G\000S\000\040\000W\000o\000r\000k\000f\000l\000o\000w}{section.7.1}% 245
\BOOKMARK [2][-]{subsection.7.1.5}{\376\377\0007\000.\0001\000.\0005\000\040\000L\000o\000n\000g\000-\000R\000e\000a\000d\000\040\000W\000G\000S}{section.7.1}% 246
\BOOKMARK [2][-]{subsection.7.1.6}{\376\377\0007\000.\0001\000.\0006\000\040\000D\000e\000\040\000N\000o\000v\000o\000\040\000G\000e\000n\000o\000m\000e\000\040\000A\000s\000s\000e\000m\000b\000l\000y}{section.7.1}% 247
\BOOKMARK [2][-]{subsection.7.1.7}{\376\377\0007\000.\0001\000.\0007\000\040\000T\000e\000l\000o\000m\000e\000r\000e\000-\000t\000o\000-\000T\000e\000l\000o\000m\000e\000r\000e\000\040\000\050\000T\0002\000T\000\051\000\040\000A\000s\000s\000e\000m\000b\000l\000i\000e\000s}{section.7.1}% 248
\BOOKMARK [2][-]{subsection.7.1.8}{\376\377\0007\000.\0001\000.\0008\000\040\000C\000l\000i\000n\000i\000c\000a\000l\000\040\000W\000G\000S}{section.7.1}% 249
\BOOKMARK [1][-]{section.7.2}{\376\377\0007\000.\0002\000\040\000W\000h\000o\000l\000e\000-\000E\000x\000o\000m\000e\000\040\000S\000e\000q\000u\000e\000n\000c\000i\000n\000g\000\040\000\050\000W\000E\000S\000\051}{chapter.7}% 250
\BOOKMARK [2][-]{subsection.7.2.1}{\376\377\0007\000.\0002\000.\0001\000\040\000W\000h\000a\000t\000\040\000t\000h\000e\000\040\000E\000x\000o\000m\000e\000\040\000I\000s}{section.7.2}% 251
\BOOKMARK [2][-]{subsection.7.2.2}{\376\377\0007\000.\0002\000.\0002\000\040\000H\000y\000b\000r\000i\000d\000i\000s\000a\000t\000i\000o\000n\000\040\000C\000a\000p\000t\000u\000r\000e\000\040\000W\000o\000r\000k\000f\000l\000o\000w}{section.7.2}% 252
\BOOKMARK [2][-]{subsection.7.2.3}{\376\377\0007\000.\0002\000.\0003\000\040\000W\000h\000e\000n\000\040\000W\000E\000S\000\040\000I\000s\000\040\000P\000r\000e\000f\000e\000r\000r\000e\000d\000\040\000o\000v\000e\000r\000\040\000W\000G\000S}{section.7.2}% 253
\BOOKMARK [2][-]{subsection.7.2.4}{\376\377\0007\000.\0002\000.\0004\000\040\000L\000i\000m\000i\000t\000a\000t\000i\000o\000n\000s\000\040\000o\000f\000\040\000W\000E\000S}{section.7.2}% 254
\BOOKMARK [2][-]{subsection.7.2.5}{\376\377\0007\000.\0002\000.\0005\000\040\000C\000o\000m\000m\000o\000n\000\040\000C\000a\000p\000t\000u\000r\000e\000\040\000K\000i\000t\000s}{section.7.2}% 255
\BOOKMARK [1][-]{section.7.3}{\376\377\0007\000.\0003\000\040\000T\000a\000r\000g\000e\000t\000e\000d\000\040\000S\000e\000q\000u\000e\000n\000c\000i\000n\000g\000\040\000a\000n\000d\000\040\000G\000e\000n\000e\000\040\000P\000a\000n\000e\000l\000s}{chapter.7}% 256
\BOOKMARK [2][-]{subsection.7.3.1}{\376\377\0007\000.\0003\000.\0001\000\040\000P\000a\000n\000e\000l\000\040\000D\000e\000s\000i\000g\000n\000\040\000S\000t\000r\000a\000t\000e\000g\000i\000e\000s}{section.7.3}% 257
\BOOKMARK [2][-]{subsection.7.3.2}{\376\377\0007\000.\0003\000.\0002\000\040\000C\000l\000i\000n\000i\000c\000a\000l\000\040\000G\000e\000n\000e\000\040\000P\000a\000n\000e\000l\000s}{section.7.3}% 258
\BOOKMARK [2][-]{subsection.7.3.3}{\376\377\0007\000.\0003\000.\0003\000\040\000U\000l\000t\000r\000a\000-\000D\000e\000e\000p\000\040\000S\000e\000q\000u\000e\000n\000c\000i\000n\000g\000\040\000f\000o\000r\000\040\000L\000o\000w\000-\000F\000r\000e\000q\000u\000e\000n\000c\000y\000\040\000V\000a\000r\000i\000a\000n\000t\000s}{section.7.3}% 259
\BOOKMARK [1][-]{section.7.4}{\376\377\0007\000.\0004\000\040\000R\000e\000d\000u\000c\000e\000d\000\040\000R\000e\000p\000r\000e\000s\000e\000n\000t\000a\000t\000i\000o\000n\000\040\000G\000e\000n\000o\000t\000y\000p\000i\000n\000g\000:\000\040\000R\000A\000D\000s\000e\000q\000\040\000a\000n\000d\000\040\000G\000B\000S}{chapter.7}% 260
\BOOKMARK [2][-]{subsection.7.4.1}{\376\377\0007\000.\0004\000.\0001\000\040\000T\000h\000e\000\040\000C\000o\000r\000e\000\040\000P\000r\000i\000n\000c\000i\000p\000l\000e}{section.7.4}% 261
\BOOKMARK [2][-]{subsection.7.4.2}{\376\377\0007\000.\0004\000.\0002\000\040\000R\000A\000D\000s\000e\000q\000\040\000P\000r\000o\000t\000o\000c\000o\000l\000\040\000V\000a\000r\000i\000a\000n\000t\000s}{section.7.4}% 262
\BOOKMARK [2][-]{subsection.7.4.3}{\376\377\0007\000.\0004\000.\0003\000\040\000G\000e\000n\000o\000t\000y\000p\000i\000n\000g\000\040\000b\000y\000\040\000S\000e\000q\000u\000e\000n\000c\000i\000n\000g\000\040\000\050\000G\000B\000S\000\051}{section.7.4}% 263
\BOOKMARK [2][-]{subsection.7.4.4}{\376\377\0007\000.\0004\000.\0004\000\040\000A\000p\000p\000l\000i\000c\000a\000t\000i\000o\000n\000s}{section.7.4}% 264
\BOOKMARK [2][-]{subsection.7.4.5}{\376\377\0007\000.\0004\000.\0005\000\040\000B\000i\000o\000i\000n\000f\000o\000r\000m\000a\000t\000i\000c\000s\000\040\000P\000i\000p\000e\000l\000i\000n\000e}{section.7.4}% 265
\BOOKMARK [1][-]{section.7.5}{\376\377\0007\000.\0005\000\040\000C\000o\000m\000p\000a\000r\000i\000s\000o\000n\000\040\000o\000f\000\040\000A\000p\000p\000r\000o\000a\000c\000h\000e\000s}{chapter.7}% 266
\BOOKMARK [1][-]{section.7.6}{\376\377\0007\000.\0006\000\040\000V\000i\000s\000u\000a\000l\000\040\000C\000o\000m\000p\000a\000r\000i\000s\000o\000n\000:\000\040\000W\000G\000S\000\040\000v\000s\000.\000\040\000W\000E\000S\000\040\000v\000s\000.\000\040\000P\000a\000n\000e\000l}{chapter.7}% 267
\BOOKMARK [1][-]{section.7.7}{\376\377\0007\000.\0007\000\040\000P\000r\000a\000c\000t\000i\000c\000a\000l\000\040\000B\000i\000o\000i\000n\000f\000o\000r\000m\000a\000t\000i\000c\000s\000:\000\040\000W\000G\000S\000\040\000A\000n\000a\000l\000y\000s\000i\000s\000\040\000P\000i\000p\000e\000l\000i\000n\000e\000s}{chapter.7}% 268
\BOOKMARK [2][-]{subsection.7.7.1}{\376\377\0007\000.\0007\000.\0001\000\040\000S\000n\000a\000k\000e\000m\000a\000k\000e\000\040\000W\000G\000S\000\040\000P\000i\000p\000e\000l\000i\000n\000e}{section.7.7}% 269
\BOOKMARK [2][-]{subsection.7.7.2}{\376\377\0007\000.\0007\000.\0002\000\040\000N\000e\000x\000t\000f\000l\000o\000w\000\040\000W\000G\000S\000\040\000P\000i\000p\000e\000l\000i\000n\000e}{section.7.7}% 270
\BOOKMARK [1][-]{section.7.8}{\376\377\0007\000.\0008\000\040\000L\000o\000n\000g\000-\000R\000e\000a\000d\000\040\000A\000l\000i\000g\000n\000m\000e\000n\000t\000\040\000a\000n\000d\000\040\000A\000s\000s\000e\000m\000b\000l\000y\000\040\000W\000o\000r\000k\000f\000l\000o\000w}{chapter.7}% 271
\BOOKMARK [1][-]{section.7.9}{\376\377\0007\000.\0009\000\040\000Q\000u\000a\000l\000i\000t\000y\000\040\000C\000o\000n\000t\000r\000o\000l\000\040\000M\000e\000t\000r\000i\000c\000s\000\040\000f\000o\000r\000\040\000W\000G\000S\000/\000W\000E\000S}{chapter.7}% 272
\BOOKMARK [1][-]{section.7.10}{\376\377\0007\000.\0001\0000\000\040\000S\000u\000m\000m\000a\000r\000y}{chapter.7}% 273
\BOOKMARK [0][-]{chapter.8}{\376\377\0008\000\040\000V\000a\000r\000i\000a\000n\000t\000\040\000D\000i\000s\000c\000o\000v\000e\000r\000y\000\040\000a\000n\000d\000\040\000I\000n\000t\000e\000r\000p\000r\000e\000t\000a\000t\000i\000o\000n}{part.3}% 274
\BOOKMARK [1][-]{section.8.1}{\376\377\0008\000.\0001\000\040\000T\000y\000p\000e\000s\000\040\000o\000f\000\040\000G\000e\000n\000e\000t\000i\000c\000\040\000V\000a\000r\000i\000a\000n\000t\000s}{chapter.8}% 275
\BOOKMARK [2][-]{subsection.8.1.1}{\376\377\0008\000.\0001\000.\0001\000\040\000S\000i\000n\000g\000l\000e\000\040\000N\000u\000c\000l\000e\000o\000t\000i\000d\000e\000\040\000V\000a\000r\000i\000a\000n\000t\000s\000\040\000\050\000S\000N\000V\000s\000\051\000\040\000a\000n\000d\000\040\000S\000i\000n\000g\000l\000e\000\040\000N\000u\000c\000l\000e\000o\000t\000i\000d\000e\000\040\000P\000o\000l\000y\000m\000o\000r\000p\000h\000i\000s\000m\000s\000\040\000\050\000S\000N\000P\000s\000\051}{section.8.1}% 276
\BOOKMARK [2][-]{subsection.8.1.2}{\376\377\0008\000.\0001\000.\0002\000\040\000I\000n\000s\000e\000r\000t\000i\000o\000n\000s\000\040\000a\000n\000d\000\040\000D\000e\000l\000e\000t\000i\000o\000n\000s\000\040\000\050\000I\000n\000d\000e\000l\000s\000\051}{section.8.1}% 277
\BOOKMARK [2][-]{subsection.8.1.3}{\376\377\0008\000.\0001\000.\0003\000\040\000S\000t\000r\000u\000c\000t\000u\000r\000a\000l\000\040\000V\000a\000r\000i\000a\000n\000t\000s\000\040\000\050\000S\000V\000s\000\051}{section.8.1}% 278
\BOOKMARK [2][-]{subsection.8.1.4}{\376\377\0008\000.\0001\000.\0004\000\040\000C\000o\000p\000y\000\040\000N\000u\000m\000b\000e\000r\000\040\000V\000a\000r\000i\000a\000n\000t\000s\000\040\000\050\000C\000N\000V\000s\000\051}{section.8.1}% 279
\BOOKMARK [2][-]{subsection.8.1.5}{\376\377\0008\000.\0001\000.\0005\000\040\000R\000e\000p\000e\000a\000t\000\040\000E\000x\000p\000a\000n\000s\000i\000o\000n\000s}{section.8.1}% 280
\BOOKMARK [2][-]{subsection.8.1.6}{\376\377\0008\000.\0001\000.\0006\000\040\000M\000o\000b\000i\000l\000e\000\040\000E\000l\000e\000m\000e\000n\000t\000\040\000I\000n\000s\000e\000r\000t\000i\000o\000n\000s}{section.8.1}% 281
\BOOKMARK [2][-]{subsection.8.1.7}{\376\377\0008\000.\0001\000.\0007\000\040\000C\000o\000m\000p\000l\000e\000x\000\040\000R\000e\000a\000r\000r\000a\000n\000g\000e\000m\000e\000n\000t\000s}{section.8.1}% 282
\BOOKMARK [1][-]{section.8.2}{\376\377\0008\000.\0002\000\040\000T\000i\000k\000Z\000\040\000D\000i\000a\000g\000r\000a\000m\000:\000\040\000V\000a\000r\000i\000a\000n\000t\000\040\000T\000y\000p\000e\000s\000\040\000a\000n\000d\000\040\000T\000h\000e\000i\000r\000\040\000S\000c\000a\000l\000e}{chapter.8}% 283
\BOOKMARK [1][-]{section.8.3}{\376\377\0008\000.\0003\000\040\000V\000a\000r\000i\000a\000n\000t\000\040\000C\000a\000l\000l\000i\000n\000g\000\040\000A\000p\000p\000r\000o\000a\000c\000h\000e\000s}{chapter.8}% 284
\BOOKMARK [2][-]{subsection.8.3.1}{\376\377\0008\000.\0003\000.\0001\000\040\000G\000e\000r\000m\000l\000i\000n\000e\000\040\000V\000a\000r\000i\000a\000n\000t\000\040\000C\000a\000l\000l\000i\000n\000g}{section.8.3}% 285
\BOOKMARK [2][-]{subsection.8.3.2}{\376\377\0008\000.\0003\000.\0002\000\040\000S\000o\000m\000a\000t\000i\000c\000\040\000V\000a\000r\000i\000a\000n\000t\000\040\000C\000a\000l\000l\000i\000n\000g}{section.8.3}% 286
\BOOKMARK [2][-]{subsection.8.3.3}{\376\377\0008\000.\0003\000.\0003\000\040\000S\000t\000r\000u\000c\000t\000u\000r\000a\000l\000\040\000V\000a\000r\000i\000a\000n\000t\000\040\000C\000a\000l\000l\000i\000n\000g}{section.8.3}% 287
\BOOKMARK [2][-]{subsection.8.3.4}{\376\377\0008\000.\0003\000.\0004\000\040\000C\000o\000p\000y\000\040\000N\000u\000m\000b\000e\000r\000\040\000V\000a\000r\000i\000a\000n\000t\000\040\000C\000a\000l\000l\000i\000n\000g}{section.8.3}% 288
\BOOKMARK [2][-]{subsection.8.3.5}{\376\377\0008\000.\0003\000.\0005\000\040\000S\000h\000o\000r\000t\000\040\000T\000a\000n\000d\000e\000m\000\040\000R\000e\000p\000e\000a\000t\000\040\000A\000n\000a\000l\000y\000s\000i\000s}{section.8.3}% 289
\BOOKMARK [2][-]{subsection.8.3.6}{\376\377\0008\000.\0003\000.\0006\000\040\000H\000a\000p\000l\000o\000t\000y\000p\000e\000\040\000P\000h\000a\000s\000i\000n\000g}{section.8.3}% 290
\BOOKMARK [1][-]{section.8.4}{\376\377\0008\000.\0004\000\040\000V\000a\000r\000i\000a\000n\000t\000\040\000F\000i\000l\000t\000e\000r\000i\000n\000g\000\040\000a\000n\000d\000\040\000Q\000u\000a\000l\000i\000t\000y\000\040\000C\000o\000n\000t\000r\000o\000l}{chapter.8}% 291
\BOOKMARK [2][-]{subsection.8.4.1}{\376\377\0008\000.\0004\000.\0001\000\040\000G\000A\000T\000K\000\040\000V\000a\000r\000i\000a\000n\000t\000\040\000Q\000u\000a\000l\000i\000t\000y\000\040\000S\000c\000o\000r\000e\000\040\000R\000e\000c\000a\000l\000i\000b\000r\000a\000t\000i\000o\000n\000\040\000\050\000V\000Q\000S\000R\000\051}{section.8.4}% 292
\BOOKMARK [2][-]{subsection.8.4.2}{\376\377\0008\000.\0004\000.\0002\000\040\000H\000a\000r\000d\000\040\000F\000i\000l\000t\000e\000r\000s}{section.8.4}% 293
\BOOKMARK [1][-]{section.8.5}{\376\377\0008\000.\0005\000\040\000S\000t\000a\000t\000i\000s\000t\000i\000c\000a\000l\000\040\000F\000o\000u\000n\000d\000a\000t\000i\000o\000n\000s\000\040\000o\000f\000\040\000V\000a\000r\000i\000a\000n\000t\000\040\000C\000a\000l\000l\000i\000n\000g}{chapter.8}% 294
\BOOKMARK [2][-]{subsection.8.5.1}{\376\377\0008\000.\0005\000.\0001\000\040\000P\000a\000i\000r\000-\000H\000M\000M\000\040\000f\000o\000r\000\040\000R\000e\000a\000d\040\023\000H\000a\000p\000l\000o\000t\000y\000p\000e\000\040\000A\000l\000i\000g\000n\000m\000e\000n\000t}{section.8.5}% 295
\BOOKMARK [2][-]{subsection.8.5.2}{\376\377\0008\000.\0005\000.\0002\000\040\000B\000a\000y\000e\000s\000i\000a\000n\000\040\000G\000e\000n\000o\000t\000y\000p\000i\000n\000g}{section.8.5}% 296
\BOOKMARK [2][-]{subsection.8.5.3}{\376\377\0008\000.\0005\000.\0003\000\040\000V\000Q\000S\000R\000:\000\040\000T\000h\000e\000\040\000G\000a\000u\000s\000s\000i\000a\000n\000\040\000M\000i\000x\000t\000u\000r\000e\000\040\000M\000o\000d\000e\000l\000\040\000i\000n\000\040\000D\000e\000t\000a\000i\000l}{section.8.5}% 297
\BOOKMARK [2][-]{subsection.8.5.4}{\376\377\0008\000.\0005\000.\0004\000\040\000P\000o\000p\000u\000l\000a\000t\000i\000o\000n\000\040\000G\000e\000n\000e\000t\000i\000c\000s\000\040\000C\000o\000n\000n\000e\000c\000t\000i\000o\000n\000s}{section.8.5}% 298
\BOOKMARK [1][-]{section.8.6}{\376\377\0008\000.\0006\000\040\000V\000a\000r\000i\000a\000n\000t\000\040\000A\000n\000n\000o\000t\000a\000t\000i\000o\000n}{chapter.8}% 299
\BOOKMARK [2][-]{subsection.8.6.1}{\376\377\0008\000.\0006\000.\0001\000\040\000F\000u\000n\000c\000t\000i\000o\000n\000a\000l\000\040\000A\000n\000n\000o\000t\000a\000t\000i\000o\000n}{section.8.6}% 300
\BOOKMARK [2][-]{subsection.8.6.2}{\376\377\0008\000.\0006\000.\0002\000\040\000P\000o\000p\000u\000l\000a\000t\000i\000o\000n\000\040\000F\000r\000e\000q\000u\000e\000n\000c\000y\000\040\000D\000a\000t\000a\000b\000a\000s\000e\000s}{section.8.6}% 301
\BOOKMARK [2][-]{subsection.8.6.3}{\376\377\0008\000.\0006\000.\0003\000\040\000P\000a\000t\000h\000o\000g\000e\000n\000i\000c\000i\000t\000y\000\040\000P\000r\000e\000d\000i\000c\000t\000i\000o\000n}{section.8.6}% 302
\BOOKMARK [2][-]{subsection.8.6.4}{\376\377\0008\000.\0006\000.\0004\000\040\000C\000l\000i\000n\000i\000c\000a\000l\000\040\000V\000a\000r\000i\000a\000n\000t\000\040\000C\000l\000a\000s\000s\000i\000f\000i\000c\000a\000t\000i\000o\000n\000:\000\040\000A\000C\000M\000G\000/\000A\000M\000P\000\040\000G\000u\000i\000d\000e\000l\000i\000n\000e\000s}{section.8.6}% 303
\BOOKMARK [1][-]{section.8.7}{\376\377\0008\000.\0007\000\040\000C\000a\000n\000c\000e\000r\000\040\000G\000e\000n\000o\000m\000i\000c\000s}{chapter.8}% 304
\BOOKMARK [2][-]{subsection.8.7.1}{\376\377\0008\000.\0007\000.\0001\000\040\000T\000u\000m\000o\000r\000\040\000M\000u\000t\000a\000t\000i\000o\000n\000a\000l\000\040\000B\000u\000r\000d\000e\000n\000\040\000\050\000T\000M\000B\000\051}{section.8.7}% 305
\BOOKMARK [2][-]{subsection.8.7.2}{\376\377\0008\000.\0007\000.\0002\000\040\000M\000i\000c\000r\000o\000s\000a\000t\000e\000l\000l\000i\000t\000e\000\040\000I\000n\000s\000t\000a\000b\000i\000l\000i\000t\000y\000\040\000\050\000M\000S\000I\000\051}{section.8.7}% 306
\BOOKMARK [2][-]{subsection.8.7.3}{\376\377\0008\000.\0007\000.\0003\000\040\000M\000u\000t\000a\000t\000i\000o\000n\000a\000l\000\040\000S\000i\000g\000n\000a\000t\000u\000r\000e\000s}{section.8.7}% 307
\BOOKMARK [2][-]{subsection.8.7.4}{\376\377\0008\000.\0007\000.\0004\000\040\000T\000u\000m\000o\000r\000\040\000H\000e\000t\000e\000r\000o\000g\000e\000n\000e\000i\000t\000y\000\040\000a\000n\000d\000\040\000C\000l\000o\000n\000a\000l\000\040\000E\000v\000o\000l\000u\000t\000i\000o\000n}{section.8.7}% 308
\BOOKMARK [2][-]{subsection.8.7.5}{\376\377\0008\000.\0007\000.\0005\000\040\000L\000i\000q\000u\000i\000d\000\040\000B\000i\000o\000p\000s\000y\000\040\000a\000n\000d\000\040\000C\000e\000l\000l\000-\000F\000r\000e\000e\000\040\000D\000N\000A\000\040\000\050\000c\000f\000D\000N\000A\000\051}{section.8.7}% 309
\BOOKMARK [1][-]{section.8.8}{\376\377\0008\000.\0008\000\040\000P\000h\000a\000r\000m\000a\000c\000o\000g\000e\000n\000o\000m\000i\000c\000s}{chapter.8}% 310
\BOOKMARK [1][-]{section.8.9}{\376\377\0008\000.\0009\000\040\000D\000e\000c\000i\000s\000i\000o\000n\000\040\000F\000l\000o\000w\000c\000h\000a\000r\000t\000:\000\040\000V\000a\000r\000i\000a\000n\000t\000\040\000C\000a\000l\000l\000i\000n\000g\000\040\000P\000i\000p\000e\000l\000i\000n\000e\000\040\000S\000e\000l\000e\000c\000t\000i\000o\000n}{chapter.8}% 311
\BOOKMARK [1][-]{section.8.10}{\376\377\0008\000.\0001\0000\000\040\000P\000r\000a\000c\000t\000i\000c\000a\000l\000\040\000W\000o\000r\000k\000f\000l\000o\000w\000:\000\040\000V\000a\000r\000i\000a\000n\000t\000\040\000D\000i\000s\000c\000o\000v\000e\000r\000y\000\040\000P\000i\000p\000e\000l\000i\000n\000e}{chapter.8}% 312
\BOOKMARK [2][-]{subsection.8.10.1}{\376\377\0008\000.\0001\0000\000.\0001\000\040\000S\000n\000a\000k\000e\000m\000a\000k\000e\000\040\000V\000a\000r\000i\000a\000n\000t\000\040\000D\000i\000s\000c\000o\000v\000e\000r\000y\000\040\000P\000i\000p\000e\000l\000i\000n\000e}{section.8.10}% 313
\BOOKMARK [2][-]{subsection.8.10.2}{\376\377\0008\000.\0001\0000\000.\0002\000\040\000N\000e\000x\000t\000f\000l\000o\000w\000\040\000V\000a\000r\000i\000a\000n\000t\000\040\000D\000i\000s\000c\000o\000v\000e\000r\000y\000\040\000P\000i\000p\000e\000l\000i\000n\000e}{section.8.10}% 314
\BOOKMARK [1][-]{section.8.11}{\376\377\0008\000.\0001\0001\000\040\000V\000a\000r\000i\000a\000n\000t\000\040\000C\000a\000l\000l\000i\000n\000g\000\040\000T\000o\000o\000l\000\040\000C\000o\000m\000p\000a\000r\000i\000s\000o\000n}{chapter.8}% 315
\BOOKMARK [1][-]{section.8.12}{\376\377\0008\000.\0001\0002\000\040\000S\000u\000m\000m\000a\000r\000y}{chapter.8}% 316
\BOOKMARK [0][-]{chapter.9}{\376\377\0009\000\040\000M\000e\000t\000a\000g\000e\000n\000o\000m\000i\000c\000s\000\040\000a\000n\000d\000\040\000M\000i\000c\000r\000o\000b\000i\000o\000m\000e\000\040\000S\000e\000q\000u\000e\000n\000c\000i\000n\000g}{part.3}% 317
\BOOKMARK [1][-]{section.9.1}{\376\377\0009\000.\0001\000\040\000W\000h\000a\000t\000\040\000I\000s\000\040\000M\000e\000t\000a\000g\000e\000n\000o\000m\000i\000c\000s\000?}{chapter.9}% 318
\BOOKMARK [2][-]{subsection.9.1.1}{\376\377\0009\000.\0001\000.\0001\000\040\000T\000h\000e\000\040\000M\000i\000c\000r\000o\000b\000i\000o\000m\000e\000:\000\040\000W\000h\000a\000t\000\040\000I\000t\000\040\000I\000s\000\040\000a\000n\000d\000\040\000W\000h\000y\000\040\000I\000t\000\040\000M\000a\000t\000t\000e\000r\000s}{section.9.1}% 319
\BOOKMARK [1][-]{section.9.2}{\376\377\0009\000.\0002\000\040\0001\0006\000S\000/\0001\0008\000S\000/\000I\000T\000S\000\040\000A\000m\000p\000l\000i\000c\000o\000n\000\040\000S\000e\000q\000u\000e\000n\000c\000i\000n\000g}{chapter.9}% 320
\BOOKMARK [2][-]{subsection.9.2.1}{\376\377\0009\000.\0002\000.\0001\000\040\000T\000h\000e\000\040\0001\0006\000S\000\040\000r\000R\000N\000A\000\040\000G\000e\000n\000e}{section.9.2}% 321
\BOOKMARK [2][-]{subsection.9.2.2}{\376\377\0009\000.\0002\000.\0002\000\040\000O\000t\000h\000e\000r\000\040\000M\000a\000r\000k\000e\000r\000\040\000G\000e\000n\000e\000s}{section.9.2}% 322
\BOOKMARK [2][-]{subsection.9.2.3}{\376\377\0009\000.\0002\000.\0003\000\040\000A\000S\000V\000s\000\040\000v\000s\000.\000\040\000O\000T\000U\000s}{section.9.2}% 323
\BOOKMARK [2][-]{subsection.9.2.4}{\376\377\0009\000.\0002\000.\0004\000\040\000A\000m\000p\000l\000i\000c\000o\000n\000\040\000A\000n\000a\000l\000y\000s\000i\000s\000\040\000T\000o\000o\000l\000s}{section.9.2}% 324
\BOOKMARK [2][-]{subsection.9.2.5}{\376\377\0009\000.\0002\000.\0005\000\040\000T\000a\000x\000o\000n\000o\000m\000i\000c\000\040\000C\000l\000a\000s\000s\000i\000f\000i\000c\000a\000t\000i\000o\000n\000\040\000D\000a\000t\000a\000b\000a\000s\000e\000s}{section.9.2}% 325
\BOOKMARK [1][-]{section.9.3}{\376\377\0009\000.\0003\000\040\000S\000h\000o\000t\000g\000u\000n\000\040\000M\000e\000t\000a\000g\000e\000n\000o\000m\000i\000c\000s}{chapter.9}% 326
\BOOKMARK [2][-]{subsection.9.3.1}{\376\377\0009\000.\0003\000.\0001\000\040\000A\000d\000v\000a\000n\000t\000a\000g\000e\000s\000\040\000o\000v\000e\000r\000\040\000A\000m\000p\000l\000i\000c\000o\000n\000\040\000S\000e\000q\000u\000e\000n\000c\000i\000n\000g}{section.9.3}% 327
\BOOKMARK [2][-]{subsection.9.3.2}{\376\377\0009\000.\0003\000.\0002\000\040\000L\000i\000b\000r\000a\000r\000y\000\040\000P\000r\000e\000p\000a\000r\000a\000t\000i\000o\000n\000\040\000C\000o\000n\000s\000i\000d\000e\000r\000a\000t\000i\000o\000n\000s}{section.9.3}% 328
\BOOKMARK [2][-]{subsection.9.3.3}{\376\377\0009\000.\0003\000.\0003\000\040\000T\000a\000x\000o\000n\000o\000m\000i\000c\000\040\000P\000r\000o\000f\000i\000l\000i\000n\000g}{section.9.3}% 329
\BOOKMARK [2][-]{subsection.9.3.4}{\376\377\0009\000.\0003\000.\0004\000\040\000F\000u\000n\000c\000t\000i\000o\000n\000a\000l\000\040\000P\000r\000o\000f\000i\000l\000i\000n\000g}{section.9.3}% 330
\BOOKMARK [2][-]{subsection.9.3.5}{\376\377\0009\000.\0003\000.\0005\000\040\000M\000e\000t\000a\000g\000e\000n\000o\000m\000e\000-\000A\000s\000s\000e\000m\000b\000l\000e\000d\000\040\000G\000e\000n\000o\000m\000e\000s\000\040\000\050\000M\000A\000G\000s\000\051}{section.9.3}% 331
\BOOKMARK [2][-]{subsection.9.3.6}{\376\377\0009\000.\0003\000.\0006\000\040\000S\000t\000r\000a\000i\000n\000-\000L\000e\000v\000e\000l\000\040\000A\000n\000a\000l\000y\000s\000i\000s}{section.9.3}% 332
\BOOKMARK [1][-]{section.9.4}{\376\377\0009\000.\0004\000\040\000M\000e\000t\000a\000t\000r\000a\000n\000s\000c\000r\000i\000p\000t\000o\000m\000i\000c\000s}{chapter.9}% 333
\BOOKMARK [1][-]{section.9.5}{\376\377\0009\000.\0005\000\040\000L\000o\000n\000g\000-\000R\000e\000a\000d\000\040\000M\000e\000t\000a\000g\000e\000n\000o\000m\000i\000c\000s}{chapter.9}% 334
\BOOKMARK [1][-]{section.9.6}{\376\377\0009\000.\0006\000\040\000C\000l\000i\000n\000i\000c\000a\000l\000\040\000M\000e\000t\000a\000g\000e\000n\000o\000m\000i\000c\000s}{chapter.9}% 335
\BOOKMARK [2][-]{subsection.9.6.1}{\376\377\0009\000.\0006\000.\0001\000\040\000P\000a\000t\000h\000o\000g\000e\000n\000\040\000D\000e\000t\000e\000c\000t\000i\000o\000n}{section.9.6}% 336
\BOOKMARK [2][-]{subsection.9.6.2}{\376\377\0009\000.\0006\000.\0002\000\040\000A\000n\000t\000i\000m\000i\000c\000r\000o\000b\000i\000a\000l\000\040\000R\000e\000s\000i\000s\000t\000a\000n\000c\000e\000\040\000\050\000A\000M\000R\000\051\000\040\000G\000e\000n\000e\000\040\000D\000e\000t\000e\000c\000t\000i\000o\000n}{section.9.6}% 337
\BOOKMARK [1][-]{section.9.7}{\376\377\0009\000.\0007\000\040\000D\000i\000v\000e\000r\000s\000i\000t\000y\000\040\000M\000e\000t\000r\000i\000c\000s}{chapter.9}% 338
\BOOKMARK [2][-]{subsection.9.7.1}{\376\377\0009\000.\0007\000.\0001\000\040\000A\000l\000p\000h\000a\000\040\000D\000i\000v\000e\000r\000s\000i\000t\000y\000\040\000\050\000W\000i\000t\000h\000i\000n\000-\000S\000a\000m\000p\000l\000e\000\051}{section.9.7}% 339
\BOOKMARK [2][-]{subsection.9.7.2}{\376\377\0009\000.\0007\000.\0002\000\040\000B\000e\000t\000a\000\040\000D\000i\000v\000e\000r\000s\000i\000t\000y\000\040\000\050\000B\000e\000t\000w\000e\000e\000n\000-\000S\000a\000m\000p\000l\000e\000\051}{section.9.7}% 340
\BOOKMARK [2][-]{subsection.9.7.3}{\376\377\0009\000.\0007\000.\0003\000\040\000O\000r\000d\000i\000n\000a\000t\000i\000o\000n\000\040\000M\000e\000t\000h\000o\000d\000s}{section.9.7}% 341
\BOOKMARK [2][-]{subsection.9.7.4}{\376\377\0009\000.\0007\000.\0004\000\040\000M\000a\000t\000h\000e\000m\000a\000t\000i\000c\000a\000l\000\040\000F\000o\000u\000n\000d\000a\000t\000i\000o\000n\000s\000\040\000o\000f\000\040\000D\000i\000v\000e\000r\000s\000i\000t\000y\000\040\000I\000n\000d\000i\000c\000e\000s}{section.9.7}% 342
\BOOKMARK [2][-]{subsection.9.7.5}{\376\377\0009\000.\0007\000.\0005\000\040\000M\000A\000G\000\040\000Q\000u\000a\000l\000i\000t\000y\000\040\000S\000t\000a\000n\000d\000a\000r\000d\000s\000:\000\040\000M\000I\000M\000A\000G\000\040\000T\000i\000e\000r\000s\000\040\000i\000n\000\040\000D\000e\000t\000a\000i\000l}{section.9.7}% 343
\BOOKMARK [2][-]{subsection.9.7.6}{\376\377\0009\000.\0007\000.\0006\000\040\000H\000U\000M\000A\000n\000N\000\040\000P\000a\000t\000h\000w\000a\000y\000\040\000A\000b\000u\000n\000d\000a\000n\000c\000e\000\040\000M\000o\000d\000e\000l}{section.9.7}% 344
\BOOKMARK [1][-]{section.9.8}{\376\377\0009\000.\0008\000\040\000T\000i\000k\000Z\000\040\000D\000i\000a\000g\000r\000a\000m\000:\000\040\000A\000m\000p\000l\000i\000c\000o\000n\000\040\000v\000s\000.\000\040\000S\000h\000o\000t\000g\000u\000n\000\040\000M\000e\000t\000a\000g\000e\000n\000o\000m\000i\000c\000s}{chapter.9}% 345
\BOOKMARK [1][-]{section.9.9}{\376\377\0009\000.\0009\000\040\000C\000o\000m\000p\000r\000e\000h\000e\000n\000s\000i\000v\000e\000\040\000T\000o\000o\000l\000\040\000C\000o\000m\000p\000a\000r\000i\000s\000o\000n}{chapter.9}% 346
\BOOKMARK [1][-]{section.9.10}{\376\377\0009\000.\0001\0000\000\040\000P\000r\000a\000c\000t\000i\000c\000a\000l\000\040\000W\000o\000r\000k\000f\000l\000o\000w\000:\000\040\000M\000e\000t\000a\000g\000e\000n\000o\000m\000i\000c\000s\000\040\000P\000i\000p\000e\000l\000i\000n\000e\000s}{chapter.9}% 347
\BOOKMARK [2][-]{subsection.9.10.1}{\376\377\0009\000.\0001\0000\000.\0001\000\040\000S\000n\000a\000k\000e\000m\000a\000k\000e\000\040\000S\000h\000o\000t\000g\000u\000n\000\040\000M\000e\000t\000a\000g\000e\000n\000o\000m\000i\000c\000s\000\040\000P\000i\000p\000e\000l\000i\000n\000e}{section.9.10}% 348
\BOOKMARK [2][-]{subsection.9.10.2}{\376\377\0009\000.\0001\0000\000.\0002\000\040\000N\000e\000x\000t\000f\000l\000o\000w\000\040\000S\000h\000o\000t\000g\000u\000n\000\040\000M\000e\000t\000a\000g\000e\000n\000o\000m\000i\000c\000s\000\040\000P\000i\000p\000e\000l\000i\000n\000e}{section.9.10}% 349
\BOOKMARK [1][-]{section.9.11}{\376\377\0009\000.\0001\0001\000\040\000L\000o\000n\000g\000-\000R\000e\000a\000d\000\040\000M\000e\000t\000a\000g\000e\000n\000o\000m\000i\000c\000s\000\040\000W\000o\000r\000k\000f\000l\000o\000w\000\040\000C\000o\000n\000s\000i\000d\000e\000r\000a\000t\000i\000o\000n\000s}{chapter.9}% 350
\BOOKMARK [1][-]{section.9.12}{\376\377\0009\000.\0001\0002\000\040\000S\000u\000m\000m\000a\000r\000y}{chapter.9}% 351
\BOOKMARK [-1][-]{part.4}{\376\377\000I\000V\000\040\000T\000r\000a\000n\000s\000c\000r\000i\000p\000t\000o\000m\000i\000c\000s\000:\000\040\000G\000e\000n\000e\000\040\000E\000x\000p\000r\000e\000s\000s\000i\000o\000n\000\040\000a\000n\000d\000\040\000R\000N\000A\000\040\000B\000i\000o\000l\000o\000g\000y}{}% 352
\BOOKMARK [0][-]{chapter.10}{\376\377\0001\0000\000\040\000R\000N\000A\000\040\000S\000e\000q\000u\000e\000n\000c\000i\000n\000g\000:\000\040\000M\000e\000a\000s\000u\000r\000i\000n\000g\000\040\000G\000e\000n\000e\000\040\000E\000x\000p\000r\000e\000s\000s\000i\000o\000n}{part.4}% 353
\BOOKMARK [1][-]{section.10.1}{\376\377\0001\0000\000.\0001\000\040\000W\000h\000y\000\040\000M\000e\000a\000s\000u\000r\000e\000\040\000R\000N\000A\000?}{chapter.10}% 354
\BOOKMARK [2][-]{subsection.10.1.1}{\376\377\0001\0000\000.\0001\000.\0001\000\040\000G\000e\000n\000e\000\040\000E\000x\000p\000r\000e\000s\000s\000i\000o\000n\000\040\000a\000s\000\040\000a\000\040\000W\000i\000n\000d\000o\000w\000\040\000i\000n\000t\000o\000\040\000B\000i\000o\000l\000o\000g\000y}{section.10.1}% 355
\BOOKMARK [2][-]{subsection.10.1.2}{\376\377\0001\0000\000.\0001\000.\0002\000\040\000T\000h\000e\000\040\000T\000r\000a\000n\000s\000c\000r\000i\000p\000t\000o\000m\000e}{section.10.1}% 356
\BOOKMARK [1][-]{section.10.2}{\376\377\0001\0000\000.\0002\000\040\000B\000u\000l\000k\000\040\000R\000N\000A\000-\000s\000e\000q\000:\000\040\000A\000n\000\040\000O\000v\000e\000r\000v\000i\000e\000w\000\040\000o\000f\000\040\000A\000p\000p\000r\000o\000a\000c\000h\000e\000s}{chapter.10}% 357
\BOOKMARK [2][-]{subsection.10.2.1}{\376\377\0001\0000\000.\0002\000.\0001\000\040\000m\000R\000N\000A\000-\000s\000e\000q\000:\000\040\000P\000o\000l\000y\000-\000A\000\040\000S\000e\000l\000e\000c\000t\000i\000o\000n}{section.10.2}% 358
\BOOKMARK [2][-]{subsection.10.2.2}{\376\377\0001\0000\000.\0002\000.\0002\000\040\000T\000o\000t\000a\000l\000\040\000R\000N\000A\000-\000s\000e\000q\000:\000\040\000R\000i\000b\000o\000s\000o\000m\000a\000l\000\040\000R\000N\000A\000\040\000D\000e\000p\000l\000e\000t\000i\000o\000n}{section.10.2}% 359
\BOOKMARK [2][-]{subsection.10.2.3}{\376\377\0001\0000\000.\0002\000.\0003\000\040\000C\000h\000o\000o\000s\000i\000n\000g\000\040\000B\000e\000t\000w\000e\000e\000n\000\040\000m\000R\000N\000A\000-\000s\000e\000q\000\040\000a\000n\000d\000\040\000T\000o\000t\000a\000l\000\040\000R\000N\000A\000-\000s\000e\000q}{section.10.2}% 360
\BOOKMARK [1][-]{section.10.3}{\376\377\0001\0000\000.\0003\000\040\000L\000i\000b\000r\000a\000r\000y\000\040\000P\000r\000e\000p\000a\000r\000a\000t\000i\000o\000n\000\040\000f\000o\000r\000\040\000R\000N\000A\000-\000s\000e\000q}{chapter.10}% 361
\BOOKMARK [2][-]{subsection.10.3.1}{\376\377\0001\0000\000.\0003\000.\0001\000\040\000R\000N\000A\000\040\000E\000x\000t\000r\000a\000c\000t\000i\000o\000n\000\040\000a\000n\000d\000\040\000Q\000u\000a\000l\000i\000t\000y\000\040\000A\000s\000s\000e\000s\000s\000m\000e\000n\000t}{section.10.3}% 362
\BOOKMARK [2][-]{subsection.10.3.2}{\376\377\0001\0000\000.\0003\000.\0002\000\040\000S\000t\000r\000a\000n\000d\000-\000S\000p\000e\000c\000i\000f\000i\000c\000\040\000L\000i\000b\000r\000a\000r\000y\000\040\000P\000r\000e\000p\000a\000r\000a\000t\000i\000o\000n}{section.10.3}% 363
\BOOKMARK [2][-]{subsection.10.3.3}{\376\377\0001\0000\000.\0003\000.\0003\000\040\000L\000o\000w\000-\000I\000n\000p\000u\000t\000\040\000R\000N\000A\000-\000s\000e\000q}{section.10.3}% 364
\BOOKMARK [2][-]{subsection.10.3.4}{\376\377\0001\0000\000.\0003\000.\0004\000\040\000D\000e\000g\000r\000a\000d\000e\000d\000\040\000R\000N\000A\000\040\000a\000n\000d\000\040\000F\000F\000P\000E\000\040\000S\000a\000m\000p\000l\000e\000s}{section.10.3}% 365
\BOOKMARK [1][-]{section.10.4}{\376\377\0001\0000\000.\0004\000\040\000S\000m\000a\000l\000l\000\040\000R\000N\000A\000\040\000S\000e\000q\000u\000e\000n\000c\000i\000n\000g}{chapter.10}% 366
\BOOKMARK [2][-]{subsection.10.4.1}{\376\377\0001\0000\000.\0004\000.\0001\000\040\000S\000m\000a\000l\000l\000\040\000R\000N\000A\000\040\000S\000p\000e\000c\000i\000e\000s}{section.10.4}% 367
\BOOKMARK [2][-]{subsection.10.4.2}{\376\377\0001\0000\000.\0004\000.\0002\000\040\000S\000m\000a\000l\000l\000\040\000R\000N\000A\000\040\000L\000i\000b\000r\000a\000r\000y\000\040\000P\000r\000e\000p\000a\000r\000a\000t\000i\000o\000n}{section.10.4}% 368
\BOOKMARK [2][-]{subsection.10.4.3}{\376\377\0001\0000\000.\0004\000.\0003\000\040\000m\000i\000R\000N\000A\000-\000s\000e\000q\000\040\000A\000n\000a\000l\000y\000s\000i\000s\000\040\000W\000o\000r\000k\000f\000l\000o\000w}{section.10.4}% 369
\BOOKMARK [1][-]{section.10.5}{\376\377\0001\0000\000.\0005\000\040\000L\000o\000n\000g\000-\000R\000e\000a\000d\000\040\000R\000N\000A\000\040\000S\000e\000q\000u\000e\000n\000c\000i\000n\000g}{chapter.10}% 370
\BOOKMARK [2][-]{subsection.10.5.1}{\376\377\0001\0000\000.\0005\000.\0001\000\040\000P\000a\000c\000B\000i\000o\000\040\000I\000s\000o\000-\000S\000e\000q}{section.10.5}% 371
\BOOKMARK [2][-]{subsection.10.5.2}{\376\377\0001\0000\000.\0005\000.\0002\000\040\000O\000x\000f\000o\000r\000d\000\040\000N\000a\000n\000o\000p\000o\000r\000e\000\040\000R\000N\000A\000\040\000S\000e\000q\000u\000e\000n\000c\000i\000n\000g}{section.10.5}% 372
\BOOKMARK [2][-]{subsection.10.5.3}{\376\377\0001\0000\000.\0005\000.\0003\000\040\000L\000o\000n\000g\000-\000R\000e\000a\000d\000\040\000I\000s\000o\000f\000o\000r\000m\000\040\000A\000n\000a\000l\000y\000s\000i\000s\000\040\000T\000o\000o\000l\000s}{section.10.5}% 373
\BOOKMARK [1][-]{section.10.6}{\376\377\0001\0000\000.\0006\000\040\000N\000a\000s\000c\000e\000n\000t\000\040\000R\000N\000A\000\040\000S\000e\000q\000u\000e\000n\000c\000i\000n\000g}{chapter.10}% 374
\BOOKMARK [1][-]{section.10.7}{\376\377\0001\0000\000.\0007\000\040\000R\000N\000A\000-\000s\000e\000q\000\040\000B\000i\000o\000i\000n\000f\000o\000r\000m\000a\000t\000i\000c\000s\000\040\000W\000o\000r\000k\000f\000l\000o\000w}{chapter.10}% 375
\BOOKMARK [2][-]{subsection.10.7.1}{\376\377\0001\0000\000.\0007\000.\0001\000\040\000Q\000u\000a\000l\000i\000t\000y\000\040\000C\000o\000n\000t\000r\000o\000l}{section.10.7}% 376
\BOOKMARK [2][-]{subsection.10.7.2}{\376\377\0001\0000\000.\0007\000.\0002\000\040\000T\000r\000i\000m\000m\000i\000n\000g}{section.10.7}% 377
\BOOKMARK [2][-]{subsection.10.7.3}{\376\377\0001\0000\000.\0007\000.\0003\000\040\000A\000l\000i\000g\000n\000m\000e\000n\000t\000:\000\040\000S\000p\000l\000i\000c\000e\000-\000A\000w\000a\000r\000e\000\040\000A\000l\000i\000g\000n\000e\000r\000s}{section.10.7}% 378
\BOOKMARK [2][-]{subsection.10.7.4}{\376\377\0001\0000\000.\0007\000.\0004\000\040\000P\000s\000e\000u\000d\000o\000-\000A\000l\000i\000g\000n\000m\000e\000n\000t\000\040\000a\000n\000d\000\040\000L\000i\000g\000h\000t\000w\000e\000i\000g\000h\000t\000\040\000Q\000u\000a\000n\000t\000i\000f\000i\000c\000a\000t\000i\000o\000n}{section.10.7}% 379
\BOOKMARK [2][-]{subsection.10.7.5}{\376\377\0001\0000\000.\0007\000.\0005\000\040\000G\000e\000n\000e\000\040\000a\000n\000d\000\040\000T\000r\000a\000n\000s\000c\000r\000i\000p\000t\000\040\000Q\000u\000a\000n\000t\000i\000f\000i\000c\000a\000t\000i\000o\000n}{section.10.7}% 380
\BOOKMARK [2][-]{subsection.10.7.6}{\376\377\0001\0000\000.\0007\000.\0006\000\040\000D\000i\000f\000f\000e\000r\000e\000n\000t\000i\000a\000l\000\040\000E\000x\000p\000r\000e\000s\000s\000i\000o\000n\000\040\000A\000n\000a\000l\000y\000s\000i\000s}{section.10.7}% 381
\BOOKMARK [2][-]{subsection.10.7.7}{\376\377\0001\0000\000.\0007\000.\0007\000\040\000T\000h\000e\000\040\000N\000e\000g\000a\000t\000i\000v\000e\000\040\000B\000i\000n\000o\000m\000i\000a\000l\000\040\000D\000i\000s\000t\000r\000i\000b\000u\000t\000i\000o\000n\000\040\000f\000o\000r\000\040\000R\000N\000A\000-\000s\000e\000q}{section.10.7}% 382
\BOOKMARK [2][-]{subsection.10.7.8}{\376\377\0001\0000\000.\0007\000.\0008\000\040\000D\000E\000S\000e\000q\0002\000\040\000D\000i\000s\000p\000e\000r\000s\000i\000o\000n\000\040\000E\000s\000t\000i\000m\000a\000t\000i\000o\000n\000\040\000a\000n\000d\000\040\000S\000h\000r\000i\000n\000k\000a\000g\000e}{section.10.7}% 383
\BOOKMARK [2][-]{subsection.10.7.9}{\376\377\0001\0000\000.\0007\000.\0009\000\040\000N\000o\000r\000m\000a\000l\000i\000s\000a\000t\000i\000o\000n\000\040\000M\000e\000t\000h\000o\000d\000s\000\040\000f\000o\000r\000\040\000R\000N\000A\000-\000s\000e\000q}{section.10.7}% 384
\BOOKMARK [2][-]{subsection.10.7.10}{\376\377\0001\0000\000.\0007\000.\0001\0000\000\040\000D\000E\000S\000e\000q\0002\000\040\000v\000s\000.\000\040\000e\000d\000g\000e\000R\000\040\000v\000s\000.\000\040\000l\000i\000m\000m\000a\000-\000v\000o\000o\000m\000:\000\040\000A\000\040\000D\000e\000t\000a\000i\000l\000e\000d\000\040\000C\000o\000m\000p\000a\000r\000i\000s\000o\000n}{section.10.7}% 385
\BOOKMARK [2][-]{subsection.10.7.11}{\376\377\0001\0000\000.\0007\000.\0001\0001\000\040\000G\000e\000n\000e\000\040\000S\000e\000t\000\040\000E\000n\000r\000i\000c\000h\000m\000e\000n\000t\000\040\000A\000n\000a\000l\000y\000s\000i\000s}{section.10.7}% 386
\BOOKMARK [2][-]{subsection.10.7.12}{\376\377\0001\0000\000.\0007\000.\0001\0002\000\040\000I\000s\000o\000f\000o\000r\000m\000\040\000a\000n\000d\000\040\000S\000p\000l\000i\000c\000i\000n\000g\000\040\000A\000n\000a\000l\000y\000s\000i\000s}{section.10.7}% 387
\BOOKMARK [2][-]{subsection.10.7.13}{\376\377\0001\0000\000.\0007\000.\0001\0003\000\040\000F\000u\000s\000i\000o\000n\000\040\000G\000e\000n\000e\000\040\000D\000e\000t\000e\000c\000t\000i\000o\000n}{section.10.7}% 388
\BOOKMARK [1][-]{section.10.8}{\376\377\0001\0000\000.\0008\000\040\000C\000o\000m\000p\000l\000e\000t\000e\000\040\000S\000n\000a\000k\000e\000m\000a\000k\000e\000\040\000W\000o\000r\000k\000f\000l\000o\000w\000\040\000f\000o\000r\000\040\000R\000N\000A\000-\000s\000e\000q}{chapter.10}% 389
\BOOKMARK [1][-]{section.10.9}{\376\377\0001\0000\000.\0009\000\040\000C\000o\000m\000p\000l\000e\000t\000e\000\040\000N\000e\000x\000t\000f\000l\000o\000w\000\040\000W\000o\000r\000k\000f\000l\000o\000w\000\040\000f\000o\000r\000\040\000R\000N\000A\000-\000s\000e\000q}{chapter.10}% 390
\BOOKMARK [1][-]{section.10.10}{\376\377\0001\0000\000.\0001\0000\000\040\000E\000x\000p\000e\000r\000i\000m\000e\000n\000t\000a\000l\000\040\000D\000e\000s\000i\000g\000n\000\040\000f\000o\000r\000\040\000R\000N\000A\000-\000s\000e\000q}{chapter.10}% 391
\BOOKMARK [2][-]{subsection.10.10.1}{\376\377\0001\0000\000.\0001\0000\000.\0001\000\040\000B\000i\000o\000l\000o\000g\000i\000c\000a\000l\000\040\000R\000e\000p\000l\000i\000c\000a\000t\000e\000s}{section.10.10}% 392
\BOOKMARK [2][-]{subsection.10.10.2}{\376\377\0001\0000\000.\0001\0000\000.\0002\000\040\000S\000e\000q\000u\000e\000n\000c\000i\000n\000g\000\040\000D\000e\000p\000t\000h}{section.10.10}% 393
\BOOKMARK [2][-]{subsection.10.10.3}{\376\377\0001\0000\000.\0001\0000\000.\0003\000\040\000B\000a\000t\000c\000h\000\040\000E\000f\000f\000e\000c\000t\000s\000\040\000a\000n\000d\000\040\000T\000h\000e\000i\000r\000\040\000M\000i\000t\000i\000g\000a\000t\000i\000o\000n}{section.10.10}% 394
\BOOKMARK [1][-]{section.10.11}{\376\377\0001\0000\000.\0001\0001\000\040\000R\000N\000A\000-\000s\000e\000q\000\040\000A\000p\000p\000r\000o\000a\000c\000h\000e\000s\000:\000\040\000C\000o\000m\000p\000r\000e\000h\000e\000n\000s\000i\000v\000e\000\040\000C\000o\000m\000p\000a\000r\000i\000s\000o\000n}{chapter.10}% 395
\BOOKMARK [1][-]{section.10.12}{\376\377\0001\0000\000.\0001\0002\000\040\000C\000h\000a\000p\000t\000e\000r\000\040\000S\000u\000m\000m\000a\000r\000y}{chapter.10}% 396
\BOOKMARK [0][-]{chapter.11}{\376\377\0001\0001\000\040\000S\000i\000n\000g\000l\000e\000-\000C\000e\000l\000l\000\040\000R\000N\000A\000\040\000S\000e\000q\000u\000e\000n\000c\000i\000n\000g}{part.4}% 397
\BOOKMARK [1][-]{section.11.1}{\376\377\0001\0001\000.\0001\000\040\000W\000h\000y\000\040\000S\000i\000n\000g\000l\000e\000-\000C\000e\000l\000l\000\040\000R\000e\000s\000o\000l\000u\000t\000i\000o\000n\000?}{chapter.11}% 398
\BOOKMARK [2][-]{subsection.11.1.1}{\376\377\0001\0001\000.\0001\000.\0001\000\040\000T\000h\000e\000\040\000L\000i\000m\000i\000t\000a\000t\000i\000o\000n\000\040\000o\000f\000\040\000B\000u\000l\000k\000\040\000R\000N\000A\000-\000s\000e\000q}{section.11.1}% 399
\BOOKMARK [2][-]{subsection.11.1.2}{\376\377\0001\0001\000.\0001\000.\0002\000\040\000W\000h\000a\000t\000\040\000S\000i\000n\000g\000l\000e\000-\000C\000e\000l\000l\000\040\000R\000e\000s\000o\000l\000u\000t\000i\000o\000n\000\040\000E\000n\000a\000b\000l\000e\000s}{section.11.1}% 400
\BOOKMARK [1][-]{section.11.2}{\376\377\0001\0001\000.\0002\000\040\000A\000\040\000B\000r\000i\000e\000f\000\040\000H\000i\000s\000t\000o\000r\000y\000\040\000o\000f\000\040\000s\000c\000R\000N\000A\000-\000s\000e\000q}{chapter.11}% 401
\BOOKMARK [1][-]{section.11.3}{\376\377\0001\0001\000.\0003\000\040\000C\000e\000l\000l\000\040\000I\000s\000o\000l\000a\000t\000i\000o\000n\000\040\000M\000e\000t\000h\000o\000d\000s}{chapter.11}% 402
\BOOKMARK [2][-]{subsection.11.3.1}{\376\377\0001\0001\000.\0003\000.\0001\000\040\000F\000A\000C\000S\000\040\000S\000o\000r\000t\000i\000n\000g}{section.11.3}% 403
\BOOKMARK [2][-]{subsection.11.3.2}{\376\377\0001\0001\000.\0003\000.\0002\000\040\000M\000i\000c\000r\000o\000f\000l\000u\000i\000d\000i\000c\000s}{section.11.3}% 404
\BOOKMARK [2][-]{subsection.11.3.3}{\376\377\0001\0001\000.\0003\000.\0003\000\040\000D\000r\000o\000p\000l\000e\000t\000-\000B\000a\000s\000e\000d\000\040\000M\000e\000t\000h\000o\000d\000s}{section.11.3}% 405
\BOOKMARK [2][-]{subsection.11.3.4}{\376\377\0001\0001\000.\0003\000.\0004\000\040\000C\000o\000m\000b\000i\000n\000a\000t\000o\000r\000i\000a\000l\000\040\000I\000n\000d\000e\000x\000i\000n\000g}{section.11.3}% 406
\BOOKMARK [2][-]{subsection.11.3.5}{\376\377\0001\0001\000.\0003\000.\0005\000\040\000P\000l\000a\000t\000e\000-\000B\000a\000s\000e\000d\000\040\000M\000e\000t\000h\000o\000d\000s}{section.11.3}% 407
\BOOKMARK [1][-]{section.11.4}{\376\377\0001\0001\000.\0004\000\040\0001\0000\000x\000\040\000G\000e\000n\000o\000m\000i\000c\000s\000\040\000C\000h\000r\000o\000m\000i\000u\000m\000\040\000i\000n\000\040\000D\000e\000t\000a\000i\000l}{chapter.11}% 408
\BOOKMARK [2][-]{subsection.11.4.1}{\376\377\0001\0001\000.\0004\000.\0001\000\040\000G\000e\000l\000\040\000B\000e\000a\000d\000-\000i\000n\000-\000E\000m\000u\000l\000s\000i\000o\000n\000s\000\040\000\050\000G\000E\000M\000s\000\051}{section.11.4}% 409
\BOOKMARK [2][-]{subsection.11.4.2}{\376\377\0001\0001\000.\0004\000.\0002\000\040\000C\000e\000l\000l\000\040\000B\000a\000r\000c\000o\000d\000e\000s\000\040\000a\000n\000d\000\040\000U\000M\000I\000s}{section.11.4}% 410
\BOOKMARK [2][-]{subsection.11.4.3}{\376\377\0001\0001\000.\0004\000.\0003\000\040\0003\000'\000\040\000v\000s\000.\000\040\0005\000'\000\040\000G\000e\000n\000e\000\040\000E\000x\000p\000r\000e\000s\000s\000i\000o\000n\000\040\000C\000h\000e\000m\000i\000s\000t\000r\000y}{section.11.4}% 411
\BOOKMARK [2][-]{subsection.11.4.4}{\376\377\0001\0001\000.\0004\000.\0004\000\040\000C\000e\000l\000l\000\040\000R\000a\000n\000g\000e\000r\000\040\000P\000i\000p\000e\000l\000i\000n\000e}{section.11.4}% 412
\BOOKMARK [2][-]{subsection.11.4.5}{\376\377\0001\0001\000.\0004\000.\0005\000\040\000T\000y\000p\000i\000c\000a\000l\000\040\000T\000h\000r\000o\000u\000g\000h\000p\000u\000t\000\040\000a\000n\000d\000\040\000S\000e\000q\000u\000e\000n\000c\000i\000n\000g\000\040\000R\000e\000c\000o\000m\000m\000e\000n\000d\000a\000t\000i\000o\000n\000s}{section.11.4}% 413
\BOOKMARK [2][-]{subsection.11.4.6}{\376\377\0001\0001\000.\0004\000.\0006\000\040\0001\0000\000x\000\040\000C\000h\000r\000o\000m\000i\000u\000m\000\040\000F\000l\000e\000x\000\040\000\050\000F\000i\000x\000e\000d\000\040\000R\000N\000A\000\040\000P\000r\000o\000f\000i\000l\000i\000n\000g\000\051}{section.11.4}% 414
\BOOKMARK [1][-]{section.11.5}{\376\377\0001\0001\000.\0005\000\040\000K\000e\000y\000\040\000C\000o\000m\000p\000u\000t\000a\000t\000i\000o\000n\000a\000l\000\040\000C\000h\000a\000l\000l\000e\000n\000g\000e\000s}{chapter.11}% 415
\BOOKMARK [2][-]{subsection.11.5.1}{\376\377\0001\0001\000.\0005\000.\0001\000\040\000S\000p\000a\000r\000s\000i\000t\000y\000\040\000a\000n\000d\000\040\000D\000r\000o\000p\000o\000u\000t}{section.11.5}% 416
\BOOKMARK [2][-]{subsection.11.5.2}{\376\377\0001\0001\000.\0005\000.\0002\000\040\000D\000o\000u\000b\000l\000e\000t\000\040\000D\000e\000t\000e\000c\000t\000i\000o\000n}{section.11.5}% 417
\BOOKMARK [2][-]{subsection.11.5.3}{\376\377\0001\0001\000.\0005\000.\0003\000\040\000A\000m\000b\000i\000e\000n\000t\000\040\000R\000N\000A\000\040\000C\000o\000n\000t\000a\000m\000i\000n\000a\000t\000i\000o\000n}{section.11.5}% 418
\BOOKMARK [1][-]{section.11.6}{\376\377\0001\0001\000.\0006\000\040\000s\000c\000R\000N\000A\000-\000s\000e\000q\000\040\000A\000n\000a\000l\000y\000s\000i\000s\000\040\000W\000o\000r\000k\000f\000l\000o\000w}{chapter.11}% 419
\BOOKMARK [2][-]{subsection.11.6.1}{\376\377\0001\0001\000.\0006\000.\0001\000\040\000R\000a\000w\000\040\000D\000a\000t\000a\000\040\000P\000r\000o\000c\000e\000s\000s\000i\000n\000g}{section.11.6}% 420
\BOOKMARK [2][-]{subsection.11.6.2}{\376\377\0001\0001\000.\0006\000.\0002\000\040\000Q\000u\000a\000l\000i\000t\000y\000\040\000C\000o\000n\000t\000r\000o\000l\000\040\000a\000n\000d\000\040\000F\000i\000l\000t\000e\000r\000i\000n\000g}{section.11.6}% 421
\BOOKMARK [2][-]{subsection.11.6.3}{\376\377\0001\0001\000.\0006\000.\0003\000\040\000N\000o\000r\000m\000a\000l\000i\000z\000a\000t\000i\000o\000n}{section.11.6}% 422
\BOOKMARK [2][-]{subsection.11.6.4}{\376\377\0001\0001\000.\0006\000.\0004\000\040\000F\000e\000a\000t\000u\000r\000e\000\040\000S\000e\000l\000e\000c\000t\000i\000o\000n\000:\000\040\000H\000i\000g\000h\000l\000y\000\040\000V\000a\000r\000i\000a\000b\000l\000e\000\040\000G\000e\000n\000e\000s}{section.11.6}% 423
\BOOKMARK [2][-]{subsection.11.6.5}{\376\377\0001\0001\000.\0006\000.\0005\000\040\000D\000i\000m\000e\000n\000s\000i\000o\000n\000a\000l\000i\000t\000y\000\040\000R\000e\000d\000u\000c\000t\000i\000o\000n}{section.11.6}% 424
\BOOKMARK [2][-]{subsection.11.6.6}{\376\377\0001\0001\000.\0006\000.\0006\000\040\000M\000a\000t\000h\000e\000m\000a\000t\000i\000c\000a\000l\000\040\000F\000o\000u\000n\000d\000a\000t\000i\000o\000n\000s\000\040\000o\000f\000\040\000t\000-\000S\000N\000E\000\040\000a\000n\000d\000\040\000U\000M\000A\000P}{section.11.6}% 425
\BOOKMARK [2][-]{subsection.11.6.7}{\376\377\0001\0001\000.\0006\000.\0007\000\040\000C\000l\000u\000s\000t\000e\000r\000i\000n\000g}{section.11.6}% 426
\BOOKMARK [2][-]{subsection.11.6.8}{\376\377\0001\0001\000.\0006\000.\0008\000\040\000C\000e\000l\000l\000\040\000T\000y\000p\000e\000\040\000A\000n\000n\000o\000t\000a\000t\000i\000o\000n}{section.11.6}% 427
\BOOKMARK [2][-]{subsection.11.6.9}{\376\377\0001\0001\000.\0006\000.\0009\000\040\000D\000i\000f\000f\000e\000r\000e\000n\000t\000i\000a\000l\000\040\000E\000x\000p\000r\000e\000s\000s\000i\000o\000n}{section.11.6}% 428
\BOOKMARK [2][-]{subsection.11.6.10}{\376\377\0001\0001\000.\0006\000.\0001\0000\000\040\000T\000r\000a\000j\000e\000c\000t\000o\000r\000y\000\040\000A\000n\000a\000l\000y\000s\000i\000s\000\040\000a\000n\000d\000\040\000P\000s\000e\000u\000d\000o\000t\000i\000m\000e}{section.11.6}% 429
\BOOKMARK [2][-]{subsection.11.6.11}{\376\377\0001\0001\000.\0006\000.\0001\0001\000\040\000C\000e\000l\000l\040\023\000C\000e\000l\000l\000\040\000C\000o\000m\000m\000u\000n\000i\000c\000a\000t\000i\000o\000n}{section.11.6}% 430
\BOOKMARK [2][-]{subsection.11.6.12}{\376\377\0001\0001\000.\0006\000.\0001\0002\000\040\000G\000e\000n\000e\000\040\000R\000e\000g\000u\000l\000a\000t\000o\000r\000y\000\040\000N\000e\000t\000w\000o\000r\000k\000\040\000I\000n\000f\000e\000r\000e\000n\000c\000e}{section.11.6}% 431
\BOOKMARK [1][-]{section.11.7}{\376\377\0001\0001\000.\0007\000\040\000A\000n\000a\000l\000y\000s\000i\000s\000\040\000F\000r\000a\000m\000e\000w\000o\000r\000k\000s\000:\000\040\000S\000c\000a\000n\000p\000y\000\040\000v\000s\000.\000\040\000S\000e\000u\000r\000a\000t}{chapter.11}% 432
\BOOKMARK [1][-]{section.11.8}{\376\377\0001\0001\000.\0008\000\040\000I\000n\000t\000e\000g\000r\000a\000t\000i\000o\000n\000\040\000o\000f\000\040\000M\000u\000l\000t\000i\000p\000l\000e\000\040\000D\000a\000t\000a\000s\000e\000t\000s}{chapter.11}% 433
\BOOKMARK [2][-]{subsection.11.8.1}{\376\377\0001\0001\000.\0008\000.\0001\000\040\000B\000a\000t\000c\000h\000\040\000C\000o\000r\000r\000e\000c\000t\000i\000o\000n\000\040\000M\000e\000t\000h\000o\000d\000s\000:\000\040\000A\000\040\000D\000e\000t\000a\000i\000l\000e\000d\000\040\000C\000o\000m\000p\000a\000r\000i\000s\000o\000n}{section.11.8}% 434
\BOOKMARK [1][-]{section.11.9}{\376\377\0001\0001\000.\0009\000\040\000L\000a\000r\000g\000e\000-\000S\000c\000a\000l\000e\000\040\000C\000e\000l\000l\000\040\000A\000t\000l\000a\000s\000e\000s}{chapter.11}% 435
\BOOKMARK [1][-]{section.11.10}{\376\377\0001\0001\000.\0001\0000\000\040\000P\000r\000a\000c\000t\000i\000c\000a\000l\000\040\000C\000o\000n\000s\000i\000d\000e\000r\000a\000t\000i\000o\000n\000s}{chapter.11}% 436
\BOOKMARK [2][-]{subsection.11.10.1}{\376\377\0001\0001\000.\0001\0000\000.\0001\000\040\000H\000o\000w\000\040\000M\000a\000n\000y\000\040\000C\000e\000l\000l\000s\000\040\000t\000o\000\040\000S\000e\000q\000u\000e\000n\000c\000e\000?}{section.11.10}% 437
\BOOKMARK [2][-]{subsection.11.10.2}{\376\377\0001\0001\000.\0001\0000\000.\0002\000\040\000S\000e\000q\000u\000e\000n\000c\000i\000n\000g\000\040\000D\000e\000p\000t\000h\000\040\000P\000e\000r\000\040\000C\000e\000l\000l}{section.11.10}% 438
\BOOKMARK [2][-]{subsection.11.10.3}{\376\377\0001\0001\000.\0001\0000\000.\0003\000\040\000T\000i\000s\000s\000u\000e\000\040\000D\000i\000s\000s\000o\000c\000i\000a\000t\000i\000o\000n\000\040\000C\000o\000n\000s\000i\000d\000e\000r\000a\000t\000i\000o\000n\000s}{section.11.10}% 439
\BOOKMARK [1][-]{section.11.11}{\376\377\0001\0001\000.\0001\0001\000\040\000C\000o\000m\000p\000a\000r\000i\000s\000o\000n\000\040\000o\000f\000\040\000s\000c\000R\000N\000A\000-\000s\000e\000q\000\040\000P\000l\000a\000t\000f\000o\000r\000m\000s}{chapter.11}% 440
\BOOKMARK [1][-]{section.11.12}{\376\377\0001\0001\000.\0001\0002\000\040\000S\000n\000a\000k\000e\000m\000a\000k\000e\000\040\000W\000o\000r\000k\000f\000l\000o\000w\000\040\000f\000o\000r\000\040\000s\000c\000R\000N\000A\000-\000s\000e\000q}{chapter.11}% 441
\BOOKMARK [1][-]{section.11.13}{\376\377\0001\0001\000.\0001\0003\000\040\000N\000e\000x\000t\000f\000l\000o\000w\000\040\000W\000o\000r\000k\000f\000l\000o\000w\000\040\000f\000o\000r\000\040\000s\000c\000R\000N\000A\000-\000s\000e\000q}{chapter.11}% 442
\BOOKMARK [1][-]{section.11.14}{\376\377\0001\0001\000.\0001\0004\000\040\000C\000h\000a\000p\000t\000e\000r\000\040\000S\000u\000m\000m\000a\000r\000y}{chapter.11}% 443
\BOOKMARK [0][-]{chapter.12}{\376\377\0001\0002\000\040\000S\000p\000a\000t\000i\000a\000l\000\040\000T\000r\000a\000n\000s\000c\000r\000i\000p\000t\000o\000m\000i\000c\000s}{part.4}% 444
\BOOKMARK [1][-]{section.12.1}{\376\377\0001\0002\000.\0001\000\040\000W\000h\000y\000\040\000S\000p\000a\000t\000i\000a\000l\000\040\000C\000o\000n\000t\000e\000x\000t\000\040\000M\000a\000t\000t\000e\000r\000s}{chapter.12}% 445
\BOOKMARK [1][-]{section.12.2}{\376\377\0001\0002\000.\0002\000\040\000C\000a\000t\000e\000g\000o\000r\000i\000e\000s\000\040\000o\000f\000\040\000S\000p\000a\000t\000i\000a\000l\000\040\000T\000e\000c\000h\000n\000o\000l\000o\000g\000i\000e\000s}{chapter.12}% 446
\BOOKMARK [2][-]{subsection.12.2.1}{\376\377\0001\0002\000.\0002\000.\0001\000\040\000S\000e\000q\000u\000e\000n\000c\000i\000n\000g\000-\000B\000a\000s\000e\000d\000\040\000S\000p\000a\000t\000i\000a\000l\000\040\000M\000e\000t\000h\000o\000d\000s}{section.12.2}% 447
\BOOKMARK [2][-]{subsection.12.2.2}{\376\377\0001\0002\000.\0002\000.\0002\000\040\000I\000m\000a\000g\000i\000n\000g\000-\000B\000a\000s\000e\000d\000\040\000S\000p\000a\000t\000i\000a\000l\000\040\000M\000e\000t\000h\000o\000d\000s\000\040\000\050\000I\000n\000\040\000S\000i\000t\000u\000\040\000H\000y\000b\000r\000i\000d\000i\000z\000a\000t\000i\000o\000n\000\051}{section.12.2}% 448
\BOOKMARK [2][-]{subsection.12.2.3}{\376\377\0001\0002\000.\0002\000.\0003\000\040\000I\000n\000\040\000S\000i\000t\000u\000\040\000S\000e\000q\000u\000e\000n\000c\000i\000n\000g}{section.12.2}% 449
\BOOKMARK [1][-]{section.12.3}{\376\377\0001\0002\000.\0003\000\040\000C\000o\000m\000p\000a\000r\000i\000s\000o\000n\000\040\000o\000f\000\040\000S\000p\000a\000t\000i\000a\000l\000\040\000T\000r\000a\000n\000s\000c\000r\000i\000p\000t\000o\000m\000i\000c\000s\000\040\000P\000l\000a\000t\000f\000o\000r\000m\000s}{chapter.12}% 450
\BOOKMARK [1][-]{section.12.4}{\376\377\0001\0002\000.\0004\000\040\000C\000o\000m\000p\000u\000t\000a\000t\000i\000o\000n\000a\000l\000\040\000A\000n\000a\000l\000y\000s\000i\000s\000\040\000f\000o\000r\000\040\000S\000p\000a\000t\000i\000a\000l\000\040\000T\000r\000a\000n\000s\000c\000r\000i\000p\000t\000o\000m\000i\000c\000s}{chapter.12}% 451
\BOOKMARK [2][-]{subsection.12.4.1}{\376\377\0001\0002\000.\0004\000.\0001\000\040\000S\000p\000o\000t\000\040\000D\000e\000c\000o\000n\000v\000o\000l\000u\000t\000i\000o\000n}{section.12.4}% 452
\BOOKMARK [2][-]{subsection.12.4.2}{\376\377\0001\0002\000.\0004\000.\0002\000\040\000S\000p\000a\000t\000i\000a\000l\000l\000y\000\040\000V\000a\000r\000i\000a\000b\000l\000e\000\040\000G\000e\000n\000e\000\040\000D\000e\000t\000e\000c\000t\000i\000o\000n}{section.12.4}% 453
\BOOKMARK [2][-]{subsection.12.4.3}{\376\377\0001\0002\000.\0004\000.\0003\000\040\000S\000p\000a\000t\000i\000a\000l\000\040\000D\000o\000m\000a\000i\000n\000\040\000I\000d\000e\000n\000t\000i\000f\000i\000c\000a\000t\000i\000o\000n}{section.12.4}% 454
\BOOKMARK [2][-]{subsection.12.4.4}{\376\377\0001\0002\000.\0004\000.\0004\000\040\000I\000n\000t\000e\000g\000r\000a\000t\000i\000o\000n\000\040\000w\000i\000t\000h\000\040\000s\000c\000R\000N\000A\000-\000s\000e\000q}{section.12.4}% 455
\BOOKMARK [2][-]{subsection.12.4.5}{\376\377\0001\0002\000.\0004\000.\0005\000\040\000L\000i\000g\000a\000n\000d\040\023\000R\000e\000c\000e\000p\000t\000o\000r\000\040\000A\000n\000a\000l\000y\000s\000i\000s\000\040\000i\000n\000\040\000S\000p\000a\000t\000i\000a\000l\000\040\000C\000o\000n\000t\000e\000x\000t}{section.12.4}% 456
\BOOKMARK [2][-]{subsection.12.4.6}{\376\377\0001\0002\000.\0004\000.\0006\000\040\000D\000a\000t\000a\000\040\000V\000i\000s\000u\000a\000l\000i\000z\000a\000t\000i\000o\000n\000\040\000a\000n\000d\000\040\000A\000n\000a\000l\000y\000s\000i\000s\000\040\000F\000r\000a\000m\000e\000w\000o\000r\000k\000s}{section.12.4}% 457
\BOOKMARK [1][-]{section.12.5}{\376\377\0001\0002\000.\0005\000\040\000T\000i\000s\000s\000u\000e\000\040\000H\000a\000n\000d\000l\000i\000n\000g\000\040\000a\000n\000d\000\040\000S\000a\000m\000p\000l\000e\000\040\000P\000r\000e\000p\000a\000r\000a\000t\000i\000o\000n}{chapter.12}% 458
\BOOKMARK [2][-]{subsection.12.5.1}{\376\377\0001\0002\000.\0005\000.\0001\000\040\000T\000i\000s\000s\000u\000e\000\040\000S\000e\000c\000t\000i\000o\000n\000i\000n\000g}{section.12.5}% 459
\BOOKMARK [2][-]{subsection.12.5.2}{\376\377\0001\0002\000.\0005\000.\0002\000\040\000P\000e\000r\000m\000e\000a\000b\000i\000l\000i\000z\000a\000t\000i\000o\000n\000\040\000O\000p\000t\000i\000m\000i\000z\000a\000t\000i\000o\000n}{section.12.5}% 460
\BOOKMARK [2][-]{subsection.12.5.3}{\376\377\0001\0002\000.\0005\000.\0003\000\040\000I\000m\000a\000g\000i\000n\000g}{section.12.5}% 461
\BOOKMARK [1][-]{section.12.6}{\376\377\0001\0002\000.\0006\000\040\000E\000m\000e\000r\000g\000i\000n\000g\000\040\000D\000i\000r\000e\000c\000t\000i\000o\000n\000s\000:\000\040\000S\000p\000a\000t\000i\000a\000l\000\040\000M\000u\000l\000t\000i\000-\000O\000m\000i\000c\000s}{chapter.12}% 462
\BOOKMARK [2][-]{subsection.12.6.1}{\376\377\0001\0002\000.\0006\000.\0001\000\040\000S\000p\000a\000t\000i\000a\000l\000\040\000E\000p\000i\000g\000e\000n\000o\000m\000i\000c\000s}{section.12.6}% 463
\BOOKMARK [2][-]{subsection.12.6.2}{\376\377\0001\0002\000.\0006\000.\0002\000\040\000S\000p\000a\000t\000i\000a\000l\000\040\000P\000r\000o\000t\000e\000o\000m\000i\000c\000s}{section.12.6}% 464
\BOOKMARK [2][-]{subsection.12.6.3}{\376\377\0001\0002\000.\0006\000.\0003\000\040\000S\000p\000a\000t\000i\000a\000l\000\040\000M\000u\000l\000t\000i\000-\000O\000m\000i\000c\000\040\000I\000n\000t\000e\000g\000r\000a\000t\000i\000o\000n}{section.12.6}% 465
\BOOKMARK [1][-]{section.12.7}{\376\377\0001\0002\000.\0007\000\040\000S\000n\000a\000k\000e\000m\000a\000k\000e\000\040\000W\000o\000r\000k\000f\000l\000o\000w\000\040\000f\000o\000r\000\040\000S\000p\000a\000t\000i\000a\000l\000\040\000T\000r\000a\000n\000s\000c\000r\000i\000p\000t\000o\000m\000i\000c\000s}{chapter.12}% 466
\BOOKMARK [1][-]{section.12.8}{\376\377\0001\0002\000.\0008\000\040\000N\000e\000x\000t\000f\000l\000o\000w\000\040\000W\000o\000r\000k\000f\000l\000o\000w\000\040\000f\000o\000r\000\040\000S\000p\000a\000t\000i\000a\000l\000\040\000T\000r\000a\000n\000s\000c\000r\000i\000p\000t\000o\000m\000i\000c\000s}{chapter.12}% 467
\BOOKMARK [1][-]{section.12.9}{\376\377\0001\0002\000.\0009\000\040\000P\000r\000a\000c\000t\000i\000c\000a\000l\000\040\000E\000x\000p\000e\000r\000i\000m\000e\000n\000t\000a\000l\000\040\000D\000e\000s\000i\000g\000n\000\040\000C\000o\000n\000s\000i\000d\000e\000r\000a\000t\000i\000o\000n\000s}{chapter.12}% 468
\BOOKMARK [2][-]{subsection.12.9.1}{\376\377\0001\0002\000.\0009\000.\0001\000\040\000C\000h\000o\000o\000s\000i\000n\000g\000\040\000t\000h\000e\000\040\000R\000i\000g\000h\000t\000\040\000T\000e\000c\000h\000n\000o\000l\000o\000g\000y}{section.12.9}% 469
\BOOKMARK [2][-]{subsection.12.9.2}{\376\377\0001\0002\000.\0009\000.\0002\000\040\000R\000e\000p\000l\000i\000c\000a\000t\000i\000o\000n\000\040\000a\000n\000d\000\040\000S\000a\000m\000p\000l\000e\000\040\000S\000i\000z\000e}{section.12.9}% 470
\BOOKMARK [2][-]{subsection.12.9.3}{\376\377\0001\0002\000.\0009\000.\0003\000\040\000C\000o\000m\000b\000i\000n\000i\000n\000g\000\040\000S\000p\000a\000t\000i\000a\000l\000\040\000a\000n\000d\000\040\000S\000i\000n\000g\000l\000e\000-\000C\000e\000l\000l\000\040\000D\000a\000t\000a}{section.12.9}% 471
\BOOKMARK [1][-]{section.12.10}{\376\377\0001\0002\000.\0001\0000\000\040\000C\000h\000a\000p\000t\000e\000r\000\040\000S\000u\000m\000m\000a\000r\000y}{chapter.12}% 472
\BOOKMARK [-1][-]{part.5}{\376\377\000V\000\040\000E\000p\000i\000g\000e\000n\000o\000m\000i\000c\000s\000:\000\040\000B\000e\000y\000o\000n\000d\000\040\000t\000h\000e\000\040\000S\000e\000q\000u\000e\000n\000c\000e}{}% 473
\BOOKMARK [0][-]{chapter.13}{\376\377\0001\0003\000\040\000D\000N\000A\000\040\000M\000e\000t\000h\000y\000l\000a\000t\000i\000o\000n\000\040\000S\000e\000q\000u\000e\000n\000c\000i\000n\000g}{part.5}% 474
\BOOKMARK [1][-]{section.13.1}{\376\377\0001\0003\000.\0001\000\040\000W\000h\000a\000t\000\040\000I\000s\000\040\000D\000N\000A\000\040\000M\000e\000t\000h\000y\000l\000a\000t\000i\000o\000n\000?}{chapter.13}% 475
\BOOKMARK [2][-]{subsection.13.1.1}{\376\377\0001\0003\000.\0001\000.\0001\000\040\0005\000-\000M\000e\000t\000h\000y\000l\000c\000y\000t\000o\000s\000i\000n\000e\000\040\000a\000n\000d\000\040\000C\000p\000G\000\040\000D\000i\000n\000u\000c\000l\000e\000o\000t\000i\000d\000e\000s}{section.13.1}% 476
\BOOKMARK [2][-]{subsection.13.1.2}{\376\377\0001\0003\000.\0001\000.\0002\000\040\000C\000p\000G\000\040\000I\000s\000l\000a\000n\000d\000s}{section.13.1}% 477
\BOOKMARK [2][-]{subsection.13.1.3}{\376\377\0001\0003\000.\0001\000.\0003\000\040\000B\000i\000o\000l\000o\000g\000i\000c\000a\000l\000\040\000R\000o\000l\000e\000s\000\040\000o\000f\000\040\000D\000N\000A\000\040\000M\000e\000t\000h\000y\000l\000a\000t\000i\000o\000n}{section.13.1}% 478
\BOOKMARK [2][-]{subsection.13.1.4}{\376\377\0001\0003\000.\0001\000.\0004\000\040\000B\000e\000y\000o\000n\000d\000\040\0005\000m\000C\000:\000\040\000O\000t\000h\000e\000r\000\040\000C\000y\000t\000o\000s\000i\000n\000e\000\040\000M\000o\000d\000i\000f\000i\000c\000a\000t\000i\000o\000n\000s}{section.13.1}% 479
\BOOKMARK [1][-]{section.13.2}{\376\377\0001\0003\000.\0002\000\040\000B\000i\000s\000u\000l\000f\000i\000t\000e\000\040\000S\000e\000q\000u\000e\000n\000c\000i\000n\000g\000:\000\040\000T\000h\000e\000\040\000G\000o\000l\000d\000\040\000S\000t\000a\000n\000d\000a\000r\000d}{chapter.13}% 480
\BOOKMARK [2][-]{subsection.13.2.1}{\376\377\0001\0003\000.\0002\000.\0001\000\040\000T\000h\000e\000\040\000B\000i\000s\000u\000l\000f\000i\000t\000e\000\040\000C\000o\000n\000v\000e\000r\000s\000i\000o\000n\000\040\000P\000r\000i\000n\000c\000i\000p\000l\000e}{section.13.2}% 481
\BOOKMARK [2][-]{subsection.13.2.2}{\376\377\0001\0003\000.\0002\000.\0002\000\040\000B\000i\000s\000u\000l\000f\000i\000t\000e\000\040\000C\000o\000n\000v\000e\000r\000s\000i\000o\000n\000\040\000C\000h\000e\000m\000i\000s\000t\000r\000y\000\040\000i\000n\000\040\000D\000e\000t\000a\000i\000l}{section.13.2}% 482
\BOOKMARK [2][-]{subsection.13.2.3}{\376\377\0001\0003\000.\0002\000.\0003\000\040\000W\000h\000o\000l\000e\000-\000G\000e\000n\000o\000m\000e\000\040\000B\000i\000s\000u\000l\000f\000i\000t\000e\000\040\000S\000e\000q\000u\000e\000n\000c\000i\000n\000g\000\040\000\050\000W\000G\000B\000S\000\051}{section.13.2}% 483
\BOOKMARK [2][-]{subsection.13.2.4}{\376\377\0001\0003\000.\0002\000.\0004\000\040\000R\000e\000d\000u\000c\000e\000d\000\040\000R\000e\000p\000r\000e\000s\000e\000n\000t\000a\000t\000i\000o\000n\000\040\000B\000i\000s\000u\000l\000f\000i\000t\000e\000\040\000S\000e\000q\000u\000e\000n\000c\000i\000n\000g\000\040\000\050\000R\000R\000B\000S\000\051}{section.13.2}% 484
\BOOKMARK [1][-]{section.13.3}{\376\377\0001\0003\000.\0003\000\040\000E\000n\000z\000y\000m\000a\000t\000i\000c\000\040\000M\000e\000t\000h\000y\000l\000-\000s\000e\000q\000\040\000\050\000E\000M\000-\000s\000e\000q\000\051}{chapter.13}% 485
\BOOKMARK [2][-]{subsection.13.3.1}{\376\377\0001\0003\000.\0003\000.\0001\000\040\000P\000r\000i\000n\000c\000i\000p\000l\000e}{section.13.3}% 486
\BOOKMARK [1][-]{section.13.4}{\376\377\0001\0003\000.\0004\000\040\000D\000i\000s\000t\000i\000n\000g\000u\000i\000s\000h\000i\000n\000g\000\040\0005\000m\000C\000\040\000f\000r\000o\000m\000\040\0005\000h\000m\000C}{chapter.13}% 487
\BOOKMARK [2][-]{subsection.13.4.1}{\376\377\0001\0003\000.\0004\000.\0001\000\040\000O\000x\000i\000d\000a\000t\000i\000v\000e\000\040\000B\000i\000s\000u\000l\000f\000i\000t\000e\000\040\000S\000e\000q\000u\000e\000n\000c\000i\000n\000g\000\040\000\050\000o\000x\000B\000S\000-\000s\000e\000q\000\051}{section.13.4}% 488
\BOOKMARK [2][-]{subsection.13.4.2}{\376\377\0001\0003\000.\0004\000.\0002\000\040\000T\000E\000T\000-\000A\000s\000s\000i\000s\000t\000e\000d\000\040\000B\000i\000s\000u\000l\000f\000i\000t\000e\000\040\000S\000e\000q\000u\000e\000n\000c\000i\000n\000g\000\040\000\050\000T\000A\000B\000-\000s\000e\000q\000\051}{section.13.4}% 489
\BOOKMARK [2][-]{subsection.13.4.3}{\376\377\0001\0003\000.\0004\000.\0003\000\040\000A\000C\000E\000-\000s\000e\000q}{section.13.4}% 490
\BOOKMARK [1][-]{section.13.5}{\376\377\0001\0003\000.\0005\000\040\000T\000a\000r\000g\000e\000t\000e\000d\000\040\000M\000e\000t\000h\000y\000l\000a\000t\000i\000o\000n\000\040\000A\000p\000p\000r\000o\000a\000c\000h\000e\000s}{chapter.13}% 491
\BOOKMARK [2][-]{subsection.13.5.1}{\376\377\0001\0003\000.\0005\000.\0001\000\040\000M\000e\000t\000h\000y\000l\000-\000C\000a\000p\000t\000u\000r\000e\000\040\000S\000e\000q\000u\000e\000n\000c\000i\000n\000g}{section.13.5}% 492
\BOOKMARK [2][-]{subsection.13.5.2}{\376\377\0001\0003\000.\0005\000.\0002\000\040\000M\000e\000t\000h\000y\000l\000a\000t\000i\000o\000n\000\040\000A\000r\000r\000a\000y\000s}{section.13.5}% 493
\BOOKMARK [1][-]{section.13.6}{\376\377\0001\0003\000.\0006\000\040\000L\000o\000n\000g\000-\000R\000e\000a\000d\000\040\000M\000e\000t\000h\000y\000l\000a\000t\000i\000o\000n\000\040\000D\000e\000t\000e\000c\000t\000i\000o\000n}{chapter.13}% 494
\BOOKMARK [2][-]{subsection.13.6.1}{\376\377\0001\0003\000.\0006\000.\0001\000\040\000N\000a\000n\000o\000p\000o\000r\000e\000\040\000D\000i\000r\000e\000c\000t\000\040\000M\000e\000t\000h\000y\000l\000a\000t\000i\000o\000n\000\040\000D\000e\000t\000e\000c\000t\000i\000o\000n}{section.13.6}% 495
\BOOKMARK [2][-]{subsection.13.6.2}{\376\377\0001\0003\000.\0006\000.\0002\000\040\000P\000a\000c\000B\000i\000o\000\040\000M\000e\000t\000h\000y\000l\000a\000t\000i\000o\000n\000\040\000D\000e\000t\000e\000c\000t\000i\000o\000n}{section.13.6}% 496
\BOOKMARK [1][-]{section.13.7}{\376\377\0001\0003\000.\0007\000\040\000C\000o\000m\000p\000r\000e\000h\000e\000n\000s\000i\000v\000e\000\040\000C\000o\000m\000p\000a\000r\000i\000s\000o\000n\000\040\000o\000f\000\040\000M\000e\000t\000h\000y\000l\000a\000t\000i\000o\000n\000\040\000M\000e\000t\000h\000o\000d\000s}{chapter.13}% 497
\BOOKMARK [1][-]{section.13.8}{\376\377\0001\0003\000.\0008\000\040\000B\000i\000o\000i\000n\000f\000o\000r\000m\000a\000t\000i\000c\000s\000\040\000W\000o\000r\000k\000f\000l\000o\000w\000\040\000f\000o\000r\000\040\000B\000i\000s\000u\000l\000f\000i\000t\000e\000\040\000S\000e\000q\000u\000e\000n\000c\000i\000n\000g}{chapter.13}% 498
\BOOKMARK [2][-]{subsection.13.8.1}{\376\377\0001\0003\000.\0008\000.\0001\000\040\000S\000n\000a\000k\000e\000m\000a\000k\000e\000\040\000W\000o\000r\000k\000f\000l\000o\000w}{section.13.8}% 499
\BOOKMARK [2][-]{subsection.13.8.2}{\376\377\0001\0003\000.\0008\000.\0002\000\040\000N\000e\000x\000t\000f\000l\000o\000w\000\040\000W\000o\000r\000k\000f\000l\000o\000w}{section.13.8}% 500
\BOOKMARK [2][-]{subsection.13.8.3}{\376\377\0001\0003\000.\0008\000.\0003\000\040\000D\000i\000f\000f\000e\000r\000e\000n\000t\000i\000a\000l\000\040\000M\000e\000t\000h\000y\000l\000a\000t\000i\000o\000n\000\040\000A\000n\000a\000l\000y\000s\000i\000s}{section.13.8}% 501
\BOOKMARK [2][-]{subsection.13.8.4}{\376\377\0001\0003\000.\0008\000.\0004\000\040\000V\000i\000s\000u\000a\000l\000i\000s\000a\000t\000i\000o\000n}{section.13.8}% 502
\BOOKMARK [1][-]{section.13.9}{\376\377\0001\0003\000.\0009\000\040\000E\000x\000p\000e\000r\000i\000m\000e\000n\000t\000a\000l\000\040\000D\000e\000s\000i\000g\000n\000\040\000C\000o\000n\000s\000i\000d\000e\000r\000a\000t\000i\000o\000n\000s}{chapter.13}% 503
\BOOKMARK [1][-]{section.13.10}{\376\377\0001\0003\000.\0001\0000\000\040\000C\000h\000a\000p\000t\000e\000r\000\040\000S\000u\000m\000m\000a\000r\000y}{chapter.13}% 504
\BOOKMARK [0][-]{chapter.14}{\376\377\0001\0004\000\040\000C\000h\000r\000o\000m\000a\000t\000i\000n\000\040\000A\000c\000c\000e\000s\000s\000i\000b\000i\000l\000i\000t\000y\000\040\000P\000r\000o\000f\000i\000l\000i\000n\000g}{part.5}% 505
\BOOKMARK [1][-]{section.14.1}{\376\377\0001\0004\000.\0001\000\040\000W\000h\000y\000\040\000C\000h\000r\000o\000m\000a\000t\000i\000n\000\040\000A\000c\000c\000e\000s\000s\000i\000b\000i\000l\000i\000t\000y\000\040\000M\000a\000t\000t\000e\000r\000s}{chapter.14}% 506
\BOOKMARK [1][-]{section.14.2}{\376\377\0001\0004\000.\0002\000\040\000D\000N\000a\000s\000e\000-\000s\000e\000q}{chapter.14}% 507
\BOOKMARK [2][-]{subsection.14.2.1}{\376\377\0001\0004\000.\0002\000.\0001\000\040\000P\000r\000i\000n\000c\000i\000p\000l\000e}{section.14.2}% 508
\BOOKMARK [2][-]{subsection.14.2.2}{\376\377\0001\0004\000.\0002\000.\0002\000\040\000T\000h\000e\000\040\000E\000N\000C\000O\000D\000E\000\040\000P\000r\000o\000j\000e\000c\000t\000\040\000a\000n\000d\000\040\000D\000H\000S\000\040\000M\000a\000p\000p\000i\000n\000g}{section.14.2}% 509
\BOOKMARK [1][-]{section.14.3}{\376\377\0001\0004\000.\0003\000\040\000A\000T\000A\000C\000-\000s\000e\000q}{chapter.14}% 510
\BOOKMARK [2][-]{subsection.14.3.1}{\376\377\0001\0004\000.\0003\000.\0001\000\040\000P\000r\000i\000n\000c\000i\000p\000l\000e\000:\000\040\000T\000n\0005\000\040\000T\000r\000a\000n\000s\000p\000o\000s\000a\000s\000e\000-\000M\000e\000d\000i\000a\000t\000e\000d\000\040\000T\000a\000g\000m\000e\000n\000t\000a\000t\000i\000o\000n}{section.14.3}% 511
\BOOKMARK [2][-]{subsection.14.3.2}{\376\377\0001\0004\000.\0003\000.\0002\000\040\000S\000t\000a\000n\000d\000a\000r\000d\000\040\000A\000T\000A\000C\000-\000s\000e\000q\000\040\000P\000r\000o\000t\000o\000c\000o\000l}{section.14.3}% 512
\BOOKMARK [2][-]{subsection.14.3.3}{\376\377\0001\0004\000.\0003\000.\0003\000\040\000A\000T\000A\000C\000-\000s\000e\000q\000\040\000P\000r\000o\000t\000o\000c\000o\000l\000\040\000V\000a\000r\000i\000a\000n\000t\000s}{section.14.3}% 513
\BOOKMARK [2][-]{subsection.14.3.4}{\376\377\0001\0004\000.\0003\000.\0004\000\040\000T\000n\0005\000\040\000I\000n\000s\000e\000r\000t\000i\000o\000n\000\040\000B\000i\000a\000s}{section.14.3}% 514
\BOOKMARK [1][-]{section.14.4}{\376\377\0001\0004\000.\0004\000\040\000S\000i\000n\000g\000l\000e\000-\000C\000e\000l\000l\000\040\000A\000T\000A\000C\000-\000s\000e\000q\000\040\000\050\000s\000c\000A\000T\000A\000C\000-\000s\000e\000q\000\051}{chapter.14}% 515
\BOOKMARK [2][-]{subsection.14.4.1}{\376\377\0001\0004\000.\0004\000.\0001\000\040\000T\000e\000c\000h\000n\000o\000l\000o\000g\000y\000\040\000a\000n\000d\000\040\000P\000l\000a\000t\000f\000o\000r\000m\000s}{section.14.4}% 516
\BOOKMARK [2][-]{subsection.14.4.2}{\376\377\0001\0004\000.\0004\000.\0002\000\040\000T\000h\000e\000\040\000S\000p\000a\000r\000s\000i\000t\000y\000\040\000C\000h\000a\000l\000l\000e\000n\000g\000e}{section.14.4}% 517
\BOOKMARK [2][-]{subsection.14.4.3}{\376\377\0001\0004\000.\0004\000.\0003\000\040\000A\000n\000a\000l\000y\000s\000i\000s\000\040\000T\000o\000o\000l\000s\000\040\000a\000n\000d\000\040\000F\000r\000a\000m\000e\000w\000o\000r\000k\000s}{section.14.4}% 518
\BOOKMARK [1][-]{section.14.5}{\376\377\0001\0004\000.\0005\000\040\000O\000t\000h\000e\000r\000\040\000A\000c\000c\000e\000s\000s\000i\000b\000i\000l\000i\000t\000y\000\040\000a\000n\000d\000\040\000N\000u\000c\000l\000e\000o\000s\000o\000m\000e\000\040\000M\000e\000t\000h\000o\000d\000s}{chapter.14}% 519
\BOOKMARK [2][-]{subsection.14.5.1}{\376\377\0001\0004\000.\0005\000.\0001\000\040\000F\000A\000I\000R\000E\000-\000s\000e\000q}{section.14.5}% 520
\BOOKMARK [2][-]{subsection.14.5.2}{\376\377\0001\0004\000.\0005\000.\0002\000\040\000M\000N\000a\000s\000e\000-\000s\000e\000q}{section.14.5}% 521
\BOOKMARK [2][-]{subsection.14.5.3}{\376\377\0001\0004\000.\0005\000.\0003\000\040\000N\000O\000M\000e\000-\000s\000e\000q}{section.14.5}% 522
\BOOKMARK [1][-]{section.14.6}{\376\377\0001\0004\000.\0006\000\040\000C\000o\000m\000p\000r\000e\000h\000e\000n\000s\000i\000v\000e\000\040\000C\000o\000m\000p\000a\000r\000i\000s\000o\000n\000\040\000o\000f\000\040\000A\000c\000c\000e\000s\000s\000i\000b\000i\000l\000i\000t\000y\000\040\000M\000e\000t\000h\000o\000d\000s}{chapter.14}% 523
\BOOKMARK [1][-]{section.14.7}{\376\377\0001\0004\000.\0007\000\040\000B\000i\000o\000i\000n\000f\000o\000r\000m\000a\000t\000i\000c\000s\000\040\000W\000o\000r\000k\000f\000l\000o\000w\000\040\000f\000o\000r\000\040\000A\000T\000A\000C\000-\000s\000e\000q}{chapter.14}% 524
\BOOKMARK [2][-]{subsection.14.7.1}{\376\377\0001\0004\000.\0007\000.\0001\000\040\000A\000n\000a\000l\000y\000s\000i\000s\000\040\000O\000v\000e\000r\000v\000i\000e\000w}{section.14.7}% 525
\BOOKMARK [2][-]{subsection.14.7.2}{\376\377\0001\0004\000.\0007\000.\0002\000\040\000S\000n\000a\000k\000e\000m\000a\000k\000e\000\040\000W\000o\000r\000k\000f\000l\000o\000w}{section.14.7}% 526
\BOOKMARK [2][-]{subsection.14.7.3}{\376\377\0001\0004\000.\0007\000.\0003\000\040\000N\000e\000x\000t\000f\000l\000o\000w\000\040\000W\000o\000r\000k\000f\000l\000o\000w}{section.14.7}% 527
\BOOKMARK [2][-]{subsection.14.7.4}{\376\377\0001\0004\000.\0007\000.\0004\000\040\000D\000i\000f\000f\000e\000r\000e\000n\000t\000i\000a\000l\000\040\000A\000c\000c\000e\000s\000s\000i\000b\000i\000l\000i\000t\000y\000\040\000A\000n\000a\000l\000y\000s\000i\000s}{section.14.7}% 528
\BOOKMARK [2][-]{subsection.14.7.5}{\376\377\0001\0004\000.\0007\000.\0005\000\040\000M\000o\000t\000i\000f\000\040\000A\000n\000a\000l\000y\000s\000i\000s\000\040\000a\000n\000d\000\040\000F\000o\000o\000t\000p\000r\000i\000n\000t\000i\000n\000g}{section.14.7}% 529
\BOOKMARK [2][-]{subsection.14.7.6}{\376\377\0001\0004\000.\0007\000.\0006\000\040\000T\000F\000\040\000F\000o\000o\000t\000p\000r\000i\000n\000t\000i\000n\000g\000\040\000S\000c\000o\000r\000e\000s\000:\000\040\000T\000h\000e\000\040\000T\000O\000B\000I\000A\000S\000\040\000F\000r\000a\000m\000e\000w\000o\000r\000k}{section.14.7}% 530
\BOOKMARK [2][-]{subsection.14.7.7}{\376\377\0001\0004\000.\0007\000.\0007\000\040\000N\000u\000c\000l\000e\000o\000s\000o\000m\000e\000\040\000P\000o\000s\000i\000t\000i\000o\000n\000i\000n\000g\000\040\000f\000r\000o\000m\000\040\000A\000T\000A\000C\000-\000s\000e\000q\000\040\000F\000r\000a\000g\000m\000e\000n\000t\000\040\000S\000i\000z\000e\000s}{section.14.7}% 531
\BOOKMARK [1][-]{section.14.8}{\376\377\0001\0004\000.\0008\000\040\000E\000x\000p\000e\000r\000i\000m\000e\000n\000t\000a\000l\000\040\000D\000e\000s\000i\000g\000n\000\040\000C\000o\000n\000s\000i\000d\000e\000r\000a\000t\000i\000o\000n\000s}{chapter.14}% 532
\BOOKMARK [1][-]{section.14.9}{\376\377\0001\0004\000.\0009\000\040\000C\000h\000a\000p\000t\000e\000r\000\040\000S\000u\000m\000m\000a\000r\000y}{chapter.14}% 533
\BOOKMARK [0][-]{chapter.15}{\376\377\0001\0005\000\040\000H\000i\000s\000t\000o\000n\000e\000\040\000M\000o\000d\000i\000f\000i\000c\000a\000t\000i\000o\000n\000s\000\040\000a\000n\000d\000\040\000P\000r\000o\000t\000e\000i\000n\040\023\000D\000N\000A\000\040\000I\000n\000t\000e\000r\000a\000c\000t\000i\000o\000n\000s}{part.5}% 534
\BOOKMARK [1][-]{section.15.1}{\376\377\0001\0005\000.\0001\000\040\000T\000h\000e\000\040\000H\000i\000s\000t\000o\000n\000e\000\040\000C\000o\000d\000e}{chapter.15}% 535
\BOOKMARK [2][-]{subsection.15.1.1}{\376\377\0001\0005\000.\0001\000.\0001\000\040\000H\000i\000s\000t\000o\000n\000e\000\040\000S\000t\000r\000u\000c\000t\000u\000r\000e\000\040\000a\000n\000d\000\040\000M\000o\000d\000i\000f\000i\000c\000a\000t\000i\000o\000n\000s}{section.15.1}% 536
\BOOKMARK [2][-]{subsection.15.1.2}{\376\377\0001\0005\000.\0001\000.\0002\000\040\000K\000e\000y\000\040\000H\000i\000s\000t\000o\000n\000e\000\040\000M\000a\000r\000k\000s\000\040\000a\000n\000d\000\040\000T\000h\000e\000i\000r\000\040\000F\000u\000n\000c\000t\000i\000o\000n\000s}{section.15.1}% 537
\BOOKMARK [2][-]{subsection.15.1.3}{\376\377\0001\0005\000.\0001\000.\0003\000\040\000B\000i\000v\000a\000l\000e\000n\000t\000\040\000C\000h\000r\000o\000m\000a\000t\000i\000n}{section.15.1}% 538
\BOOKMARK [2][-]{subsection.15.1.4}{\376\377\0001\0005\000.\0001\000.\0004\000\040\000T\000h\000e\000\040\000C\000o\000m\000b\000i\000n\000a\000t\000o\000r\000i\000a\000l\000\040\000H\000i\000s\000t\000o\000n\000e\000\040\000C\000o\000d\000e}{section.15.1}% 539
\BOOKMARK [1][-]{section.15.2}{\376\377\0001\0005\000.\0002\000\040\000C\000h\000I\000P\000-\000s\000e\000q\000:\000\040\000C\000h\000r\000o\000m\000a\000t\000i\000n\000\040\000I\000m\000m\000u\000n\000o\000p\000r\000e\000c\000i\000p\000i\000t\000a\000t\000i\000o\000n\000\040\000S\000e\000q\000u\000e\000n\000c\000i\000n\000g}{chapter.15}% 540
\BOOKMARK [2][-]{subsection.15.2.1}{\376\377\0001\0005\000.\0002\000.\0001\000\040\000P\000r\000i\000n\000c\000i\000p\000l\000e}{section.15.2}% 541
\BOOKMARK [2][-]{subsection.15.2.2}{\376\377\0001\0005\000.\0002\000.\0002\000\040\000C\000o\000n\000t\000r\000o\000l\000s\000\040\000i\000n\000\040\000C\000h\000I\000P\000-\000s\000e\000q}{section.15.2}% 542
\BOOKMARK [2][-]{subsection.15.2.3}{\376\377\0001\0005\000.\0002\000.\0003\000\040\000A\000n\000t\000i\000b\000o\000d\000y\000\040\000Q\000u\000a\000l\000i\000t\000y}{section.15.2}% 543
\BOOKMARK [2][-]{subsection.15.2.4}{\376\377\0001\0005\000.\0002\000.\0004\000\040\000L\000i\000m\000i\000t\000a\000t\000i\000o\000n\000s\000\040\000o\000f\000\040\000C\000h\000I\000P\000-\000s\000e\000q}{section.15.2}% 544
\BOOKMARK [1][-]{section.15.3}{\376\377\0001\0005\000.\0003\000\040\000C\000U\000T\000\046\000R\000U\000N\000:\000\040\000C\000l\000e\000a\000v\000a\000g\000e\000\040\000U\000n\000d\000e\000r\000\040\000T\000a\000r\000g\000e\000t\000s\000\040\000a\000n\000d\000\040\000R\000e\000l\000e\000a\000s\000e\000\040\000U\000s\000i\000n\000g\000\040\000N\000u\000c\000l\000e\000a\000s\000e}{chapter.15}% 545
\BOOKMARK [2][-]{subsection.15.3.1}{\376\377\0001\0005\000.\0003\000.\0001\000\040\000P\000r\000i\000n\000c\000i\000p\000l\000e}{section.15.3}% 546
\BOOKMARK [1][-]{section.15.4}{\376\377\0001\0005\000.\0004\000\040\000C\000U\000T\000\046\000T\000a\000g\000:\000\040\000C\000l\000e\000a\000v\000a\000g\000e\000\040\000U\000n\000d\000e\000r\000\040\000T\000a\000r\000g\000e\000t\000s\000\040\000a\000n\000d\000\040\000T\000a\000g\000m\000e\000n\000t\000a\000t\000i\000o\000n}{chapter.15}% 547
\BOOKMARK [2][-]{subsection.15.4.1}{\376\377\0001\0005\000.\0004\000.\0001\000\040\000P\000r\000i\000n\000c\000i\000p\000l\000e}{section.15.4}% 548
\BOOKMARK [2][-]{subsection.15.4.2}{\376\377\0001\0005\000.\0004\000.\0002\000\040\000A\000d\000v\000a\000n\000t\000a\000g\000e\000s\000\040\000a\000n\000d\000\040\000L\000i\000m\000i\000t\000a\000t\000i\000o\000n\000s\000\040\000o\000f\000\040\000C\000U\000T\000\046\000T\000a\000g}{section.15.4}% 549
\BOOKMARK [1][-]{section.15.5}{\376\377\0001\0005\000.\0005\000\040\000S\000i\000n\000g\000l\000e\000-\000C\000e\000l\000l\000\040\000C\000U\000T\000\046\000T\000a\000g}{chapter.15}% 550
\BOOKMARK [1][-]{section.15.6}{\376\377\0001\0005\000.\0006\000\040\000P\000L\000A\000C\000-\000s\000e\000q\000\040\000a\000n\000d\000\040\000H\000i\000C\000h\000I\000P}{chapter.15}% 551
\BOOKMARK [1][-]{section.15.7}{\376\377\0001\0005\000.\0007\000\040\000R\000N\000A\040\023\000P\000r\000o\000t\000e\000i\000n\000\040\000I\000n\000t\000e\000r\000a\000c\000t\000i\000o\000n\000\040\000M\000e\000t\000h\000o\000d\000s}{chapter.15}% 552
\BOOKMARK [2][-]{subsection.15.7.1}{\376\377\0001\0005\000.\0007\000.\0001\000\040\000C\000L\000I\000P\000-\000s\000e\000q\000\040\000/\000\040\000e\000C\000L\000I\000P}{section.15.7}% 553
\BOOKMARK [2][-]{subsection.15.7.2}{\376\377\0001\0005\000.\0007\000.\0002\000\040\000R\000I\000P\000-\000s\000e\000q}{section.15.7}% 554
\BOOKMARK [2][-]{subsection.15.7.3}{\376\377\0001\0005\000.\0007\000.\0003\000\040\000D\000A\000P\000-\000s\000e\000q}{section.15.7}% 555
\BOOKMARK [1][-]{section.15.8}{\376\377\0001\0005\000.\0008\000\040\000B\000i\000o\000i\000n\000f\000o\000r\000m\000a\000t\000i\000c\000s\000\040\000W\000o\000r\000k\000f\000l\000o\000w\000\040\000f\000o\000r\000\040\000C\000h\000I\000P\000-\000s\000e\000q\000/\000C\000U\000T\000\046\000T\000a\000g}{chapter.15}% 556
\BOOKMARK [2][-]{subsection.15.8.1}{\376\377\0001\0005\000.\0008\000.\0001\000\040\000A\000n\000a\000l\000y\000s\000i\000s\000\040\000O\000v\000e\000r\000v\000i\000e\000w}{section.15.8}% 557
\BOOKMARK [2][-]{subsection.15.8.2}{\376\377\0001\0005\000.\0008\000.\0002\000\040\000S\000n\000a\000k\000e\000m\000a\000k\000e\000\040\000W\000o\000r\000k\000f\000l\000o\000w}{section.15.8}% 558
\BOOKMARK [2][-]{subsection.15.8.3}{\376\377\0001\0005\000.\0008\000.\0003\000\040\000N\000e\000x\000t\000f\000l\000o\000w\000\040\000W\000o\000r\000k\000f\000l\000o\000w}{section.15.8}% 559
\BOOKMARK [2][-]{subsection.15.8.4}{\376\377\0001\0005\000.\0008\000.\0004\000\040\000C\000h\000r\000o\000m\000H\000M\000M\000:\000\040\000C\000h\000r\000o\000m\000a\000t\000i\000n\000\040\000S\000t\000a\000t\000e\000\040\000S\000e\000g\000m\000e\000n\000t\000a\000t\000i\000o\000n}{section.15.8}% 560
\BOOKMARK [2][-]{subsection.15.8.5}{\376\377\0001\0005\000.\0008\000.\0005\000\040\000D\000i\000f\000f\000e\000r\000e\000n\000t\000i\000a\000l\000\040\000B\000i\000n\000d\000i\000n\000g\000\040\000A\000n\000a\000l\000y\000s\000i\000s}{section.15.8}% 561
\BOOKMARK [1][-]{section.15.9}{\376\377\0001\0005\000.\0009\000\040\000E\000x\000p\000e\000r\000i\000m\000e\000n\000t\000a\000l\000\040\000D\000e\000s\000i\000g\000n\000\040\000C\000o\000n\000s\000i\000d\000e\000r\000a\000t\000i\000o\000n\000s}{chapter.15}% 562
\BOOKMARK [1][-]{section.15.10}{\376\377\0001\0005\000.\0001\0000\000\040\000C\000h\000a\000p\000t\000e\000r\000\040\000S\000u\000m\000m\000a\000r\000y}{chapter.15}% 563
\BOOKMARK [0][-]{chapter.16}{\376\377\0001\0006\000\040\000T\000h\000r\000e\000e\000-\000D\000i\000m\000e\000n\000s\000i\000o\000n\000a\000l\000\040\000G\000e\000n\000o\000m\000e\000\040\000A\000r\000c\000h\000i\000t\000e\000c\000t\000u\000r\000e}{part.5}% 564
\BOOKMARK [1][-]{section.16.1}{\376\377\0001\0006\000.\0001\000\040\000W\000h\000y\000\040\000T\000h\000r\000e\000e\000-\000D\000i\000m\000e\000n\000s\000i\000o\000n\000a\000l\000\040\000G\000e\000n\000o\000m\000e\000\040\000O\000r\000g\000a\000n\000i\000s\000a\000t\000i\000o\000n\000\040\000M\000a\000t\000t\000e\000r\000s}{chapter.16}% 565
\BOOKMARK [1][-]{section.16.2}{\376\377\0001\0006\000.\0002\000\040\000L\000e\000v\000e\000l\000s\000\040\000o\000f\000\040\0003\000D\000\040\000G\000e\000n\000o\000m\000e\000\040\000O\000r\000g\000a\000n\000i\000s\000a\000t\000i\000o\000n}{chapter.16}% 566
\BOOKMARK [2][-]{subsection.16.2.1}{\376\377\0001\0006\000.\0002\000.\0001\000\040\000C\000h\000r\000o\000m\000o\000s\000o\000m\000e\000\040\000T\000e\000r\000r\000i\000t\000o\000r\000i\000e\000s}{section.16.2}% 567
\BOOKMARK [2][-]{subsection.16.2.2}{\376\377\0001\0006\000.\0002\000.\0002\000\040\000A\000/\000B\000\040\000C\000o\000m\000p\000a\000r\000t\000m\000e\000n\000t\000s}{section.16.2}% 568
\BOOKMARK [2][-]{subsection.16.2.3}{\376\377\0001\0006\000.\0002\000.\0003\000\040\000T\000o\000p\000o\000l\000o\000g\000i\000c\000a\000l\000l\000y\000\040\000A\000s\000s\000o\000c\000i\000a\000t\000i\000n\000g\000\040\000D\000o\000m\000a\000i\000n\000s\000\040\000\050\000T\000A\000D\000s\000\051}{section.16.2}% 569
\BOOKMARK [2][-]{subsection.16.2.4}{\376\377\0001\0006\000.\0002\000.\0004\000\040\000C\000h\000r\000o\000m\000a\000t\000i\000n\000\040\000L\000o\000o\000p\000s}{section.16.2}% 570
\BOOKMARK [1][-]{section.16.3}{\376\377\0001\0006\000.\0003\000\040\000H\000i\000-\000C\000:\000\040\000G\000e\000n\000o\000m\000e\000-\000W\000i\000d\000e\000\040\000C\000h\000r\000o\000m\000o\000s\000o\000m\000e\000\040\000C\000o\000n\000f\000o\000r\000m\000a\000t\000i\000o\000n\000\040\000C\000a\000p\000t\000u\000r\000e}{chapter.16}% 571
\BOOKMARK [2][-]{subsection.16.3.1}{\376\377\0001\0006\000.\0003\000.\0001\000\040\000P\000r\000i\000n\000c\000i\000p\000l\000e}{section.16.3}% 572
\BOOKMARK [2][-]{subsection.16.3.2}{\376\377\0001\0006\000.\0003\000.\0002\000\040\000I\000n\000\040\000S\000i\000t\000u\000\040\000H\000i\000-\000C\000\040\000v\000s\000.\000\040\000D\000i\000l\000u\000t\000i\000o\000n\000\040\000H\000i\000-\000C}{section.16.3}% 573
\BOOKMARK [2][-]{subsection.16.3.3}{\376\377\0001\0006\000.\0003\000.\0003\000\040\000R\000e\000s\000o\000l\000u\000t\000i\000o\000n\000\040\000a\000n\000d\000\040\000S\000e\000q\000u\000e\000n\000c\000i\000n\000g\000\040\000D\000e\000p\000t\000h}{section.16.3}% 574
\BOOKMARK [2][-]{subsection.16.3.4}{\376\377\0001\0006\000.\0003\000.\0004\000\040\000H\000i\000-\000C\000\040\000L\000i\000b\000r\000a\000r\000y\000\040\000P\000r\000e\000p\000a\000r\000a\000t\000i\000o\000n\000\040\000K\000i\000t\000s}{section.16.3}% 575
\BOOKMARK [1][-]{section.16.4}{\376\377\0001\0006\000.\0004\000\040\000M\000i\000c\000r\000o\000-\000C}{chapter.16}% 576
\BOOKMARK [1][-]{section.16.5}{\376\377\0001\0006\000.\0005\000\040\000T\000a\000r\000g\000e\000t\000e\000d\000\040\000a\000n\000d\000\040\000E\000n\000r\000i\000c\000h\000m\000e\000n\000t\000-\000B\000a\000s\000e\000d\000\040\0003\000C\000\040\000M\000e\000t\000h\000o\000d\000s}{chapter.16}% 577
\BOOKMARK [2][-]{subsection.16.5.1}{\376\377\0001\0006\000.\0005\000.\0001\000\040\000C\000a\000p\000t\000u\000r\000e\000\040\000H\000i\000-\000C\000\040\000/\000\040\000P\000r\000o\000m\000o\000t\000e\000r\000\040\000C\000a\000p\000t\000u\000r\000e\000\040\000H\000i\000-\000C}{section.16.5}% 578
\BOOKMARK [2][-]{subsection.16.5.2}{\376\377\0001\0006\000.\0005\000.\0002\000\040\000H\000i\000C\000h\000I\000P\000\040\000a\000n\000d\000\040\000P\000L\000A\000C\000-\000s\000e\000q}{section.16.5}% 579
\BOOKMARK [2][-]{subsection.16.5.3}{\376\377\0001\0006\000.\0005\000.\0003\000\040\000C\000h\000I\000A\000-\000P\000E\000T}{section.16.5}% 580
\BOOKMARK [1][-]{section.16.6}{\376\377\0001\0006\000.\0006\000\040\000L\000o\000n\000g\000-\000R\000e\000a\000d\000\040\000a\000n\000d\000\040\000A\000l\000t\000e\000r\000n\000a\000t\000i\000v\000e\000\040\0003\000D\000\040\000G\000e\000n\000o\000m\000e\000\040\000M\000e\000t\000h\000o\000d\000s}{chapter.16}% 581
\BOOKMARK [2][-]{subsection.16.6.1}{\376\377\0001\0006\000.\0006\000.\0001\000\040\000P\000o\000r\000e\000-\000C\000\040\000\050\000O\000x\000f\000o\000r\000d\000\040\000N\000a\000n\000o\000p\000o\000r\000e\000\051}{section.16.6}% 582
\BOOKMARK [2][-]{subsection.16.6.2}{\376\377\0001\0006\000.\0006\000.\0002\000\040\000S\000P\000R\000I\000T\000E}{section.16.6}% 583
\BOOKMARK [2][-]{subsection.16.6.3}{\376\377\0001\0006\000.\0006\000.\0003\000\040\000G\000A\000M\000\040\000\050\000G\000e\000n\000o\000m\000e\000\040\000A\000r\000c\000h\000i\000t\000e\000c\000t\000u\000r\000e\000\040\000M\000a\000p\000p\000i\000n\000g\000\051}{section.16.6}% 584
\BOOKMARK [2][-]{subsection.16.6.4}{\376\377\0001\0006\000.\0006\000.\0004\000\040\000D\000N\000A\000-\000F\000I\000S\000H\000\040\000a\000n\000d\000\040\000L\000i\000v\000e\000\040\000I\000m\000a\000g\000i\000n\000g}{section.16.6}% 585
\BOOKMARK [1][-]{section.16.7}{\376\377\0001\0006\000.\0007\000\040\000C\000o\000m\000p\000r\000e\000h\000e\000n\000s\000i\000v\000e\000\040\000C\000o\000m\000p\000a\000r\000i\000s\000o\000n\000\040\000o\000f\000\040\0003\000D\000\040\000G\000e\000n\000o\000m\000e\000\040\000M\000e\000t\000h\000o\000d\000s}{chapter.16}% 586
\BOOKMARK [1][-]{section.16.8}{\376\377\0001\0006\000.\0008\000\040\000B\000i\000o\000i\000n\000f\000o\000r\000m\000a\000t\000i\000c\000s\000\040\000W\000o\000r\000k\000f\000l\000o\000w\000\040\000f\000o\000r\000\040\000H\000i\000-\000C}{chapter.16}% 587
\BOOKMARK [2][-]{subsection.16.8.1}{\376\377\0001\0006\000.\0008\000.\0001\000\040\000A\000n\000a\000l\000y\000s\000i\000s\000\040\000O\000v\000e\000r\000v\000i\000e\000w}{section.16.8}% 588
\BOOKMARK [2][-]{subsection.16.8.2}{\376\377\0001\0006\000.\0008\000.\0002\000\040\000C\000o\000n\000t\000a\000c\000t\000\040\000M\000a\000t\000r\000i\000x\000\040\000N\000o\000r\000m\000a\000l\000i\000s\000a\000t\000i\000o\000n\000\040\000M\000e\000t\000h\000o\000d\000s}{section.16.8}% 589
\BOOKMARK [2][-]{subsection.16.8.3}{\376\377\0001\0006\000.\0008\000.\0003\000\040\000T\000A\000D\000\040\000C\000a\000l\000l\000i\000n\000g\000\040\000A\000l\000g\000o\000r\000i\000t\000h\000m\000s}{section.16.8}% 590
\BOOKMARK [2][-]{subsection.16.8.4}{\376\377\0001\0006\000.\0008\000.\0004\000\040\000C\000o\000m\000p\000a\000r\000t\000m\000e\000n\000t\000\040\000A\000n\000a\000l\000y\000s\000i\000s}{section.16.8}% 591
\BOOKMARK [2][-]{subsection.16.8.5}{\376\377\0001\0006\000.\0008\000.\0005\000\040\000P\000o\000l\000y\000m\000e\000r\000\040\000P\000h\000y\000s\000i\000c\000s\000\040\000M\000o\000d\000e\000l\000s\000\040\000o\000f\000\040\000C\000h\000r\000o\000m\000a\000t\000i\000n\000\040\000F\000o\000l\000d\000i\000n\000g}{section.16.8}% 592
\BOOKMARK [2][-]{subsection.16.8.6}{\376\377\0001\0006\000.\0008\000.\0006\000\040\000S\000n\000a\000k\000e\000m\000a\000k\000e\000\040\000W\000o\000r\000k\000f\000l\000o\000w}{section.16.8}% 593
\BOOKMARK [2][-]{subsection.16.8.7}{\376\377\0001\0006\000.\0008\000.\0007\000\040\000N\000e\000x\000t\000f\000l\000o\000w\000\040\000W\000o\000r\000k\000f\000l\000o\000w}{section.16.8}% 594
\BOOKMARK [2][-]{subsection.16.8.8}{\376\377\0001\0006\000.\0008\000.\0008\000\040\000V\000i\000s\000u\000a\000l\000i\000s\000a\000t\000i\000o\000n}{section.16.8}% 595
\BOOKMARK [2][-]{subsection.16.8.9}{\376\377\0001\0006\000.\0008\000.\0009\000\040\000I\000n\000t\000e\000g\000r\000a\000t\000i\000o\000n\000\040\000w\000i\000t\000h\000\040\000O\000t\000h\000e\000r\000\040\000E\000p\000i\000g\000e\000n\000o\000m\000i\000c\000\040\000D\000a\000t\000a}{section.16.8}% 596
\BOOKMARK [1][-]{section.16.9}{\376\377\0001\0006\000.\0009\000\040\000E\000x\000p\000e\000r\000i\000m\000e\000n\000t\000a\000l\000\040\000D\000e\000s\000i\000g\000n\000\040\000C\000o\000n\000s\000i\000d\000e\000r\000a\000t\000i\000o\000n\000s}{chapter.16}% 597
\BOOKMARK [1][-]{section.16.10}{\376\377\0001\0006\000.\0001\0000\000\040\000C\000h\000a\000p\000t\000e\000r\000\040\000S\000u\000m\000m\000a\000r\000y}{chapter.16}% 598
\BOOKMARK [-1][-]{part.6}{\376\377\000V\000I\000\040\000M\000u\000l\000t\000i\000o\000m\000i\000c\000s\000\040\000a\000n\000d\000\040\000E\000m\000e\000r\000g\000i\000n\000g\000\040\000F\000r\000o\000n\000t\000i\000e\000r\000s}{}% 599
\BOOKMARK [0][-]{chapter.17}{\376\377\0001\0007\000\040\000S\000i\000n\000g\000l\000e\000-\000C\000e\000l\000l\000\040\000a\000n\000d\000\040\000S\000p\000a\000t\000i\000a\000l\000\040\000M\000u\000l\000t\000i\000o\000m\000i\000c\000s}{part.6}% 600
\BOOKMARK [1][-]{section.17.1}{\376\377\0001\0007\000.\0001\000\040\000T\000h\000e\000\040\000P\000r\000o\000m\000i\000s\000e\000\040\000o\000f\000\040\000M\000u\000l\000t\000i\000o\000m\000i\000c\000s}{chapter.17}% 601
\BOOKMARK [1][-]{section.17.2}{\376\377\0001\0007\000.\0002\000\040\000J\000o\000i\000n\000t\000\040\000R\000N\000A\000\040\000+\000\040\000C\000h\000r\000o\000m\000a\000t\000i\000n\000\040\000A\000c\000c\000e\000s\000s\000i\000b\000i\000l\000i\000t\000y}{chapter.17}% 602
\BOOKMARK [2][-]{subsection.17.2.1}{\376\377\0001\0007\000.\0002\000.\0001\000\040\0001\0000\000x\000\040\000G\000e\000n\000o\000m\000i\000c\000s\000\040\000M\000u\000l\000t\000i\000o\000m\000e\000\040\000\050\000A\000T\000A\000C\000\040\000+\000\040\000G\000E\000X\000\051}{section.17.2}% 603
\BOOKMARK [2][-]{subsection.17.2.2}{\376\377\0001\0007\000.\0002\000.\0002\000\040\000S\000H\000A\000R\000E\000-\000s\000e\000q\000,\000\040\000S\000N\000A\000R\000E\000-\000s\000e\000q\000,\000\040\000a\000n\000d\000\040\000P\000a\000i\000r\000e\000d\000-\000s\000e\000q}{section.17.2}% 604
\BOOKMARK [2][-]{subsection.17.2.3}{\376\377\0001\0007\000.\0002\000.\0003\000\040\000A\000n\000a\000l\000y\000s\000i\000s\000:\000\040\000L\000i\000n\000k\000i\000n\000g\000\040\000P\000e\000a\000k\000s\000\040\000t\000o\000\040\000G\000e\000n\000e\000s}{section.17.2}% 605
\BOOKMARK [2][-]{subsection.17.2.4}{\376\377\0001\0007\000.\0002\000.\0004\000\040\000P\000e\000a\000k\000-\000t\000o\000-\000G\000e\000n\000e\000\040\000C\000o\000r\000r\000e\000l\000a\000t\000i\000o\000n\000\040\000F\000r\000a\000m\000e\000w\000o\000r\000k}{section.17.2}% 606
\BOOKMARK [2][-]{subsection.17.2.5}{\376\377\0001\0007\000.\0002\000.\0005\000\040\000T\000o\000o\000l\000s\000\040\000f\000o\000r\000\040\000J\000o\000i\000n\000t\000\040\000R\000N\000A\000\040\000+\000\040\000A\000T\000A\000C\000\040\000A\000n\000a\000l\000y\000s\000i\000s}{section.17.2}% 607
\BOOKMARK [2][-]{subsection.17.2.6}{\376\377\0001\0007\000.\0002\000.\0006\000\040\000V\000a\000r\000i\000a\000t\000i\000o\000n\000a\000l\000\040\000A\000u\000t\000o\000e\000n\000c\000o\000d\000e\000r\000s\000\040\000f\000o\000r\000\040\000M\000u\000l\000t\000i\000o\000m\000i\000c\000s\000:\000\040\000s\000c\000V\000I\000,\000\040\000M\000u\000l\000t\000i\000V\000I\000,\000\040\000a\000n\000d\000\040\000t\000h\000e\000\040\000E\000L\000B\000O}{section.17.2}% 608
\BOOKMARK [2][-]{subsection.17.2.7}{\376\377\0001\0007\000.\0002\000.\0007\000\040\000G\000e\000n\000e\000\040\000R\000e\000g\000u\000l\000a\000t\000o\000r\000y\000\040\000N\000e\000t\000w\000o\000r\000k\000\040\000I\000n\000f\000e\000r\000e\000n\000c\000e\000\040\000w\000i\000t\000h\000\040\000S\000C\000E\000N\000I\000C\000+}{section.17.2}% 609
\BOOKMARK [1][-]{section.17.3}{\376\377\0001\0007\000.\0003\000\040\000J\000o\000i\000n\000t\000\040\000R\000N\000A\000\040\000+\000\040\000P\000r\000o\000t\000e\000i\000n\000\040\000\050\000S\000u\000r\000f\000a\000c\000e\000\040\000M\000a\000r\000k\000e\000r\000s\000\051}{chapter.17}% 610
\BOOKMARK [2][-]{subsection.17.3.1}{\376\377\0001\0007\000.\0003\000.\0001\000\040\000C\000I\000T\000E\000-\000s\000e\000q\000:\000\040\000A\000n\000t\000i\000b\000o\000d\000y\000-\000D\000e\000r\000i\000v\000e\000d\000\040\000T\000a\000g\000s\000\040\000+\000\040\000T\000r\000a\000n\000s\000c\000r\000i\000p\000t\000o\000m\000e}{section.17.3}% 611
\BOOKMARK [2][-]{subsection.17.3.2}{\376\377\0001\0007\000.\0003\000.\0002\000\040\000R\000E\000A\000P\000-\000s\000e\000q\000\040\000a\000n\000d\000\040\000A\000S\000A\000P\000-\000s\000e\000q}{section.17.3}% 612
\BOOKMARK [2][-]{subsection.17.3.3}{\376\377\0001\0007\000.\0003\000.\0003\000\040\000T\000o\000t\000a\000l\000V\000I\000\040\000f\000o\000r\000\040\000J\000o\000i\000n\000t\000\040\000R\000N\000A\000\040\000+\000\040\000P\000r\000o\000t\000e\000i\000n\000\040\000A\000n\000a\000l\000y\000s\000i\000s}{section.17.3}% 613
\BOOKMARK [2][-]{subsection.17.3.4}{\376\377\0001\0007\000.\0003\000.\0004\000\040\000A\000n\000t\000i\000b\000o\000d\000y\000\040\000P\000a\000n\000e\000l\000\040\000D\000e\000s\000i\000g\000n\000\040\000a\000n\000d\000\040\000P\000r\000o\000t\000e\000i\000n\000\040\000N\000o\000r\000m\000a\000l\000i\000z\000a\000t\000i\000o\000n}{section.17.3}% 614
\BOOKMARK [1][-]{section.17.4}{\376\377\0001\0007\000.\0004\000\040\000J\000o\000i\000n\000t\000\040\000R\000N\000A\000\040\000+\000\040\000D\000N\000A}{chapter.17}% 615
\BOOKMARK [2][-]{subsection.17.4.1}{\376\377\0001\0007\000.\0004\000.\0001\000\040\000G\000\046\000T\000-\000s\000e\000q\000:\000\040\000G\000e\000n\000o\000m\000e\000\040\000a\000n\000d\000\040\000T\000r\000a\000n\000s\000c\000r\000i\000p\000t\000o\000m\000e\000\040\000f\000r\000o\000m\000\040\000t\000h\000e\000\040\000S\000a\000m\000e\000\040\000C\000e\000l\000l}{section.17.4}% 616
\BOOKMARK [2][-]{subsection.17.4.2}{\376\377\0001\0007\000.\0004\000.\0002\000\040\000s\000c\000D\000N\000A\000-\000s\000e\000q\000\040\000+\000\040\000s\000c\000R\000N\000A\000-\000s\000e\000q\000\040\000I\000n\000t\000e\000g\000r\000a\000t\000i\000o\000n}{section.17.4}% 617
\BOOKMARK [2][-]{subsection.17.4.3}{\376\377\0001\0007\000.\0004\000.\0003\000\040\000L\000i\000n\000e\000a\000g\000e\000\040\000T\000r\000a\000c\000i\000n\000g\000\040\000w\000i\000t\000h\000\040\000C\000R\000I\000S\000P\000R\000\040\000B\000a\000r\000c\000o\000d\000e\000s}{section.17.4}% 618
\BOOKMARK [1][-]{section.17.5}{\376\377\0001\0007\000.\0005\000\040\000T\000r\000i\000p\000l\000e\000-\000O\000m\000i\000c\000s\000\040\000a\000n\000d\000\040\000B\000e\000y\000o\000n\000d}{chapter.17}% 619
\BOOKMARK [2][-]{subsection.17.5.1}{\376\377\0001\0007\000.\0005\000.\0001\000\040\000T\000E\000A\000-\000s\000e\000q\000\040\000a\000n\000d\000\040\000D\000O\000G\000M\000A\000-\000s\000e\000q}{section.17.5}% 620
\BOOKMARK [2][-]{subsection.17.5.2}{\376\377\0001\0007\000.\0005\000.\0002\000\040\000s\000c\000N\000M\000T\000-\000s\000e\000q\000:\000\040\000N\000u\000c\000l\000e\000o\000s\000o\000m\000e\000,\000\040\000M\000e\000t\000h\000y\000l\000a\000t\000i\000o\000n\000,\000\040\000a\000n\000d\000\040\000T\000r\000a\000n\000s\000c\000r\000i\000p\000t\000i\000o\000n}{section.17.5}% 621
\BOOKMARK [1][-]{section.17.6}{\376\377\0001\0007\000.\0006\000\040\000S\000p\000a\000t\000i\000a\000l\000\040\000M\000u\000l\000t\000i\000o\000m\000i\000c\000s}{chapter.17}% 622
\BOOKMARK [2][-]{subsection.17.6.1}{\376\377\0001\0007\000.\0006\000.\0001\000\040\000S\000p\000a\000t\000i\000a\000l\000\040\000C\000h\000r\000o\000m\000a\000t\000i\000n\000\040\000A\000c\000c\000e\000s\000s\000i\000b\000i\000l\000i\000t\000y}{section.17.6}% 623
\BOOKMARK [2][-]{subsection.17.6.2}{\376\377\0001\0007\000.\0006\000.\0002\000\040\000S\000p\000a\000t\000i\000a\000l\000\040\000P\000r\000o\000t\000e\000o\000m\000i\000c\000s}{section.17.6}% 624
\BOOKMARK [2][-]{subsection.17.6.3}{\376\377\0001\0007\000.\0006\000.\0003\000\040\0001\0000\000x\000\040\000V\000i\000s\000i\000u\000m\000\040\000+\000\040\000I\000m\000m\000u\000n\000o\000f\000l\000u\000o\000r\000e\000s\000c\000e\000n\000c\000e\000\040\000a\000n\000d\000\040\000D\000B\000i\000T\000-\000s\000e\000q}{section.17.6}% 625
\BOOKMARK [1][-]{section.17.7}{\376\377\0001\0007\000.\0007\000\040\000C\000o\000m\000p\000u\000t\000a\000t\000i\000o\000n\000a\000l\000\040\000I\000n\000t\000e\000g\000r\000a\000t\000i\000o\000n\000\040\000S\000t\000r\000a\000t\000e\000g\000i\000e\000s}{chapter.17}% 626
\BOOKMARK [2][-]{subsection.17.7.1}{\376\377\0001\0007\000.\0007\000.\0001\000\040\000V\000e\000r\000t\000i\000c\000a\000l\000\040\000I\000n\000t\000e\000g\000r\000a\000t\000i\000o\000n\000\040\000\050\000S\000a\000m\000e\000\040\000C\000e\000l\000l\000s\000,\000\040\000M\000u\000l\000t\000i\000p\000l\000e\000\040\000M\000o\000d\000a\000l\000i\000t\000i\000e\000s\000\051}{section.17.7}% 627
\BOOKMARK [2][-]{subsection.17.7.2}{\376\377\0001\0007\000.\0007\000.\0002\000\040\000W\000e\000i\000g\000h\000t\000e\000d\000\040\000N\000e\000a\000r\000e\000s\000t\000\040\000N\000e\000i\000g\000h\000b\000o\000u\000r\000\040\000\050\000W\000N\000N\000\051\000\040\000M\000a\000t\000h\000e\000m\000a\000t\000i\000c\000s}{section.17.7}% 628
\BOOKMARK [2][-]{subsection.17.7.3}{\376\377\0001\0007\000.\0007\000.\0003\000\040\000H\000o\000r\000i\000z\000o\000n\000t\000a\000l\000\040\000I\000n\000t\000e\000g\000r\000a\000t\000i\000o\000n\000\040\000\050\000D\000i\000f\000f\000e\000r\000e\000n\000t\000\040\000C\000e\000l\000l\000s\000,\000\040\000S\000a\000m\000e\000\040\000M\000o\000d\000a\000l\000i\000t\000y\000\051}{section.17.7}% 629
\BOOKMARK [2][-]{subsection.17.7.4}{\376\377\0001\0007\000.\0007\000.\0004\000\040\000D\000i\000a\000g\000o\000n\000a\000l\000\040\000I\000n\000t\000e\000g\000r\000a\000t\000i\000o\000n\000\040\000\050\000D\000i\000f\000f\000e\000r\000e\000n\000t\000\040\000C\000e\000l\000l\000s\000,\000\040\000D\000i\000f\000f\000e\000r\000e\000n\000t\000\040\000M\000o\000d\000a\000l\000i\000t\000i\000e\000s\000\051}{section.17.7}% 630
\BOOKMARK [2][-]{subsection.17.7.5}{\376\377\0001\0007\000.\0007\000.\0005\000\040\000B\000e\000n\000c\000h\000m\000a\000r\000k\000i\000n\000g\000:\000\040\000s\000c\000I\000B\000\040\000a\000n\000d\000\040\000B\000e\000y\000o\000n\000d}{section.17.7}% 631
\BOOKMARK [1][-]{section.17.8}{\376\377\0001\0007\000.\0008\000\040\000L\000i\000n\000e\000a\000g\000e\000\040\000T\000r\000a\000c\000i\000n\000g\000\040\000T\000e\000c\000h\000n\000o\000l\000o\000g\000i\000e\000s}{chapter.17}% 632
\BOOKMARK [2][-]{subsection.17.8.1}{\376\377\0001\0007\000.\0008\000.\0001\000\040\000C\000R\000I\000S\000P\000R\000-\000B\000a\000s\000e\000d\000\040\000L\000i\000n\000e\000a\000g\000e\000\040\000B\000a\000r\000c\000o\000d\000i\000n\000g}{section.17.8}% 633
\BOOKMARK [2][-]{subsection.17.8.2}{\376\377\0001\0007\000.\0008\000.\0002\000\040\000N\000a\000t\000u\000r\000a\000l\000\040\000L\000i\000n\000e\000a\000g\000e\000\040\000M\000a\000r\000k\000e\000r\000s}{section.17.8}% 634
\BOOKMARK [2][-]{subsection.17.8.3}{\376\377\0001\0007\000.\0008\000.\0003\000\040\000C\000o\000m\000p\000u\000t\000a\000t\000i\000o\000n\000a\000l\000\040\000T\000o\000o\000l\000s\000\040\000f\000o\000r\000\040\000L\000i\000n\000e\000a\000g\000e\000\040\000R\000e\000c\000o\000n\000s\000t\000r\000u\000c\000t\000i\000o\000n}{section.17.8}% 635
\BOOKMARK [1][-]{section.17.9}{\376\377\0001\0007\000.\0009\000\040\000P\000e\000r\000t\000u\000r\000b\000a\000t\000i\000o\000n\000-\000s\000e\000q\000\040\000A\000p\000p\000r\000o\000a\000c\000h\000e\000s}{chapter.17}% 636
\BOOKMARK [2][-]{subsection.17.9.1}{\376\377\0001\0007\000.\0009\000.\0001\000\040\000P\000e\000r\000t\000u\000r\000b\000-\000s\000e\000q\000\040\000a\000n\000d\000\040\000C\000R\000O\000P\000-\000s\000e\000q}{section.17.9}% 637
\BOOKMARK [2][-]{subsection.17.9.2}{\376\377\0001\0007\000.\0009\000.\0002\000\040\000E\000C\000C\000I\000T\000E\000-\000s\000e\000q\000:\000\040\000C\000R\000I\000S\000P\000R\000\040\000+\000\040\000C\000I\000T\000E\000-\000s\000e\000q}{section.17.9}% 638
\BOOKMARK [2][-]{subsection.17.9.3}{\376\377\0001\0007\000.\0009\000.\0003\000\040\000A\000n\000a\000l\000y\000s\000i\000s\000\040\000o\000f\000\040\000P\000e\000r\000t\000u\000r\000b\000a\000t\000i\000o\000n\000\040\000S\000c\000r\000e\000e\000n\000s}{section.17.9}% 639
\BOOKMARK [1][-]{section.17.10}{\376\377\0001\0007\000.\0001\0000\000\040\000M\000u\000l\000t\000i\000o\000m\000i\000c\000s\000\040\000W\000o\000r\000k\000f\000l\000o\000w\000\040\000E\000x\000a\000m\000p\000l\000e}{chapter.17}% 640
\BOOKMARK [2][-]{subsection.17.10.1}{\376\377\0001\0007\000.\0001\0000\000.\0001\000\040\000S\000n\000a\000k\000e\000m\000a\000k\000e\000\040\000W\000o\000r\000k\000f\000l\000o\000w}{section.17.10}% 641
\BOOKMARK [2][-]{subsection.17.10.2}{\376\377\0001\0007\000.\0001\0000\000.\0002\000\040\000N\000e\000x\000t\000f\000l\000o\000w\000\040\000W\000o\000r\000k\000f\000l\000o\000w}{section.17.10}% 642
\BOOKMARK [1][-]{section.17.11}{\376\377\0001\0007\000.\0001\0001\000\040\000M\000u\000l\000t\000i\000o\000m\000i\000c\000s\000\040\000A\000p\000p\000r\000o\000a\000c\000h\000\040\000C\000o\000m\000p\000a\000r\000i\000s\000o\000n}{chapter.17}% 643
\BOOKMARK [1][-]{section.17.12}{\376\377\0001\0007\000.\0001\0002\000\040\000V\000i\000s\000u\000a\000l\000i\000s\000i\000n\000g\000\040\000t\000h\000e\000\040\000M\000u\000l\000t\000i\000o\000m\000i\000c\000s\000\040\000L\000a\000n\000d\000s\000c\000a\000p\000e}{chapter.17}% 644
\BOOKMARK [1][-]{section.17.13}{\376\377\0001\0007\000.\0001\0003\000\040\000S\000u\000m\000m\000a\000r\000y}{chapter.17}% 645
\BOOKMARK [0][-]{chapter.18}{\376\377\0001\0008\000\040\000S\000p\000e\000c\000i\000a\000l\000i\000z\000e\000d\000\040\000S\000e\000q\000u\000e\000n\000c\000i\000n\000g\000\040\000A\000p\000p\000l\000i\000c\000a\000t\000i\000o\000n\000s}{part.6}% 646
\BOOKMARK [1][-]{section.18.1}{\376\377\0001\0008\000.\0001\000\040\000R\000i\000b\000o\000s\000o\000m\000e\000\040\000P\000r\000o\000f\000i\000l\000i\000n\000g\000\040\000\050\000R\000i\000b\000o\000-\000s\000e\000q\000\051}{chapter.18}% 647
\BOOKMARK [2][-]{subsection.18.1.1}{\376\377\0001\0008\000.\0001\000.\0001\000\040\000P\000r\000i\000n\000c\000i\000p\000l\000e\000:\000\040\000M\000e\000a\000s\000u\000r\000i\000n\000g\000\040\000T\000r\000a\000n\000s\000l\000a\000t\000i\000o\000n\000\040\000i\000n\000\040\000R\000e\000a\000l\000\040\000T\000i\000m\000e}{section.18.1}% 648
\BOOKMARK [2][-]{subsection.18.1.2}{\376\377\0001\0008\000.\0001\000.\0002\000\040\000P\000-\000s\000i\000t\000e\000\040\000M\000a\000p\000p\000i\000n\000g\000\040\000a\000n\000d\000\040\000T\000r\000a\000n\000s\000l\000a\000t\000i\000o\000n\000a\000l\000\040\000E\000f\000f\000i\000c\000i\000e\000n\000c\000y}{section.18.1}% 649
\BOOKMARK [2][-]{subsection.18.1.3}{\376\377\0001\0008\000.\0001\000.\0003\000\040\000P\000-\000s\000i\000t\000e\000\040\000O\000f\000f\000s\000e\000t\000\040\000D\000e\000t\000e\000r\000m\000i\000n\000a\000t\000i\000o\000n\000\040\000a\000n\000d\000\040\000M\000e\000t\000a\000g\000e\000n\000e\000\040\000A\000n\000a\000l\000y\000s\000i\000s}{section.18.1}% 650
\BOOKMARK [2][-]{subsection.18.1.4}{\376\377\0001\0008\000.\0001\000.\0004\000\040\000T\000o\000o\000l\000s\000\040\000f\000o\000r\000\040\000R\000i\000b\000o\000-\000s\000e\000q\000\040\000A\000n\000a\000l\000y\000s\000i\000s}{section.18.1}% 651
\BOOKMARK [2][-]{subsection.18.1.5}{\376\377\0001\0008\000.\0001\000.\0005\000\040\000D\000i\000s\000c\000o\000v\000e\000r\000i\000n\000g\000\040\000N\000o\000v\000e\000l\000\040\000T\000r\000a\000n\000s\000l\000a\000t\000e\000d\000\040\000O\000R\000F\000s}{section.18.1}% 652
\BOOKMARK [1][-]{section.18.2}{\376\377\0001\0008\000.\0002\000\040\000C\000R\000I\000S\000P\000R\000\040\000S\000c\000r\000e\000e\000n\000s}{chapter.18}% 653
\BOOKMARK [2][-]{subsection.18.2.1}{\376\377\0001\0008\000.\0002\000.\0001\000\040\000P\000o\000o\000l\000e\000d\000\040\000C\000R\000I\000S\000P\000R\000\040\000K\000n\000o\000c\000k\000o\000u\000t\000\040\000S\000c\000r\000e\000e\000n\000s}{section.18.2}% 654
\BOOKMARK [2][-]{subsection.18.2.2}{\376\377\0001\0008\000.\0002\000.\0002\000\040\000C\000R\000I\000S\000P\000R\000i\000\040\000a\000n\000d\000\040\000C\000R\000I\000S\000P\000R\000a\000\040\000S\000c\000r\000e\000e\000n\000s}{section.18.2}% 655
\BOOKMARK [2][-]{subsection.18.2.3}{\376\377\0001\0008\000.\0002\000.\0003\000\040\000G\000u\000i\000d\000e\000\040\000R\000N\000A\000\040\000L\000i\000b\000r\000a\000r\000y\000\040\000D\000e\000s\000i\000g\000n}{section.18.2}% 656
\BOOKMARK [2][-]{subsection.18.2.4}{\376\377\0001\0008\000.\0002\000.\0004\000\040\000A\000n\000a\000l\000y\000s\000i\000s\000\040\000T\000o\000o\000l\000s\000\040\000f\000o\000r\000\040\000C\000R\000I\000S\000P\000R\000\040\000S\000c\000r\000e\000e\000n\000s}{section.18.2}% 657
\BOOKMARK [2][-]{subsection.18.2.5}{\376\377\0001\0008\000.\0002\000.\0005\000\040\000M\000A\000G\000e\000C\000K\000\040\000S\000t\000a\000t\000i\000s\000t\000i\000c\000a\000l\000\040\000F\000r\000a\000m\000e\000w\000o\000r\000k}{section.18.2}% 658
\BOOKMARK [1][-]{section.18.3}{\376\377\0001\0008\000.\0003\000\040\000C\000e\000l\000l\000-\000F\000r\000e\000e\000\040\000D\000N\000A\000\040\000a\000n\000d\000\040\000L\000i\000q\000u\000i\000d\000\040\000B\000i\000o\000p\000s\000y}{chapter.18}% 659
\BOOKMARK [2][-]{subsection.18.3.1}{\376\377\0001\0008\000.\0003\000.\0001\000\040\000C\000i\000r\000c\000u\000l\000a\000t\000i\000n\000g\000\040\000T\000u\000m\000o\000r\000\040\000D\000N\000A\000\040\000\050\000c\000t\000D\000N\000A\000\051}{section.18.3}% 660
\BOOKMARK [2][-]{subsection.18.3.2}{\376\377\0001\0008\000.\0003\000.\0002\000\040\000N\000o\000n\000-\000I\000n\000v\000a\000s\000i\000v\000e\000\040\000P\000r\000e\000n\000a\000t\000a\000l\000\040\000T\000e\000s\000t\000i\000n\000g\000\040\000\050\000N\000I\000P\000T\000\051}{section.18.3}% 661
\BOOKMARK [2][-]{subsection.18.3.3}{\376\377\0001\0008\000.\0003\000.\0003\000\040\000C\000a\000n\000c\000e\000r\000\040\000D\000e\000t\000e\000c\000t\000i\000o\000n\000\040\000A\000p\000p\000l\000i\000c\000a\000t\000i\000o\000n\000s}{section.18.3}% 662
\BOOKMARK [2][-]{subsection.18.3.4}{\376\377\0001\0008\000.\0003\000.\0004\000\040\000F\000r\000a\000g\000m\000e\000n\000t\000o\000m\000i\000c\000s}{section.18.3}% 663
\BOOKMARK [2][-]{subsection.18.3.5}{\376\377\0001\0008\000.\0003\000.\0005\000\040\000c\000f\000D\000N\000A\000\040\000F\000r\000a\000g\000m\000e\000n\000t\000o\000m\000i\000c\000s\000:\000\040\000F\000r\000o\000m\000\040\000S\000i\000z\000e\000\040\000D\000i\000s\000t\000r\000i\000b\000u\000t\000i\000o\000n\000s\000\040\000t\000o\000\040\000N\000u\000c\000l\000e\000o\000s\000o\000m\000e\000\040\000F\000o\000o\000t\000p\000r\000i\000n\000t\000i\000n\000g}{section.18.3}% 664
\BOOKMARK [2][-]{subsection.18.3.6}{\376\377\0001\0008\000.\0003\000.\0006\000\040\000M\000e\000t\000h\000y\000l\000a\000t\000i\000o\000n\000-\000B\000a\000s\000e\000d\000\040\000C\000a\000n\000c\000e\000r\000\040\000D\000e\000t\000e\000c\000t\000i\000o\000n}{section.18.3}% 665
\BOOKMARK [2][-]{subsection.18.3.7}{\376\377\0001\0008\000.\0003\000.\0007\000\040\000T\000e\000c\000h\000n\000i\000c\000a\000l\000\040\000C\000h\000a\000l\000l\000e\000n\000g\000e\000s\000\040\000a\000n\000d\000\040\000E\000r\000r\000o\000r\000\040\000C\000o\000r\000r\000e\000c\000t\000i\000o\000n}{section.18.3}% 666
\BOOKMARK [1][-]{section.18.4}{\376\377\0001\0008\000.\0004\000\040\000A\000d\000a\000p\000t\000i\000v\000e\000\040\000S\000a\000m\000p\000l\000i\000n\000g\000\040\000\050\000O\000x\000f\000o\000r\000d\000\040\000N\000a\000n\000o\000p\000o\000r\000e\000\051}{chapter.18}% 667
\BOOKMARK [2][-]{subsection.18.4.1}{\376\377\0001\0008\000.\0004\000.\0001\000\040\000R\000e\000a\000l\000-\000T\000i\000m\000e\000\040\000S\000e\000l\000e\000c\000t\000i\000v\000e\000\040\000S\000e\000q\000u\000e\000n\000c\000i\000n\000g}{section.18.4}% 668
\BOOKMARK [2][-]{subsection.18.4.2}{\376\377\0001\0008\000.\0004\000.\0002\000\040\000S\000o\000f\000t\000w\000a\000r\000e\000\040\000a\000n\000d\000\040\000A\000p\000p\000l\000i\000c\000a\000t\000i\000o\000n\000s}{section.18.4}% 669
\BOOKMARK [1][-]{section.18.5}{\376\377\0001\0008\000.\0005\000\040\000O\000p\000t\000i\000c\000a\000l\000\040\000G\000e\000n\000o\000m\000e\000\040\000M\000a\000p\000p\000i\000n\000g\000\040\000\050\000B\000i\000o\000n\000a\000n\000o\000\040\000S\000a\000p\000h\000y\000r\000\051}{chapter.18}% 670
\BOOKMARK [1][-]{section.18.6}{\376\377\0001\0008\000.\0006\000\040\000E\000p\000i\000t\000r\000a\000n\000s\000c\000r\000i\000p\000t\000o\000m\000i\000c\000s\000:\000\040\000R\000N\000A\000\040\000M\000o\000d\000i\000f\000i\000c\000a\000t\000i\000o\000n\000s}{chapter.18}% 671
\BOOKMARK [2][-]{subsection.18.6.1}{\376\377\0001\0008\000.\0006\000.\0001\000\040\000T\000h\000e\000\040\000R\000N\000A\000\040\000M\000o\000d\000i\000f\000i\000c\000a\000t\000i\000o\000n\000\040\000L\000a\000n\000d\000s\000c\000a\000p\000e}{section.18.6}% 672
\BOOKMARK [2][-]{subsection.18.6.2}{\376\377\0001\0008\000.\0006\000.\0002\000\040\000S\000e\000q\000u\000e\000n\000c\000i\000n\000g\000-\000B\000a\000s\000e\000d\000\040\000D\000e\000t\000e\000c\000t\000i\000o\000n\000\040\000o\000f\000\040\000R\000N\000A\000\040\000M\000o\000d\000i\000f\000i\000c\000a\000t\000i\000o\000n\000s}{section.18.6}% 673
\BOOKMARK [1][-]{section.18.7}{\376\377\0001\0008\000.\0007\000\040\000T\000e\000l\000o\000m\000e\000r\000e\000\040\000a\000n\000d\000\040\000C\000e\000n\000t\000r\000o\000m\000e\000r\000e\000\040\000S\000e\000q\000u\000e\000n\000c\000i\000n\000g\000:\000\040\000T\0002\000T\000\040\000A\000p\000p\000r\000o\000a\000c\000h\000e\000s}{chapter.18}% 674
\BOOKMARK [1][-]{section.18.8}{\376\377\0001\0008\000.\0008\000\040\000C\000h\000r\000o\000m\000o\000s\000o\000m\000e\000\040\000C\000o\000n\000f\000o\000r\000m\000a\000t\000i\000o\000n\000\040\000i\000n\000\040\000C\000l\000i\000n\000i\000c\000a\000l\000\040\000S\000e\000t\000t\000i\000n\000g\000s}{chapter.18}% 675
\BOOKMARK [1][-]{section.18.9}{\376\377\0001\0008\000.\0009\000\040\000P\000r\000a\000c\000t\000i\000c\000a\000l\000\040\000W\000o\000r\000k\000f\000l\000o\000w\000:\000\040\000R\000i\000b\000o\000-\000s\000e\000q\000\040\000P\000r\000o\000c\000e\000s\000s\000i\000n\000g}{chapter.18}% 676
\BOOKMARK [2][-]{subsection.18.9.1}{\376\377\0001\0008\000.\0009\000.\0001\000\040\000S\000n\000a\000k\000e\000m\000a\000k\000e\000\040\000W\000o\000r\000k\000f\000l\000o\000w}{section.18.9}% 677
\BOOKMARK [2][-]{subsection.18.9.2}{\376\377\0001\0008\000.\0009\000.\0002\000\040\000N\000e\000x\000t\000f\000l\000o\000w\000\040\000W\000o\000r\000k\000f\000l\000o\000w}{section.18.9}% 678
\BOOKMARK [1][-]{section.18.10}{\376\377\0001\0008\000.\0001\0000\000\040\000C\000o\000m\000p\000a\000r\000i\000s\000o\000n\000\040\000o\000f\000\040\000S\000p\000e\000c\000i\000a\000l\000i\000z\000e\000d\000\040\000A\000p\000p\000l\000i\000c\000a\000t\000i\000o\000n\000s}{chapter.18}% 679
\BOOKMARK [1][-]{section.18.11}{\376\377\0001\0008\000.\0001\0001\000\040\000S\000u\000m\000m\000a\000r\000y}{chapter.18}% 680
\BOOKMARK [0][-]{chapter.19}{\376\377\0001\0009\000\040\000E\000m\000e\000r\000g\000i\000n\000g\000\040\000T\000e\000c\000h\000n\000o\000l\000o\000g\000i\000e\000s\000\040\000a\000n\000d\000\040\000F\000u\000t\000u\000r\000e\000\040\000D\000i\000r\000e\000c\000t\000i\000o\000n\000s}{part.6}% 681
\BOOKMARK [1][-]{section.19.1}{\376\377\0001\0009\000.\0001\000\040\000P\000r\000o\000t\000e\000i\000n\000\040\000S\000e\000q\000u\000e\000n\000c\000i\000n\000g\000\040\000b\000y\000\040\000S\000e\000q\000u\000e\000n\000c\000i\000n\000g\000-\000A\000d\000j\000a\000c\000e\000n\000t\000\040\000T\000e\000c\000h\000n\000o\000l\000o\000g\000i\000e\000s}{chapter.19}% 682
\BOOKMARK [2][-]{subsection.19.1.1}{\376\377\0001\0009\000.\0001\000.\0001\000\040\000Q\000u\000a\000n\000t\000u\000m\000-\000S\000i\000:\000\040\000S\000i\000n\000g\000l\000e\000-\000M\000o\000l\000e\000c\000u\000l\000e\000\040\000P\000r\000o\000t\000e\000i\000n\000\040\000S\000e\000q\000u\000e\000n\000c\000i\000n\000g}{section.19.1}% 683
\BOOKMARK [2][-]{subsection.19.1.2}{\376\377\0001\0009\000.\0001\000.\0002\000\040\000N\000a\000u\000t\000i\000l\000u\000s\000\040\000B\000i\000o\000t\000e\000c\000h\000n\000o\000l\000o\000g\000y\000:\000\040\000P\000r\000o\000t\000e\000o\000m\000e\000\040\000A\000n\000a\000l\000y\000s\000i\000s\000\040\000P\000l\000a\000t\000f\000o\000r\000m}{section.19.1}% 684
\BOOKMARK [2][-]{subsection.19.1.3}{\376\377\0001\0009\000.\0001\000.\0003\000\040\000N\000a\000n\000o\000p\000o\000r\000e\000-\000B\000a\000s\000e\000d\000\040\000P\000r\000o\000t\000e\000i\000n\000\040\000S\000e\000q\000u\000e\000n\000c\000i\000n\000g\000:\000\040\000S\000i\000g\000n\000a\000l\000\040\000M\000o\000d\000e\000l\000s\000\040\000a\000n\000d\000\040\000C\000h\000a\000l\000l\000e\000n\000g\000e\000s}{section.19.1}% 685
\BOOKMARK [1][-]{section.19.2}{\376\377\0001\0009\000.\0002\000\040\000I\000n\000\040\000S\000i\000t\000u\000\040\000S\000e\000q\000u\000e\000n\000c\000i\000n\000g\000\040\000i\000n\000\040\000T\000i\000s\000s\000u\000e\000s}{chapter.19}% 686
\BOOKMARK [2][-]{subsection.19.2.1}{\376\377\0001\0009\000.\0002\000.\0001\000\040\000K\000e\000y\000\040\000I\000n\000\040\000S\000i\000t\000u\000\040\000S\000e\000q\000u\000e\000n\000c\000i\000n\000g\000\040\000T\000e\000c\000h\000n\000o\000l\000o\000g\000i\000e\000s}{section.19.2}% 687
\BOOKMARK [1][-]{section.19.3}{\376\377\0001\0009\000.\0003\000\040\000S\000i\000n\000g\000l\000e\000-\000C\000e\000l\000l\000\040\000P\000r\000o\000t\000e\000o\000m\000i\000c\000s\000\040\000b\000y\000\040\000M\000a\000s\000s\000\040\000S\000p\000e\000c\000t\000r\000o\000m\000e\000t\000r\000y}{chapter.19}% 688
\BOOKMARK [1][-]{section.19.4}{\376\377\0001\0009\000.\0004\000\040\000P\000r\000o\000g\000r\000a\000m\000m\000a\000b\000l\000e\000\040\000B\000i\000o\000l\000o\000g\000y\000\040\000a\000n\000d\000\040\000S\000y\000n\000t\000h\000e\000t\000i\000c\000\040\000L\000o\000n\000g\000\040\000R\000e\000a\000d\000s}{chapter.19}% 689
\BOOKMARK [2][-]{subsection.19.4.1}{\376\377\0001\0009\000.\0004\000.\0001\000\040\000L\000i\000n\000k\000e\000d\000-\000R\000e\000a\000d\000\040\000T\000e\000c\000h\000n\000o\000l\000o\000g\000i\000e\000s}{section.19.4}% 690
\BOOKMARK [2][-]{subsection.19.4.2}{\376\377\0001\0009\000.\0004\000.\0002\000\040\000U\000n\000i\000v\000e\000r\000s\000a\000l\000\040\000S\000e\000q\000u\000e\000n\000c\000i\000n\000g\000\040\000T\000e\000c\000h\000n\000o\000l\000o\000g\000y}{section.19.4}% 691
\BOOKMARK [1][-]{section.19.5}{\376\377\0001\0009\000.\0005\000\040\000U\000l\000t\000r\000a\000-\000L\000o\000n\000g\000\040\000N\000a\000n\000o\000p\000o\000r\000e\000\040\000S\000e\000q\000u\000e\000n\000c\000i\000n\000g\000\040\000A\000d\000v\000a\000n\000c\000e\000s}{chapter.19}% 692
\BOOKMARK [2][-]{subsection.19.5.1}{\376\377\0001\0009\000.\0005\000.\0001\000\040\000U\000l\000t\000r\000a\000-\000H\000i\000g\000h\000\040\000M\000o\000l\000e\000c\000u\000l\000a\000r\000\040\000W\000e\000i\000g\000h\000t\000\040\000D\000N\000A\000\040\000E\000x\000t\000r\000a\000c\000t\000i\000o\000n}{section.19.5}% 693
\BOOKMARK [2][-]{subsection.19.5.2}{\376\377\0001\0009\000.\0005\000.\0002\000\040\000A\000p\000p\000l\000i\000c\000a\000t\000i\000o\000n\000s\000\040\000o\000f\000\040\000U\000l\000t\000r\000a\000-\000L\000o\000n\000g\000\040\000R\000e\000a\000d\000s}{section.19.5}% 694
\BOOKMARK [1][-]{section.19.6}{\376\377\0001\0009\000.\0006\000\040\000A\000I\000\040\000a\000n\000d\000\040\000M\000a\000c\000h\000i\000n\000e\000\040\000L\000e\000a\000r\000n\000i\000n\000g\000\040\000i\000n\000\040\000S\000e\000q\000u\000e\000n\000c\000i\000n\000g}{chapter.19}% 695
\BOOKMARK [2][-]{subsection.19.6.1}{\376\377\0001\0009\000.\0006\000.\0001\000\040\000N\000e\000u\000r\000a\000l\000\040\000N\000e\000t\000w\000o\000r\000k\000\040\000B\000a\000s\000e\000c\000a\000l\000l\000e\000r\000s}{section.19.6}% 696
\BOOKMARK [2][-]{subsection.19.6.2}{\376\377\0001\0009\000.\0006\000.\0002\000\040\000A\000I\000-\000P\000o\000w\000e\000r\000e\000d\000\040\000V\000a\000r\000i\000a\000n\000t\000\040\000C\000a\000l\000l\000i\000n\000g}{section.19.6}% 697
\BOOKMARK [2][-]{subsection.19.6.3}{\376\377\0001\0009\000.\0006\000.\0003\000\040\000G\000e\000n\000o\000m\000i\000c\000\040\000L\000a\000n\000g\000u\000a\000g\000e\000\040\000M\000o\000d\000e\000l\000s\000\040\000a\000n\000d\000\040\000F\000o\000u\000n\000d\000a\000t\000i\000o\000n\000\040\000M\000o\000d\000e\000l\000s}{section.19.6}% 698
\BOOKMARK [2][-]{subsection.19.6.4}{\376\377\0001\0009\000.\0006\000.\0004\000\040\000T\000r\000a\000n\000s\000f\000o\000r\000m\000e\000r\000\040\000A\000r\000c\000h\000i\000t\000e\000c\000t\000u\000r\000e\000\040\000f\000o\000r\000\040\000G\000e\000n\000o\000m\000i\000c\000\040\000S\000e\000q\000u\000e\000n\000c\000e\000s}{section.19.6}% 699
\BOOKMARK [2][-]{subsection.19.6.5}{\376\377\0001\0009\000.\0006\000.\0005\000\040\000A\000l\000p\000h\000a\000F\000o\000l\000d\000\040\000a\000n\000d\000\040\000t\000h\000e\000\040\000S\000e\000q\000u\000e\000n\000c\000e\000-\000t\000o\000-\000S\000t\000r\000u\000c\000t\000u\000r\000e\000\040\000C\000o\000n\000n\000e\000c\000t\000i\000o\000n}{section.19.6}% 700
\BOOKMARK [1][-]{section.19.7}{\376\377\0001\0009\000.\0007\000\040\000C\000l\000o\000u\000d\000\040\000a\000n\000d\000\040\000O\000n\000-\000P\000r\000e\000m\000i\000s\000e\000\040\000C\000o\000m\000p\000u\000t\000i\000n\000g}{chapter.19}% 701
\BOOKMARK [2][-]{subsection.19.7.1}{\376\377\0001\0009\000.\0007\000.\0001\000\040\000M\000a\000j\000o\000r\000\040\000C\000l\000o\000u\000d\000\040\000P\000l\000a\000t\000f\000o\000r\000m\000s\000\040\000f\000o\000r\000\040\000G\000e\000n\000o\000m\000i\000c\000s}{section.19.7}% 702
\BOOKMARK [2][-]{subsection.19.7.2}{\376\377\0001\0009\000.\0007\000.\0002\000\040\000G\000P\000U\000\040\000A\000c\000c\000e\000l\000e\000r\000a\000t\000i\000o\000n}{section.19.7}% 703
\BOOKMARK [1][-]{section.19.8}{\376\377\0001\0009\000.\0008\000\040\000P\000o\000r\000t\000a\000b\000l\000e\000\040\000a\000n\000d\000\040\000P\000o\000i\000n\000t\000-\000o\000f\000-\000C\000a\000r\000e\000\040\000S\000e\000q\000u\000e\000n\000c\000i\000n\000g}{chapter.19}% 704
\BOOKMARK [2][-]{subsection.19.8.1}{\376\377\0001\0009\000.\0008\000.\0001\000\040\000F\000i\000e\000l\000d\000\040\000S\000e\000q\000u\000e\000n\000c\000i\000n\000g\000\040\000D\000e\000p\000l\000o\000y\000m\000e\000n\000t\000s}{section.19.8}% 705
\BOOKMARK [2][-]{subsection.19.8.2}{\376\377\0001\0009\000.\0008\000.\0002\000\040\000C\000l\000i\000n\000i\000c\000a\000l\000\040\000R\000a\000p\000i\000d\000\040\000S\000e\000q\000u\000e\000n\000c\000i\000n\000g}{section.19.8}% 706
\BOOKMARK [2][-]{subsection.19.8.3}{\376\377\0001\0009\000.\0008\000.\0003\000\040\000V\000e\000t\000e\000r\000i\000n\000a\000r\000y\000\040\000a\000n\000d\000\040\000A\000g\000r\000i\000c\000u\000l\000t\000u\000r\000a\000l\000\040\000D\000i\000a\000g\000n\000o\000s\000t\000i\000c\000s}{section.19.8}% 707
\BOOKMARK [1][-]{section.19.9}{\376\377\0001\0009\000.\0009\000\040\000D\000e\000m\000o\000c\000r\000a\000t\000i\000s\000i\000n\000g\000\040\000G\000e\000n\000o\000m\000i\000c\000s\000\040\000a\000n\000d\000\040\000H\000e\000a\000l\000t\000h\000c\000a\000r\000e}{chapter.19}% 708
\BOOKMARK [2][-]{subsection.19.9.1}{\376\377\0001\0009\000.\0009\000.\0001\000\040\000T\000h\000e\000\040\000F\000a\000l\000l\000i\000n\000g\000\040\000C\000o\000s\000t\000\040\000o\000f\000\040\000P\000e\000r\000s\000o\000n\000a\000l\000\040\000G\000e\000n\000o\000m\000e\000\040\000S\000e\000q\000u\000e\000n\000c\000i\000n\000g}{section.19.9}% 709
\BOOKMARK [2][-]{subsection.19.9.2}{\376\377\0001\0009\000.\0009\000.\0002\000\040\000O\000p\000t\000i\000o\000n\000s\000\040\000f\000o\000r\000\040\000O\000b\000t\000a\000i\000n\000i\000n\000g\000\040\000Y\000o\000u\000r\000\040\000G\000e\000n\000o\000m\000e\000\040\000S\000e\000q\000u\000e\000n\000c\000e}{section.19.9}% 710
\BOOKMARK [2][-]{subsection.19.9.3}{\376\377\0001\0009\000.\0009\000.\0003\000\040\000P\000r\000o\000c\000e\000s\000s\000i\000n\000g\000\040\000Y\000o\000u\000r\000\040\000O\000w\000n\000\040\000G\000e\000n\000o\000m\000e\000:\000\040\000A\000\040\000P\000r\000a\000c\000t\000i\000c\000a\000l\000\040\000G\000u\000i\000d\000e}{section.19.9}% 711
\BOOKMARK [2][-]{subsection.19.9.4}{\376\377\0001\0009\000.\0009\000.\0004\000\040\000E\000q\000u\000i\000t\000y\000\040\000a\000n\000d\000\040\000t\000h\000e\000\040\000D\000i\000g\000i\000t\000a\000l\000\040\000D\000i\000v\000i\000d\000e\000\040\000i\000n\000\040\000G\000e\000n\000o\000m\000i\000c\000\040\000M\000e\000d\000i\000c\000i\000n\000e}{section.19.9}% 712
\BOOKMARK [2][-]{subsection.19.9.5}{\376\377\0001\0009\000.\0009\000.\0005\000\040\000T\000h\000e\000\040\000P\000e\000r\000s\000o\000n\000a\000l\000\040\000G\000e\000n\000o\000m\000e\000\040\000a\000s\000\040\000a\000\040\000L\000o\000n\000g\000i\000t\000u\000d\000i\000n\000a\000l\000\040\000H\000e\000a\000l\000t\000h\000\040\000T\000o\000o\000l}{section.19.9}% 713
\BOOKMARK [1][-]{section.19.10}{\376\377\0001\0009\000.\0001\0000\000\040\000I\000n\000t\000e\000g\000r\000a\000t\000i\000o\000n\000\040\000o\000f\000\040\000M\000u\000l\000t\000i\000-\000O\000m\000i\000c\000s\000\040\000w\000i\000t\000h\000\040\000E\000l\000e\000c\000t\000r\000o\000n\000i\000c\000\040\000H\000e\000a\000l\000t\000h\000\040\000R\000e\000c\000o\000r\000d\000s}{chapter.19}% 714
\BOOKMARK [1][-]{section.19.11}{\376\377\0001\0009\000.\0001\0001\000\040\000P\000a\000n\000g\000e\000n\000o\000m\000i\000c\000s\000:\000\040\000M\000o\000v\000i\000n\000g\000\040\000B\000e\000y\000o\000n\000d\000\040\000S\000i\000n\000g\000l\000e\000\040\000R\000e\000f\000e\000r\000e\000n\000c\000e\000\040\000G\000e\000n\000o\000m\000e\000s}{chapter.19}% 715
\BOOKMARK [2][-]{subsection.19.11.1}{\376\377\0001\0009\000.\0001\0001\000.\0001\000\040\000T\000h\000e\000\040\000L\000i\000m\000i\000t\000a\000t\000i\000o\000n\000s\000\040\000o\000f\000\040\000a\000\040\000S\000i\000n\000g\000l\000e\000\040\000R\000e\000f\000e\000r\000e\000n\000c\000e}{section.19.11}% 716
\BOOKMARK [2][-]{subsection.19.11.2}{\376\377\0001\0009\000.\0001\0001\000.\0002\000\040\000T\000h\000e\000\040\000H\000u\000m\000a\000n\000\040\000P\000a\000n\000g\000e\000n\000o\000m\000e\000\040\000R\000e\000f\000e\000r\000e\000n\000c\000e\000\040\000C\000o\000n\000s\000o\000r\000t\000i\000u\000m}{section.19.11}% 717
\BOOKMARK [2][-]{subsection.19.11.3}{\376\377\0001\0009\000.\0001\0001\000.\0003\000\040\000G\000r\000a\000p\000h\000-\000B\000a\000s\000e\000d\000\040\000R\000e\000f\000e\000r\000e\000n\000c\000e\000s}{section.19.11}% 718
\BOOKMARK [2][-]{subsection.19.11.4}{\376\377\0001\0009\000.\0001\0001\000.\0004\000\040\000P\000a\000n\000g\000e\000n\000o\000m\000e\000\040\000G\000r\000a\000p\000h\000\040\000F\000o\000r\000m\000a\000l\000i\000s\000m\000\040\000a\000n\000d\000\040\000t\000h\000e\000\040\000G\000F\000A\000\040\000F\000o\000r\000m\000a\000t}{section.19.11}% 719
\BOOKMARK [2][-]{subsection.19.11.5}{\376\377\0001\0009\000.\0001\0001\000.\0005\000\040\000P\000o\000p\000u\000l\000a\000t\000i\000o\000n\000-\000S\000p\000e\000c\000i\000f\000i\000c\000\040\000R\000e\000f\000e\000r\000e\000n\000c\000e\000s}{section.19.11}% 720
\BOOKMARK [1][-]{section.19.12}{\376\377\0001\0009\000.\0001\0002\000\040\000E\000t\000h\000i\000c\000a\000l\000\040\000C\000o\000n\000s\000i\000d\000e\000r\000a\000t\000i\000o\000n\000s}{chapter.19}% 721
\BOOKMARK [2][-]{subsection.19.12.1}{\376\377\0001\0009\000.\0001\0002\000.\0001\000\040\000G\000e\000n\000e\000t\000i\000c\000\040\000P\000r\000i\000v\000a\000c\000y\000\040\000a\000n\000d\000\040\000I\000n\000s\000u\000r\000a\000n\000c\000e\000\040\000D\000i\000s\000c\000r\000i\000m\000i\000n\000a\000t\000i\000o\000n}{section.19.12}% 722
\BOOKMARK [2][-]{subsection.19.12.2}{\376\377\0001\0009\000.\0001\0002\000.\0002\000\040\000D\000i\000r\000e\000c\000t\000-\000t\000o\000-\000C\000o\000n\000s\000u\000m\000e\000r\000\040\000G\000e\000n\000e\000t\000i\000c\000\040\000T\000e\000s\000t\000i\000n\000g}{section.19.12}% 723
\BOOKMARK [2][-]{subsection.19.12.3}{\376\377\0001\0009\000.\0001\0002\000.\0003\000\040\000I\000n\000c\000i\000d\000e\000n\000t\000a\000l\000\040\000F\000i\000n\000d\000i\000n\000g\000s\000\040\000i\000n\000\040\000C\000l\000i\000n\000i\000c\000a\000l\000\040\000S\000e\000q\000u\000e\000n\000c\000i\000n\000g}{section.19.12}% 724
\BOOKMARK [2][-]{subsection.19.12.4}{\376\377\0001\0009\000.\0001\0002\000.\0004\000\040\000D\000a\000t\000a\000\040\000S\000o\000v\000e\000r\000e\000i\000g\000n\000t\000y\000\040\000f\000o\000r\000\040\000I\000n\000d\000i\000g\000e\000n\000o\000u\000s\000\040\000P\000o\000p\000u\000l\000a\000t\000i\000o\000n\000s}{section.19.12}% 725
\BOOKMARK [2][-]{subsection.19.12.5}{\376\377\0001\0009\000.\0001\0002\000.\0005\000\040\000E\000q\000u\000i\000t\000a\000b\000l\000e\000\040\000A\000c\000c\000e\000s\000s\000\040\000t\000o\000\040\000S\000e\000q\000u\000e\000n\000c\000i\000n\000g\000\040\000T\000e\000c\000h\000n\000o\000l\000o\000g\000i\000e\000s}{section.19.12}% 726
\BOOKMARK [1][-]{section.19.13}{\376\377\0001\0009\000.\0001\0003\000\040\000F\000u\000t\000u\000r\000e\000\040\000O\000u\000t\000l\000o\000o\000k\000:\000\040\000W\000h\000e\000r\000e\000\040\000I\000s\000\040\000t\000h\000e\000\040\000F\000i\000e\000l\000d\000\040\000H\000e\000a\000d\000i\000n\000g\000?}{chapter.19}% 727
\BOOKMARK [1][-]{section.19.14}{\376\377\0001\0009\000.\0001\0004\000\040\000P\000r\000a\000c\000t\000i\000c\000a\000l\000\040\000W\000o\000r\000k\000f\000l\000o\000w\000:\000\040\000P\000a\000n\000g\000e\000n\000o\000m\000e\000\040\000A\000l\000i\000g\000n\000m\000e\000n\000t}{chapter.19}% 728
\BOOKMARK [2][-]{subsection.19.14.1}{\376\377\0001\0009\000.\0001\0004\000.\0001\000\040\000S\000n\000a\000k\000e\000m\000a\000k\000e\000\040\000W\000o\000r\000k\000f\000l\000o\000w}{section.19.14}% 729
\BOOKMARK [2][-]{subsection.19.14.2}{\376\377\0001\0009\000.\0001\0004\000.\0002\000\040\000N\000e\000x\000t\000f\000l\000o\000w\000\040\000W\000o\000r\000k\000f\000l\000o\000w}{section.19.14}% 730
\BOOKMARK [1][-]{section.19.15}{\376\377\0001\0009\000.\0001\0005\000\040\000V\000i\000s\000u\000a\000l\000i\000s\000i\000n\000g\000\040\000t\000h\000e\000\040\000E\000v\000o\000l\000v\000i\000n\000g\000\040\000T\000e\000c\000h\000n\000o\000l\000o\000g\000y\000\040\000L\000a\000n\000d\000s\000c\000a\000p\000e}{chapter.19}% 731
\BOOKMARK [1][-]{section.19.16}{\376\377\0001\0009\000.\0001\0006\000\040\000S\000u\000m\000m\000a\000r\000y}{chapter.19}% 732
\BOOKMARK [-1][-]{part.7}{\376\377\000V\000I\000I\000\040\000B\000i\000o\000i\000n\000f\000o\000r\000m\000a\000t\000i\000c\000s\000\040\000a\000n\000d\000\040\000D\000a\000t\000a\000\040\000A\000n\000a\000l\000y\000s\000i\000s}{}% 733
\BOOKMARK [0][-]{chapter.20}{\376\377\0002\0000\000\040\000B\000i\000o\000i\000n\000f\000o\000r\000m\000a\000t\000i\000c\000s\000\040\000F\000u\000n\000d\000a\000m\000e\000n\000t\000a\000l\000s}{part.7}% 734
\BOOKMARK [1][-]{section.20.1}{\376\377\0002\0000\000.\0001\000\040\000W\000h\000a\000t\000\040\000I\000s\000\040\000B\000i\000o\000i\000n\000f\000o\000r\000m\000a\000t\000i\000c\000s\000?}{chapter.20}% 735
\BOOKMARK [1][-]{section.20.2}{\376\377\0002\0000\000.\0002\000\040\000C\000o\000m\000p\000u\000t\000i\000n\000g\000\040\000E\000n\000v\000i\000r\000o\000n\000m\000e\000n\000t\000\040\000S\000e\000t\000u\000p}{chapter.20}% 736
\BOOKMARK [2][-]{subsection.20.2.1}{\376\377\0002\0000\000.\0002\000.\0001\000\040\000L\000i\000n\000u\000x\000/\000U\000n\000i\000x\000\040\000B\000a\000s\000i\000c\000s\000\040\000f\000o\000r\000\040\000B\000i\000o\000i\000n\000f\000o\000r\000m\000a\000t\000i\000c\000s}{section.20.2}% 737
\BOOKMARK [2][-]{subsection.20.2.2}{\376\377\0002\0000\000.\0002\000.\0002\000\040\000P\000a\000c\000k\000a\000g\000e\000\040\000M\000a\000n\000a\000g\000e\000r\000s}{section.20.2}% 738
\BOOKMARK [2][-]{subsection.20.2.3}{\376\377\0002\0000\000.\0002\000.\0003\000\040\000C\000o\000n\000t\000a\000i\000n\000e\000r\000s\000:\000\040\000D\000o\000c\000k\000e\000r\000\040\000a\000n\000d\000\040\000S\000i\000n\000g\000u\000l\000a\000r\000i\000t\000y\000/\000A\000p\000p\000t\000a\000i\000n\000e\000r}{section.20.2}% 739
\BOOKMARK [2][-]{subsection.20.2.4}{\376\377\0002\0000\000.\0002\000.\0004\000\040\000H\000P\000C\000\040\000C\000l\000u\000s\000t\000e\000r\000s\000:\000\040\000S\000L\000U\000R\000M\000,\000\040\000P\000B\000S\000/\000T\000o\000r\000q\000u\000e\000,\000\040\000S\000G\000E}{section.20.2}% 740
\BOOKMARK [2][-]{subsection.20.2.5}{\376\377\0002\0000\000.\0002\000.\0005\000\040\000C\000l\000o\000u\000d\000\040\000C\000o\000m\000p\000u\000t\000i\000n\000g\000\040\000f\000o\000r\000\040\000G\000e\000n\000o\000m\000i\000c\000s}{section.20.2}% 741
\BOOKMARK [1][-]{section.20.3}{\376\377\0002\0000\000.\0003\000\040\000B\000i\000o\000i\000n\000f\000o\000r\000m\000a\000t\000i\000c\000s\000\040\000F\000i\000l\000e\000\040\000F\000o\000r\000m\000a\000t\000s}{chapter.20}% 742
\BOOKMARK [2][-]{subsection.20.3.1}{\376\377\0002\0000\000.\0003\000.\0001\000\040\000F\000A\000S\000T\000A\000:\000\040\000R\000e\000f\000e\000r\000e\000n\000c\000e\000\040\000S\000e\000q\000u\000e\000n\000c\000e\000s}{section.20.3}% 743
\BOOKMARK [2][-]{subsection.20.3.2}{\376\377\0002\0000\000.\0003\000.\0002\000\040\000F\000A\000S\000T\000Q\000:\000\040\000R\000a\000w\000\040\000S\000e\000q\000u\000e\000n\000c\000i\000n\000g\000\040\000R\000e\000a\000d\000s}{section.20.3}% 744
\BOOKMARK [2][-]{subsection.20.3.3}{\376\377\0002\0000\000.\0003\000.\0003\000\040\000S\000A\000M\000/\000B\000A\000M\000/\000C\000R\000A\000M\000:\000\040\000A\000l\000i\000g\000n\000m\000e\000n\000t\000\040\000F\000i\000l\000e\000s}{section.20.3}% 745
\BOOKMARK [2][-]{subsection.20.3.4}{\376\377\0002\0000\000.\0003\000.\0004\000\040\000B\000E\000D\000:\000\040\000G\000e\000n\000o\000m\000i\000c\000\040\000I\000n\000t\000e\000r\000v\000a\000l\000s}{section.20.3}% 746
\BOOKMARK [2][-]{subsection.20.3.5}{\376\377\0002\0000\000.\0003\000.\0005\000\040\000G\000F\000F\000/\000G\000T\000F\000:\000\040\000G\000e\000n\000e\000\040\000A\000n\000n\000o\000t\000a\000t\000i\000o\000n\000s}{section.20.3}% 747
\BOOKMARK [2][-]{subsection.20.3.6}{\376\377\0002\0000\000.\0003\000.\0006\000\040\000V\000C\000F\000/\000B\000C\000F\000:\000\040\000V\000a\000r\000i\000a\000n\000t\000\040\000C\000a\000l\000l\000s}{section.20.3}% 748
\BOOKMARK [2][-]{subsection.20.3.7}{\376\377\0002\0000\000.\0003\000.\0007\000\040\000B\000i\000g\000W\000i\000g\000\040\000a\000n\000d\000\040\000B\000e\000d\000G\000r\000a\000p\000h\000:\000\040\000C\000o\000v\000e\000r\000a\000g\000e\000\040\000T\000r\000a\000c\000k\000s}{section.20.3}% 749
\BOOKMARK [2][-]{subsection.20.3.8}{\376\377\0002\0000\000.\0003\000.\0008\000\040\000H\000D\000F\0005\000\040\000a\000n\000d\000\040\000A\000n\000n\000D\000a\000t\000a\000\040\000\050\000h\0005\000a\000d\000\051\000:\000\040\000S\000i\000n\000g\000l\000e\000-\000C\000e\000l\000l\000\040\000D\000a\000t\000a}{section.20.3}% 750
\BOOKMARK [2][-]{subsection.20.3.9}{\376\377\0002\0000\000.\0003\000.\0009\000\040\000H\000i\000-\000C\000\040\000C\000o\000n\000t\000a\000c\000t\000\040\000M\000a\000t\000r\000i\000c\000e\000s\000:\000\040\000P\000a\000i\000r\000s\000,\000\040\000C\000o\000o\000l\000,\000\040\000a\000n\000d\000\040\000.\000h\000i\000c}{section.20.3}% 751
\BOOKMARK [2][-]{subsection.20.3.10}{\376\377\0002\0000\000.\0003\000.\0001\0000\000\040\0001\0000\000x\000\040\000G\000e\000n\000o\000m\000i\000c\000s\000\040\000M\000E\000X\000\040\000F\000o\000r\000m\000a\000t}{section.20.3}% 752
\BOOKMARK [1][-]{section.20.4}{\376\377\0002\0000\000.\0004\000\040\000K\000e\000y\000\040\000B\000i\000o\000i\000n\000f\000o\000r\000m\000a\000t\000i\000c\000s\000\040\000T\000o\000o\000l\000s}{chapter.20}% 753
\BOOKMARK [2][-]{subsection.20.4.1}{\376\377\0002\0000\000.\0004\000.\0001\000\040\000s\000a\000m\000t\000o\000o\000l\000s\000:\000\040\000T\000h\000e\000\040\000S\000w\000i\000s\000s\000\040\000A\000r\000m\000y\000\040\000K\000n\000i\000f\000e\000\040\000o\000f\000\040\000B\000A\000M\000\040\000F\000i\000l\000e\000s}{section.20.4}% 754
\BOOKMARK [2][-]{subsection.20.4.2}{\376\377\0002\0000\000.\0004\000.\0002\000\040\000b\000e\000d\000t\000o\000o\000l\000s\000:\000\040\000I\000n\000t\000e\000r\000v\000a\000l\000\040\000A\000r\000i\000t\000h\000m\000e\000t\000i\000c}{section.20.4}% 755
\BOOKMARK [2][-]{subsection.20.4.3}{\376\377\0002\0000\000.\0004\000.\0003\000\040\000P\000i\000c\000a\000r\000d\000:\000\040\000D\000u\000p\000l\000i\000c\000a\000t\000e\000\040\000M\000a\000r\000k\000i\000n\000g\000\040\000a\000n\000d\000\040\000M\000e\000t\000r\000i\000c\000s}{section.20.4}% 756
\BOOKMARK [2][-]{subsection.20.4.4}{\376\377\0002\0000\000.\0004\000.\0004\000\040\000I\000G\000V\000:\000\040\000V\000i\000s\000u\000a\000l\000\040\000I\000n\000s\000p\000e\000c\000t\000i\000o\000n}{section.20.4}% 757
\BOOKMARK [2][-]{subsection.20.4.5}{\376\377\0002\0000\000.\0004\000.\0005\000\040\000d\000e\000e\000p\000T\000o\000o\000l\000s\000:\000\040\000C\000o\000v\000e\000r\000a\000g\000e\000\040\000a\000n\000d\000\040\000V\000i\000s\000u\000a\000l\000i\000z\000a\000t\000i\000o\000n}{section.20.4}% 758
\BOOKMARK [2][-]{subsection.20.4.6}{\376\377\0002\0000\000.\0004\000.\0006\000\040\000M\000u\000l\000t\000i\000Q\000C\000:\000\040\000A\000g\000g\000r\000e\000g\000a\000t\000i\000n\000g\000\040\000Q\000C\000\040\000R\000e\000p\000o\000r\000t\000s}{section.20.4}% 759
\BOOKMARK [1][-]{section.20.5}{\376\377\0002\0000\000.\0005\000\040\000A\000l\000g\000o\000r\000i\000t\000h\000m\000s\000\040\000a\000n\000d\000\040\000D\000a\000t\000a\000\040\000S\000t\000r\000u\000c\000t\000u\000r\000e\000s\000\040\000f\000o\000r\000\040\000S\000e\000q\000u\000e\000n\000c\000e\000\040\000A\000n\000a\000l\000y\000s\000i\000s}{chapter.20}% 760
\BOOKMARK [2][-]{subsection.20.5.1}{\376\377\0002\0000\000.\0005\000.\0001\000\040\000S\000u\000f\000f\000i\000x\000\040\000A\000r\000r\000a\000y\000s}{section.20.5}% 761
\BOOKMARK [2][-]{subsection.20.5.2}{\376\377\0002\0000\000.\0005\000.\0002\000\040\000B\000u\000r\000r\000o\000w\000s\000-\000W\000h\000e\000e\000l\000e\000r\000\040\000T\000r\000a\000n\000s\000f\000o\000r\000m\000\040\000a\000n\000d\000\040\000F\000M\000-\000I\000n\000d\000e\000x}{section.20.5}% 762
\BOOKMARK [2][-]{subsection.20.5.3}{\376\377\0002\0000\000.\0005\000.\0003\000\040\000S\000m\000i\000t\000h\000-\000W\000a\000t\000e\000r\000m\000a\000n\000\040\000v\000s\000\040\000S\000e\000e\000d\000-\000a\000n\000d\000-\000E\000x\000t\000e\000n\000d}{section.20.5}% 763
\BOOKMARK [2][-]{subsection.20.5.4}{\376\377\0002\0000\000.\0005\000.\0004\000\040\000A\000l\000g\000o\000r\000i\000t\000h\000m\000\040\000C\000o\000m\000p\000l\000e\000x\000i\000t\000y\000\040\000R\000e\000f\000e\000r\000e\000n\000c\000e}{section.20.5}% 764
\BOOKMARK [1][-]{section.20.6}{\376\377\0002\0000\000.\0006\000\040\000P\000r\000o\000g\000r\000a\000m\000m\000i\000n\000g\000\040\000L\000a\000n\000g\000u\000a\000g\000e\000s\000\040\000f\000o\000r\000\040\000B\000i\000o\000i\000n\000f\000o\000r\000m\000a\000t\000i\000c\000s}{chapter.20}% 765
\BOOKMARK [2][-]{subsection.20.6.1}{\376\377\0002\0000\000.\0006\000.\0001\000\040\000P\000y\000t\000h\000o\000n\000\040\000f\000o\000r\000\040\000B\000i\000o\000i\000n\000f\000o\000r\000m\000a\000t\000i\000c\000s}{section.20.6}% 766
\BOOKMARK [2][-]{subsection.20.6.2}{\376\377\0002\0000\000.\0006\000.\0002\000\040\000R\000\040\000f\000o\000r\000\040\000B\000i\000o\000i\000n\000f\000o\000r\000m\000a\000t\000i\000c\000s}{section.20.6}% 767
\BOOKMARK [2][-]{subsection.20.6.3}{\376\377\0002\0000\000.\0006\000.\0003\000\040\000W\000h\000e\000n\000\040\000t\000o\000\040\000U\000s\000e\000\040\000W\000h\000i\000c\000h\000\040\000L\000a\000n\000g\000u\000a\000g\000e}{section.20.6}% 768
\BOOKMARK [1][-]{section.20.7}{\376\377\0002\0000\000.\0007\000\040\000W\000o\000r\000k\000f\000l\000o\000w\000\040\000M\000a\000n\000a\000g\000e\000m\000e\000n\000t\000\040\000S\000y\000s\000t\000e\000m\000s}{chapter.20}% 769
\BOOKMARK [2][-]{subsection.20.7.1}{\376\377\0002\0000\000.\0007\000.\0001\000\040\000W\000h\000y\000\040\000W\000o\000r\000k\000f\000l\000o\000w\000\040\000M\000a\000n\000a\000g\000e\000r\000s\000?}{section.20.7}% 770
\BOOKMARK [2][-]{subsection.20.7.2}{\376\377\0002\0000\000.\0007\000.\0002\000\040\000S\000n\000a\000k\000e\000m\000a\000k\000e}{section.20.7}% 771
\BOOKMARK [2][-]{subsection.20.7.3}{\376\377\0002\0000\000.\0007\000.\0003\000\040\000N\000e\000x\000t\000f\000l\000o\000w}{section.20.7}% 772
\BOOKMARK [2][-]{subsection.20.7.4}{\376\377\0002\0000\000.\0007\000.\0004\000\040\000S\000n\000a\000k\000e\000m\000a\000k\000e\000\040\000v\000s\000\040\000N\000e\000x\000t\000f\000l\000o\000w\000:\000\040\000D\000e\000t\000a\000i\000l\000e\000d\000\040\000C\000o\000m\000p\000a\000r\000i\000s\000o\000n}{section.20.7}% 773
\BOOKMARK [2][-]{subsection.20.7.5}{\376\377\0002\0000\000.\0007\000.\0005\000\040\000W\000D\000L\000\040\000\050\000W\000o\000r\000k\000f\000l\000o\000w\000\040\000D\000e\000s\000c\000r\000i\000p\000t\000i\000o\000n\000\040\000L\000a\000n\000g\000u\000a\000g\000e\000\051}{section.20.7}% 774
\BOOKMARK [2][-]{subsection.20.7.6}{\376\377\0002\0000\000.\0007\000.\0006\000\040\000n\000f\000-\000c\000o\000r\000e\000:\000\040\000C\000o\000m\000m\000u\000n\000i\000t\000y\000-\000C\000u\000r\000a\000t\000e\000d\000\040\000P\000i\000p\000e\000l\000i\000n\000e\000s}{section.20.7}% 775
\BOOKMARK [1][-]{section.20.8}{\376\377\0002\0000\000.\0008\000\040\000V\000e\000r\000s\000i\000o\000n\000\040\000C\000o\000n\000t\000r\000o\000l\000\040\000w\000i\000t\000h\000\040\000G\000i\000t}{chapter.20}% 776
\BOOKMARK [1][-]{section.20.9}{\376\377\0002\0000\000.\0009\000\040\000R\000e\000p\000r\000o\000d\000u\000c\000i\000b\000i\000l\000i\000t\000y\000\040\000B\000e\000s\000t\000\040\000P\000r\000a\000c\000t\000i\000c\000e\000s}{chapter.20}% 777
\BOOKMARK [1][-]{section.20.10}{\376\377\0002\0000\000.\0001\0000\000\040\000A\000\040\000T\000y\000p\000i\000c\000a\000l\000\040\000B\000i\000o\000i\000n\000f\000o\000r\000m\000a\000t\000i\000c\000s\000\040\000C\000o\000m\000p\000u\000t\000i\000n\000g\000\040\000S\000t\000a\000c\000k}{chapter.20}% 778
\BOOKMARK [1][-]{section.20.11}{\376\377\0002\0000\000.\0001\0001\000\040\000S\000u\000m\000m\000a\000r\000y}{chapter.20}% 779
\BOOKMARK [0][-]{chapter.21}{\376\377\0002\0001\000\040\000C\000o\000m\000p\000l\000e\000t\000e\000\040\000A\000n\000a\000l\000y\000s\000i\000s\000\040\000W\000o\000r\000k\000f\000l\000o\000w\000s}{part.7}% 780
\BOOKMARK [1][-]{section.21.1}{\376\377\0002\0001\000.\0001\000\040\000W\000G\000S\000\040\000V\000a\000r\000i\000a\000n\000t\000\040\000C\000a\000l\000l\000i\000n\000g\000\040\000P\000i\000p\000e\000l\000i\000n\000e}{chapter.21}% 781
\BOOKMARK [2][-]{subsection.21.1.1}{\376\377\0002\0001\000.\0001\000.\0001\000\040\000P\000i\000p\000e\000l\000i\000n\000e\000\040\000O\000v\000e\000r\000v\000i\000e\000w}{section.21.1}% 782
\BOOKMARK [2][-]{subsection.21.1.2}{\376\377\0002\0001\000.\0001\000.\0002\000\040\000C\000o\000m\000p\000l\000e\000t\000e\000\040\000S\000n\000a\000k\000e\000m\000a\000k\000e\000\040\000W\000G\000S\000\040\000W\000o\000r\000k\000f\000l\000o\000w}{section.21.1}% 783
\BOOKMARK [2][-]{subsection.21.1.3}{\376\377\0002\0001\000.\0001\000.\0003\000\040\000C\000o\000m\000p\000l\000e\000t\000e\000\040\000N\000e\000x\000t\000f\000l\000o\000w\000\040\000W\000G\000S\000\040\000W\000o\000r\000k\000f\000l\000o\000w}{section.21.1}% 784
\BOOKMARK [1][-]{section.21.2}{\376\377\0002\0001\000.\0002\000\040\000R\000N\000A\000-\000s\000e\000q\000\040\000D\000i\000f\000f\000e\000r\000e\000n\000t\000i\000a\000l\000\040\000E\000x\000p\000r\000e\000s\000s\000i\000o\000n\000\040\000P\000i\000p\000e\000l\000i\000n\000e}{chapter.21}% 785
\BOOKMARK [2][-]{subsection.21.2.1}{\376\377\0002\0001\000.\0002\000.\0001\000\040\000P\000i\000p\000e\000l\000i\000n\000e\000\040\000O\000v\000e\000r\000v\000i\000e\000w}{section.21.2}% 786
\BOOKMARK [2][-]{subsection.21.2.2}{\376\377\0002\0001\000.\0002\000.\0002\000\040\000C\000o\000m\000p\000l\000e\000t\000e\000\040\000S\000n\000a\000k\000e\000m\000a\000k\000e\000\040\000R\000N\000A\000-\000s\000e\000q\000\040\000W\000o\000r\000k\000f\000l\000o\000w}{section.21.2}% 787
\BOOKMARK [2][-]{subsection.21.2.3}{\376\377\0002\0001\000.\0002\000.\0003\000\040\000C\000o\000m\000p\000l\000e\000t\000e\000\040\000N\000e\000x\000t\000f\000l\000o\000w\000\040\000R\000N\000A\000-\000s\000e\000q\000\040\000W\000o\000r\000k\000f\000l\000o\000w}{section.21.2}% 788
\BOOKMARK [1][-]{section.21.3}{\376\377\0002\0001\000.\0003\000\040\000A\000T\000A\000C\000-\000s\000e\000q\000\040\000P\000i\000p\000e\000l\000i\000n\000e}{chapter.21}% 789
\BOOKMARK [2][-]{subsection.21.3.1}{\376\377\0002\0001\000.\0003\000.\0001\000\040\000P\000i\000p\000e\000l\000i\000n\000e\000\040\000O\000v\000e\000r\000v\000i\000e\000w}{section.21.3}% 790
\BOOKMARK [2][-]{subsection.21.3.2}{\376\377\0002\0001\000.\0003\000.\0002\000\040\000C\000o\000m\000p\000l\000e\000t\000e\000\040\000S\000n\000a\000k\000e\000m\000a\000k\000e\000\040\000A\000T\000A\000C\000-\000s\000e\000q\000\040\000W\000o\000r\000k\000f\000l\000o\000w}{section.21.3}% 791
\BOOKMARK [2][-]{subsection.21.3.3}{\376\377\0002\0001\000.\0003\000.\0003\000\040\000C\000o\000m\000p\000l\000e\000t\000e\000\040\000N\000e\000x\000t\000f\000l\000o\000w\000\040\000A\000T\000A\000C\000-\000s\000e\000q\000\040\000W\000o\000r\000k\000f\000l\000o\000w}{section.21.3}% 792
\BOOKMARK [1][-]{section.21.4}{\376\377\0002\0001\000.\0004\000\040\000C\000h\000I\000P\000-\000s\000e\000q\000\040\000/\000\040\000C\000U\000T\000\046\000T\000a\000g\000\040\000P\000i\000p\000e\000l\000i\000n\000e}{chapter.21}% 793
\BOOKMARK [2][-]{subsection.21.4.1}{\376\377\0002\0001\000.\0004\000.\0001\000\040\000P\000i\000p\000e\000l\000i\000n\000e\000\040\000O\000v\000e\000r\000v\000i\000e\000w}{section.21.4}% 794
\BOOKMARK [2][-]{subsection.21.4.2}{\376\377\0002\0001\000.\0004\000.\0002\000\040\000C\000o\000m\000p\000l\000e\000t\000e\000\040\000S\000n\000a\000k\000e\000m\000a\000k\000e\000\040\000C\000h\000I\000P\000-\000s\000e\000q\000\040\000W\000o\000r\000k\000f\000l\000o\000w}{section.21.4}% 795
\BOOKMARK [2][-]{subsection.21.4.3}{\376\377\0002\0001\000.\0004\000.\0003\000\040\000C\000o\000m\000p\000l\000e\000t\000e\000\040\000N\000e\000x\000t\000f\000l\000o\000w\000\040\000C\000h\000I\000P\000-\000s\000e\000q\000\040\000W\000o\000r\000k\000f\000l\000o\000w}{section.21.4}% 796
\BOOKMARK [1][-]{section.21.5}{\376\377\0002\0001\000.\0005\000\040\000s\000c\000R\000N\000A\000-\000s\000e\000q\000\040\000P\000i\000p\000e\000l\000i\000n\000e}{chapter.21}% 797
\BOOKMARK [2][-]{subsection.21.5.1}{\376\377\0002\0001\000.\0005\000.\0001\000\040\000P\000i\000p\000e\000l\000i\000n\000e\000\040\000O\000v\000e\000r\000v\000i\000e\000w}{section.21.5}% 798
\BOOKMARK [2][-]{subsection.21.5.2}{\376\377\0002\0001\000.\0005\000.\0002\000\040\000C\000o\000m\000p\000l\000e\000t\000e\000\040\000S\000n\000a\000k\000e\000m\000a\000k\000e\000\040\000s\000c\000R\000N\000A\000-\000s\000e\000q\000\040\000W\000o\000r\000k\000f\000l\000o\000w}{section.21.5}% 799
\BOOKMARK [2][-]{subsection.21.5.3}{\376\377\0002\0001\000.\0005\000.\0003\000\040\000C\000o\000m\000p\000l\000e\000t\000e\000\040\000N\000e\000x\000t\000f\000l\000o\000w\000\040\000s\000c\000R\000N\000A\000-\000s\000e\000q\000\040\000W\000o\000r\000k\000f\000l\000o\000w}{section.21.5}% 800
\BOOKMARK [1][-]{section.21.6}{\376\377\0002\0001\000.\0006\000\040\000S\000i\000n\000g\000l\000e\000-\000C\000e\000l\000l\000\040\000Q\000u\000a\000n\000t\000i\000f\000i\000c\000a\000t\000i\000o\000n\000\040\000T\000o\000o\000l\000\040\000C\000o\000m\000p\000a\000r\000i\000s\000o\000n}{chapter.21}% 801
\BOOKMARK [2][-]{subsection.21.6.1}{\376\377\0002\0001\000.\0006\000.\0001\000\040\000C\000e\000l\000l\000\040\000R\000a\000n\000g\000e\000r\000\040\000v\000s\000\040\000S\000T\000A\000R\000s\000o\000l\000o\000\040\000v\000s\000\040\000a\000l\000e\000v\000i\000n\000-\000f\000r\000y}{section.21.6}% 802
\BOOKMARK [2][-]{subsection.21.6.2}{\376\377\0002\0001\000.\0006\000.\0002\000\040\000S\000i\000n\000g\000l\000e\000-\000C\000e\000l\000l\000\040\000T\000o\000o\000l\000\040\000R\000e\000c\000o\000m\000m\000e\000n\000d\000a\000t\000i\000o\000n\000\040\000T\000a\000b\000l\000e}{section.21.6}% 803
\BOOKMARK [1][-]{section.21.7}{\376\377\0002\0001\000.\0007\000\040\000B\000i\000s\000u\000l\000f\000i\000t\000e\000\040\000S\000e\000q\000u\000e\000n\000c\000i\000n\000g\000\040\000P\000i\000p\000e\000l\000i\000n\000e}{chapter.21}% 804
\BOOKMARK [2][-]{subsection.21.7.1}{\376\377\0002\0001\000.\0007\000.\0001\000\040\000P\000i\000p\000e\000l\000i\000n\000e\000\040\000O\000v\000e\000r\000v\000i\000e\000w}{section.21.7}% 805
\BOOKMARK [2][-]{subsection.21.7.2}{\376\377\0002\0001\000.\0007\000.\0002\000\040\000C\000o\000m\000p\000l\000e\000t\000e\000\040\000S\000n\000a\000k\000e\000m\000a\000k\000e\000\040\000B\000i\000s\000u\000l\000f\000i\000t\000e\000-\000s\000e\000q\000\040\000W\000o\000r\000k\000f\000l\000o\000w}{section.21.7}% 806
\BOOKMARK [2][-]{subsection.21.7.3}{\376\377\0002\0001\000.\0007\000.\0003\000\040\000C\000o\000m\000p\000l\000e\000t\000e\000\040\000N\000e\000x\000t\000f\000l\000o\000w\000\040\000B\000i\000s\000u\000l\000f\000i\000t\000e\000-\000s\000e\000q\000\040\000W\000o\000r\000k\000f\000l\000o\000w}{section.21.7}% 807
\BOOKMARK [1][-]{section.21.8}{\376\377\0002\0001\000.\0008\000\040\0001\0006\000S\000\040\000A\000m\000p\000l\000i\000c\000o\000n\000\040\000M\000e\000t\000a\000g\000e\000n\000o\000m\000i\000c\000s\000\040\000P\000i\000p\000e\000l\000i\000n\000e}{chapter.21}% 808
\BOOKMARK [2][-]{subsection.21.8.1}{\376\377\0002\0001\000.\0008\000.\0001\000\040\000P\000i\000p\000e\000l\000i\000n\000e\000\040\000O\000v\000e\000r\000v\000i\000e\000w}{section.21.8}% 809
\BOOKMARK [2][-]{subsection.21.8.2}{\376\377\0002\0001\000.\0008\000.\0002\000\040\000C\000o\000m\000p\000l\000e\000t\000e\000\040\000S\000n\000a\000k\000e\000m\000a\000k\000e\000\040\0001\0006\000S\000\040\000W\000o\000r\000k\000f\000l\000o\000w}{section.21.8}% 810
\BOOKMARK [2][-]{subsection.21.8.3}{\376\377\0002\0001\000.\0008\000.\0003\000\040\000C\000o\000m\000p\000l\000e\000t\000e\000\040\000N\000e\000x\000t\000f\000l\000o\000w\000\040\0001\0006\000S\000\040\000W\000o\000r\000k\000f\000l\000o\000w}{section.21.8}% 811
\BOOKMARK [1][-]{section.21.9}{\376\377\0002\0001\000.\0009\000\040\000M\000a\000s\000t\000e\000r\000\040\000C\000o\000m\000p\000a\000r\000i\000s\000o\000n\000\040\000o\000f\000\040\000n\000f\000-\000c\000o\000r\000e\000\040\000P\000i\000p\000e\000l\000i\000n\000e\000s}{chapter.21}% 812
\BOOKMARK [1][-]{section.21.10}{\376\377\0002\0001\000.\0001\0000\000\040\000G\000e\000n\000e\000r\000a\000l\000\040\000B\000e\000s\000t\000\040\000P\000r\000a\000c\000t\000i\000c\000e\000s\000\040\000f\000o\000r\000\040\000A\000l\000l\000\040\000W\000o\000r\000k\000f\000l\000o\000w\000s}{chapter.21}% 813
\BOOKMARK [1][-]{section.21.11}{\376\377\0002\0001\000.\0001\0001\000\040\000R\000e\000s\000o\000u\000r\000c\000e\000\040\000R\000e\000q\000u\000i\000r\000e\000m\000e\000n\000t\000s\000\040\000b\000y\000\040\000A\000n\000a\000l\000y\000s\000i\000s\000\040\000T\000y\000p\000e}{chapter.21}% 814
\BOOKMARK [1][-]{section.21.12}{\376\377\0002\0001\000.\0001\0002\000\040\000E\000r\000r\000o\000r\000\040\000H\000a\000n\000d\000l\000i\000n\000g\000\040\000P\000a\000t\000t\000e\000r\000n\000s\000\040\000i\000n\000\040\000W\000o\000r\000k\000f\000l\000o\000w\000s}{chapter.21}% 815
\BOOKMARK [2][-]{subsection.21.12.1}{\376\377\0002\0001\000.\0001\0002\000.\0001\000\040\000C\000o\000m\000m\000o\000n\000\040\000F\000a\000i\000l\000u\000r\000e\000\040\000M\000o\000d\000e\000s}{section.21.12}% 816
\BOOKMARK [2][-]{subsection.21.12.2}{\376\377\0002\0001\000.\0001\0002\000.\0002\000\040\000E\000r\000r\000o\000r\000\040\000H\000a\000n\000d\000l\000i\000n\000g\000\040\000i\000n\000\040\000S\000n\000a\000k\000e\000m\000a\000k\000e}{section.21.12}% 817
\BOOKMARK [2][-]{subsection.21.12.3}{\376\377\0002\0001\000.\0001\0002\000.\0003\000\040\000E\000r\000r\000o\000r\000\040\000H\000a\000n\000d\000l\000i\000n\000g\000\040\000i\000n\000\040\000N\000e\000x\000t\000f\000l\000o\000w}{section.21.12}% 818
\BOOKMARK [1][-]{section.21.13}{\376\377\0002\0001\000.\0001\0003\000\040\000S\000u\000m\000m\000a\000r\000y}{chapter.21}% 819
\BOOKMARK [0][-]{chapter.22}{\376\377\0002\0002\000\040\000E\000x\000p\000e\000r\000i\000m\000e\000n\000t\000a\000l\000\040\000D\000e\000s\000i\000g\000n\000\040\000a\000n\000d\000\040\000B\000e\000s\000t\000\040\000P\000r\000a\000c\000t\000i\000c\000e\000s}{part.7}% 820
\BOOKMARK [1][-]{section.22.1}{\376\377\0002\0002\000.\0001\000\040\000W\000h\000y\000\040\000E\000x\000p\000e\000r\000i\000m\000e\000n\000t\000a\000l\000\040\000D\000e\000s\000i\000g\000n\000\040\000M\000a\000t\000t\000e\000r\000s}{chapter.22}% 821
\BOOKMARK [1][-]{section.22.2}{\376\377\0002\0002\000.\0002\000\040\000B\000i\000o\000l\000o\000g\000i\000c\000a\000l\000\040\000R\000e\000p\000l\000i\000c\000a\000t\000e\000s\000\040\000v\000s\000\040\000T\000e\000c\000h\000n\000i\000c\000a\000l\000\040\000R\000e\000p\000l\000i\000c\000a\000t\000e\000s}{chapter.22}% 822
\BOOKMARK [2][-]{subsection.22.2.1}{\376\377\0002\0002\000.\0002\000.\0001\000\040\000M\000i\000n\000i\000m\000u\000m\000\040\000R\000e\000p\000l\000i\000c\000a\000t\000e\000s\000\040\000b\000y\000\040\000A\000s\000s\000a\000y\000\040\000T\000y\000p\000e}{section.22.2}% 823
\BOOKMARK [1][-]{section.22.3}{\376\377\0002\0002\000.\0003\000\040\000S\000e\000q\000u\000e\000n\000c\000i\000n\000g\000\040\000D\000e\000p\000t\000h\000\040\000G\000u\000i\000d\000e\000l\000i\000n\000e\000s}{chapter.22}% 824
\BOOKMARK [1][-]{section.22.4}{\376\377\0002\0002\000.\0004\000\040\000R\000e\000a\000d\000\040\000L\000e\000n\000g\000t\000h\000\040\000C\000o\000n\000s\000i\000d\000e\000r\000a\000t\000i\000o\000n\000s}{chapter.22}% 825
\BOOKMARK [1][-]{section.22.5}{\376\377\0002\0002\000.\0005\000\040\000P\000o\000w\000e\000r\000\040\000A\000n\000a\000l\000y\000s\000i\000s}{chapter.22}% 826
\BOOKMARK [2][-]{subsection.22.5.1}{\376\377\0002\0002\000.\0005\000.\0001\000\040\000R\000N\000A\000-\000s\000e\000q\000\040\000P\000o\000w\000e\000r\000\040\000A\000n\000a\000l\000y\000s\000i\000s}{section.22.5}% 827
\BOOKMARK [2][-]{subsection.22.5.2}{\376\377\0002\0002\000.\0005\000.\0002\000\040\000F\000o\000r\000m\000a\000l\000\040\000P\000o\000w\000e\000r\000\040\000A\000n\000a\000l\000y\000s\000i\000s\000\040\000f\000o\000r\000\040\000D\000i\000f\000f\000e\000r\000e\000n\000t\000i\000a\000l\000\040\000E\000x\000p\000r\000e\000s\000s\000i\000o\000n}{section.22.5}% 828
\BOOKMARK [2][-]{subsection.22.5.3}{\376\377\0002\0002\000.\0005\000.\0003\000\040\000T\000h\000e\000\040\000B\000e\000n\000j\000a\000m\000i\000n\000i\000-\000H\000o\000c\000h\000b\000e\000r\000g\000\040\000P\000r\000o\000c\000e\000d\000u\000r\000e}{section.22.5}% 829
\BOOKMARK [2][-]{subsection.22.5.4}{\376\377\0002\0002\000.\0005\000.\0004\000\040\000P\000i\000l\000o\000t\000\040\000S\000t\000u\000d\000y\000\040\000D\000e\000s\000i\000g\000n}{section.22.5}% 830
\BOOKMARK [2][-]{subsection.22.5.5}{\376\377\0002\0002\000.\0005\000.\0005\000\040\000C\000o\000s\000t\000-\000O\000p\000t\000i\000m\000i\000s\000a\000t\000i\000o\000n\000\040\000M\000o\000d\000e\000l}{section.22.5}% 831
\BOOKMARK [1][-]{section.22.6}{\376\377\0002\0002\000.\0006\000\040\000B\000a\000t\000c\000h\000\040\000E\000f\000f\000e\000c\000t\000s}{chapter.22}% 832
\BOOKMARK [2][-]{subsection.22.6.1}{\376\377\0002\0002\000.\0006\000.\0001\000\040\000C\000o\000m\000m\000o\000n\000\040\000S\000o\000u\000r\000c\000e\000s\000\040\000o\000f\000\040\000B\000a\000t\000c\000h\000\040\000E\000f\000f\000e\000c\000t\000s}{section.22.6}% 833
\BOOKMARK [2][-]{subsection.22.6.2}{\376\377\0002\0002\000.\0006\000.\0002\000\040\000H\000o\000w\000\040\000t\000o\000\040\000M\000i\000n\000i\000m\000i\000z\000e\000\040\000B\000a\000t\000c\000h\000\040\000E\000f\000f\000e\000c\000t\000s}{section.22.6}% 834
\BOOKMARK [2][-]{subsection.22.6.3}{\376\377\0002\0002\000.\0006\000.\0003\000\040\000C\000o\000m\000p\000u\000t\000a\000t\000i\000o\000n\000a\000l\000\040\000B\000a\000t\000c\000h\000\040\000E\000f\000f\000e\000c\000t\000\040\000C\000o\000r\000r\000e\000c\000t\000i\000o\000n}{section.22.6}% 835
\BOOKMARK [1][-]{section.22.7}{\376\377\0002\0002\000.\0007\000\040\000C\000o\000n\000t\000r\000o\000l\000s}{chapter.22}% 836
\BOOKMARK [2][-]{subsection.22.7.1}{\376\377\0002\0002\000.\0007\000.\0001\000\040\000S\000e\000q\000u\000e\000n\000c\000i\000n\000g\000\040\000C\000o\000n\000t\000r\000o\000l\000s}{section.22.7}% 837
\BOOKMARK [2][-]{subsection.22.7.2}{\376\377\0002\0002\000.\0007\000.\0002\000\040\000A\000s\000s\000a\000y\000-\000S\000p\000e\000c\000i\000f\000i\000c\000\040\000C\000o\000n\000t\000r\000o\000l\000s}{section.22.7}% 838
\BOOKMARK [1][-]{section.22.8}{\376\377\0002\0002\000.\0008\000\040\000M\000u\000l\000t\000i\000p\000l\000e\000x\000i\000n\000g\000\040\000S\000t\000r\000a\000t\000e\000g\000y}{chapter.22}% 839
\BOOKMARK [2][-]{subsection.22.8.1}{\376\377\0002\0002\000.\0008\000.\0001\000\040\000H\000o\000w\000\040\000M\000a\000n\000y\000\040\000S\000a\000m\000p\000l\000e\000s\000\040\000p\000e\000r\000\040\000F\000l\000o\000w\000\040\000C\000e\000l\000l}{section.22.8}% 840
\BOOKMARK [2][-]{subsection.22.8.2}{\376\377\0002\0002\000.\0008\000.\0002\000\040\000I\000n\000d\000e\000x\000\040\000C\000o\000m\000p\000a\000t\000i\000b\000i\000l\000i\000t\000y\000\040\000a\000n\000d\000\040\000D\000i\000s\000t\000a\000n\000c\000e}{section.22.8}% 841
\BOOKMARK [1][-]{section.22.9}{\376\377\0002\0002\000.\0009\000\040\000S\000a\000m\000p\000l\000e\000\040\000C\000o\000l\000l\000e\000c\000t\000i\000o\000n\000\040\000a\000n\000d\000\040\000S\000t\000o\000r\000a\000g\000e}{chapter.22}% 842
\BOOKMARK [2][-]{subsection.22.9.1}{\376\377\0002\0002\000.\0009\000.\0001\000\040\000D\000N\000A\000\040\000S\000t\000o\000r\000a\000g\000e}{section.22.9}% 843
\BOOKMARK [2][-]{subsection.22.9.2}{\376\377\0002\0002\000.\0009\000.\0002\000\040\000R\000N\000A\000\040\000S\000t\000o\000r\000a\000g\000e}{section.22.9}% 844
\BOOKMARK [1][-]{section.22.10}{\376\377\0002\0002\000.\0001\0000\000\040\000C\000o\000s\000t\000\040\000E\000s\000t\000i\000m\000a\000t\000i\000o\000n\000\040\000a\000n\000d\000\040\000B\000u\000d\000g\000e\000t\000i\000n\000g}{chapter.22}% 845
\BOOKMARK [1][-]{section.22.11}{\376\377\0002\0002\000.\0001\0001\000\040\000D\000e\000c\000i\000s\000i\000o\000n\000\040\000T\000r\000e\000e\000\040\000f\000o\000r\000\040\000C\000h\000o\000o\000s\000i\000n\000g\000\040\000a\000\040\000S\000e\000q\000u\000e\000n\000c\000i\000n\000g\000\040\000S\000t\000r\000a\000t\000e\000g\000y}{chapter.22}% 846
\BOOKMARK [1][-]{section.22.12}{\376\377\0002\0002\000.\0001\0002\000\040\000C\000o\000m\000p\000r\000e\000h\000e\000n\000s\000i\000v\000e\000\040\000E\000x\000p\000e\000r\000i\000m\000e\000n\000t\000a\000l\000\040\000D\000e\000s\000i\000g\000n\000\040\000R\000e\000f\000e\000r\000e\000n\000c\000e\000\040\000T\000a\000b\000l\000e}{chapter.22}% 847
\BOOKMARK [1][-]{section.22.13}{\376\377\0002\0002\000.\0001\0003\000\040\000S\000u\000m\000m\000a\000r\000y}{chapter.22}% 848
\BOOKMARK [0][-]{chapter.23}{\376\377\0002\0003\000\040\000D\000a\000t\000a\000\040\000S\000t\000a\000n\000d\000a\000r\000d\000s\000,\000\040\000S\000h\000a\000r\000i\000n\000g\000,\000\040\000a\000n\000d\000\040\000R\000e\000p\000r\000o\000d\000u\000c\000i\000b\000i\000l\000i\000t\000y}{part.7}% 849
\BOOKMARK [1][-]{section.23.1}{\376\377\0002\0003\000.\0001\000\040\000W\000h\000y\000\040\000D\000a\000t\000a\000\040\000S\000h\000a\000r\000i\000n\000g\000\040\000a\000n\000d\000\040\000S\000t\000a\000n\000d\000a\000r\000d\000s\000\040\000M\000a\000t\000t\000e\000r}{chapter.23}% 850
\BOOKMARK [1][-]{section.23.2}{\376\377\0002\0003\000.\0002\000\040\000P\000u\000b\000l\000i\000c\000\040\000R\000e\000p\000o\000s\000i\000t\000o\000r\000i\000e\000s\000\040\000f\000o\000r\000\040\000R\000a\000w\000\040\000S\000e\000q\000u\000e\000n\000c\000i\000n\000g\000\040\000D\000a\000t\000a}{chapter.23}% 851
\BOOKMARK [2][-]{subsection.23.2.1}{\376\377\0002\0003\000.\0002\000.\0001\000\040\000T\000h\000e\000\040\000I\000n\000t\000e\000r\000n\000a\000t\000i\000o\000n\000a\000l\000\040\000N\000u\000c\000l\000e\000o\000t\000i\000d\000e\000\040\000S\000e\000q\000u\000e\000n\000c\000e\000\040\000D\000a\000t\000a\000b\000a\000s\000e\000\040\000C\000o\000l\000l\000a\000b\000o\000r\000a\000t\000i\000o\000n\000\040\000\050\000I\000N\000S\000D\000C\000\051}{section.23.2}% 852
\BOOKMARK [2][-]{subsection.23.2.2}{\376\377\0002\0003\000.\0002\000.\0002\000\040\000H\000o\000w\000\040\000t\000o\000\040\000S\000u\000b\000m\000i\000t\000\040\000D\000a\000t\000a\000\040\000t\000o\000\040\000S\000R\000A\000/\000E\000N\000A}{section.23.2}% 853
\BOOKMARK [2][-]{subsection.23.2.3}{\376\377\0002\0003\000.\0002\000.\0003\000\040\000H\000o\000w\000\040\000t\000o\000\040\000D\000o\000w\000n\000l\000o\000a\000d\000\040\000D\000a\000t\000a\000\040\000f\000r\000o\000m\000\040\000S\000R\000A\000/\000E\000N\000A}{section.23.2}% 854
\BOOKMARK [2][-]{subsection.23.2.4}{\376\377\0002\0003\000.\0002\000.\0004\000\040\000S\000n\000a\000k\000e\000m\000a\000k\000e\000\040\000W\000o\000r\000k\000f\000l\000o\000w\000\040\000f\000o\000r\000\040\000S\000R\000A\000\040\000D\000a\000t\000a\000\040\000D\000o\000w\000n\000l\000o\000a\000d}{section.23.2}% 855
\BOOKMARK [2][-]{subsection.23.2.5}{\376\377\0002\0003\000.\0002\000.\0005\000\040\000N\000e\000x\000t\000f\000l\000o\000w\000\040\000W\000o\000r\000k\000f\000l\000o\000w\000\040\000f\000o\000r\000\040\000S\000R\000A\000\040\000D\000a\000t\000a\000\040\000D\000o\000w\000n\000l\000o\000a\000d}{section.23.2}% 856
\BOOKMARK [1][-]{section.23.3}{\376\377\0002\0003\000.\0003\000\040\000P\000r\000o\000c\000e\000s\000s\000e\000d\000\040\000D\000a\000t\000a\000\040\000R\000e\000p\000o\000s\000i\000t\000o\000r\000i\000e\000s}{chapter.23}% 857
\BOOKMARK [2][-]{subsection.23.3.1}{\376\377\0002\0003\000.\0003\000.\0001\000\040\000G\000e\000n\000e\000\040\000E\000x\000p\000r\000e\000s\000s\000i\000o\000n\000\040\000O\000m\000n\000i\000b\000u\000s\000\040\000\050\000G\000E\000O\000\051}{section.23.3}% 858
\BOOKMARK [2][-]{subsection.23.3.2}{\376\377\0002\0003\000.\0003\000.\0002\000\040\000A\000r\000r\000a\000y\000E\000x\000p\000r\000e\000s\000s\000\040\000/\000\040\000B\000i\000o\000S\000t\000u\000d\000i\000e\000s}{section.23.3}% 859
\BOOKMARK [2][-]{subsection.23.3.3}{\376\377\0002\0003\000.\0003\000.\0003\000\040\000C\000o\000n\000s\000o\000r\000t\000i\000u\000m\000\040\000D\000a\000t\000a\000\040\000P\000o\000r\000t\000a\000l\000s}{section.23.3}% 860
\BOOKMARK [1][-]{section.23.4}{\376\377\0002\0003\000.\0004\000\040\000R\000e\000f\000e\000r\000e\000n\000c\000e\000\040\000G\000e\000n\000o\000m\000e\000s\000\040\000a\000n\000d\000\040\000A\000n\000n\000o\000t\000a\000t\000i\000o\000n\000s}{chapter.23}% 861
\BOOKMARK [2][-]{subsection.23.4.1}{\376\377\0002\0003\000.\0004\000.\0001\000\040\000W\000h\000e\000r\000e\000\040\000t\000o\000\040\000D\000o\000w\000n\000l\000o\000a\000d\000\040\000R\000e\000f\000e\000r\000e\000n\000c\000e\000s}{section.23.4}% 862
\BOOKMARK [2][-]{subsection.23.4.2}{\376\377\0002\0003\000.\0004\000.\0002\000\040\000G\000E\000N\000C\000O\000D\000E\000\040\000v\000s\000\040\000R\000e\000f\000S\000e\000q}{section.23.4}% 863
\BOOKMARK [2][-]{subsection.23.4.3}{\376\377\0002\0003\000.\0004\000.\0003\000\040\000G\000e\000n\000o\000m\000e\000\040\000B\000u\000i\000l\000d\000s\000\040\000a\000n\000d\000\040\000L\000i\000f\000t\000O\000v\000e\000r}{section.23.4}% 864
\BOOKMARK [1][-]{section.23.5}{\376\377\0002\0003\000.\0005\000\040\000M\000e\000t\000a\000d\000a\000t\000a\000\040\000S\000t\000a\000n\000d\000a\000r\000d\000s}{chapter.23}% 865
\BOOKMARK [2][-]{subsection.23.5.1}{\376\377\0002\0003\000.\0005\000.\0001\000\040\000K\000e\000y\000\040\000M\000e\000t\000a\000d\000a\000t\000a\000\040\000S\000t\000a\000n\000d\000a\000r\000d\000s}{section.23.5}% 866
\BOOKMARK [2][-]{subsection.23.5.2}{\376\377\0002\0003\000.\0005\000.\0002\000\040\000O\000n\000t\000o\000l\000o\000g\000i\000e\000s\000\040\000f\000o\000r\000\040\000S\000t\000a\000n\000d\000a\000r\000d\000i\000z\000e\000d\000\040\000T\000e\000r\000m\000i\000n\000o\000l\000o\000g\000y}{section.23.5}% 867
\BOOKMARK [1][-]{section.23.6}{\376\377\0002\0003\000.\0006\000\040\000F\000A\000I\000R\000\040\000P\000r\000i\000n\000c\000i\000p\000l\000e\000s}{chapter.23}% 868
\BOOKMARK [1][-]{section.23.7}{\376\377\0002\0003\000.\0007\000\040\000R\000e\000p\000r\000o\000d\000u\000c\000i\000b\000i\000l\000i\000t\000y\000\040\000i\000n\000\040\000B\000i\000o\000i\000n\000f\000o\000r\000m\000a\000t\000i\000c\000s}{chapter.23}% 869
\BOOKMARK [2][-]{subsection.23.7.1}{\376\377\0002\0003\000.\0007\000.\0001\000\040\000P\000i\000l\000l\000a\000r\000s\000\040\000o\000f\000\040\000C\000o\000m\000p\000u\000t\000a\000t\000i\000o\000n\000a\000l\000\040\000R\000e\000p\000r\000o\000d\000u\000c\000i\000b\000i\000l\000i\000t\000y}{section.23.7}% 870
\BOOKMARK [2][-]{subsection.23.7.2}{\376\377\0002\0003\000.\0007\000.\0002\000\040\000E\000x\000a\000m\000p\000l\000e\000\040\000R\000e\000p\000r\000o\000d\000u\000c\000i\000b\000l\000e\000\040\000P\000r\000o\000j\000e\000c\000t\000\040\000S\000t\000r\000u\000c\000t\000u\000r\000e}{section.23.7}% 871
\BOOKMARK [2][-]{subsection.23.7.3}{\376\377\0002\0003\000.\0007\000.\0003\000\040\000S\000n\000a\000k\000e\000m\000a\000k\000e\000\040\000E\000x\000a\000m\000p\000l\000e\000\040\000f\000o\000r\000\040\000R\000e\000p\000r\000o\000d\000u\000c\000i\000b\000l\000e\000\040\000A\000n\000a\000l\000y\000s\000i\000s}{section.23.7}% 872
\BOOKMARK [2][-]{subsection.23.7.4}{\376\377\0002\0003\000.\0007\000.\0004\000\040\000N\000e\000x\000t\000f\000l\000o\000w\000\040\000E\000x\000a\000m\000p\000l\000e\000\040\000f\000o\000r\000\040\000R\000e\000p\000r\000o\000d\000u\000c\000i\000b\000l\000e\000\040\000A\000n\000a\000l\000y\000s\000i\000s}{section.23.7}% 873
\BOOKMARK [1][-]{section.23.8}{\376\377\0002\0003\000.\0008\000\040\000D\000a\000t\000a\000\040\000M\000a\000n\000a\000g\000e\000m\000e\000n\000t\000\040\000P\000l\000a\000n\000s}{chapter.23}% 874
\BOOKMARK [2][-]{subsection.23.8.1}{\376\377\0002\0003\000.\0008\000.\0001\000\040\000W\000h\000a\000t\000\040\000F\000u\000n\000d\000i\000n\000g\000\040\000A\000g\000e\000n\000c\000i\000e\000s\000\040\000R\000e\000q\000u\000i\000r\000e}{section.23.8}% 875
\BOOKMARK [2][-]{subsection.23.8.2}{\376\377\0002\0003\000.\0008\000.\0002\000\040\000S\000t\000o\000r\000a\000g\000e\000\040\000C\000o\000n\000s\000i\000d\000e\000r\000a\000t\000i\000o\000n\000s}{section.23.8}% 876
\BOOKMARK [2][-]{subsection.23.8.3}{\376\377\0002\0003\000.\0008\000.\0003\000\040\000D\000a\000t\000a\000\040\000S\000e\000c\000u\000r\000i\000t\000y\000\040\000a\000n\000d\000\040\000P\000a\000t\000i\000e\000n\000t\000\040\000C\000o\000n\000s\000e\000n\000t}{section.23.8}% 877
\BOOKMARK [2][-]{subsection.23.8.4}{\376\377\0002\0003\000.\0008\000.\0004\000\040\000H\000I\000P\000A\000A\000\040\000v\000s\000\040\000G\000D\000P\000R\000\040\000D\000e\000t\000a\000i\000l\000e\000d\000\040\000C\000o\000m\000p\000a\000r\000i\000s\000o\000n}{section.23.8}% 878
\BOOKMARK [2][-]{subsection.23.8.5}{\376\377\0002\0003\000.\0008\000.\0005\000\040\000C\000o\000n\000t\000r\000o\000l\000l\000e\000d\000\040\000A\000c\000c\000e\000s\000s\000\040\000R\000e\000p\000o\000s\000i\000t\000o\000r\000i\000e\000s\000\040\000a\000n\000d\000\040\000F\000e\000d\000e\000r\000a\000t\000e\000d\000\040\000A\000n\000a\000l\000y\000s\000i\000s}{section.23.8}% 879
\BOOKMARK [2][-]{subsection.23.8.6}{\376\377\0002\0003\000.\0008\000.\0006\000\040\000C\000r\000o\000s\000s\000-\000R\000e\000p\000o\000s\000i\000t\000o\000r\000y\000\040\000D\000a\000t\000a\000\040\000D\000i\000s\000c\000o\000v\000e\000r\000y}{section.23.8}% 880
\BOOKMARK [2][-]{subsection.23.8.7}{\376\377\0002\0003\000.\0008\000.\0007\000\040\000L\000o\000n\000g\000-\000T\000e\000r\000m\000\040\000S\000t\000o\000r\000a\000g\000e\000\040\000C\000o\000s\000t\000\040\000M\000o\000d\000e\000l\000l\000i\000n\000g}{section.23.8}% 881
\BOOKMARK [1][-]{section.23.9}{\376\377\0002\0003\000.\0009\000\040\000C\000o\000m\000m\000u\000n\000i\000t\000y\000\040\000S\000t\000a\000n\000d\000a\000r\000d\000s\000\040\000a\000n\000d\000\040\000C\000o\000n\000s\000o\000r\000t\000i\000a}{chapter.23}% 882
\BOOKMARK [1][-]{section.23.10}{\376\377\0002\0003\000.\0001\0000\000\040\000T\000h\000e\000\040\000D\000a\000t\000a\000\040\000L\000i\000f\000e\000c\000y\000c\000l\000e}{chapter.23}% 883
\BOOKMARK [1][-]{section.23.11}{\376\377\0002\0003\000.\0001\0001\000\040\000P\000r\000a\000c\000t\000i\000c\000a\000l\000\040\000D\000a\000t\000a\000\040\000S\000u\000b\000m\000i\000s\000s\000i\000o\000n\000\040\000C\000h\000e\000c\000k\000l\000i\000s\000t}{chapter.23}% 884
\BOOKMARK [1][-]{section.23.12}{\376\377\0002\0003\000.\0001\0002\000\040\000S\000u\000m\000m\000a\000r\000y}{chapter.23}% 885
\BOOKMARK [-1][-]{part.8}{\376\377\000V\000I\000I\000I\000\040\000D\000e\000m\000o\000c\000r\000a\000t\000i\000s\000a\000t\000i\000o\000n\000\040\000o\000f\000\040\000S\000e\000q\000u\000e\000n\000c\000i\000n\000g}{}% 886
\BOOKMARK [0][-]{chapter.24}{\376\377\0002\0004\000\040\000A\000c\000c\000e\000s\000s\000i\000b\000l\000e\000\040\000S\000e\000q\000u\000e\000n\000c\000i\000n\000g\000:\000\040\000D\000e\000m\000o\000c\000r\000a\000t\000i\000s\000i\000n\000g\000\040\000G\000e\000n\000o\000m\000i\000c\000s}{part.8}% 887
\BOOKMARK [1][-]{section.24.1}{\376\377\0002\0004\000.\0001\000\040\000T\000h\000e\000\040\000L\000a\000n\000d\000s\000c\000a\000p\000e\000\040\000o\000f\000\040\000A\000c\000c\000e\000s\000s\000i\000b\000l\000e\000\040\000S\000e\000q\000u\000e\000n\000c\000i\000n\000g}{chapter.24}% 888
\BOOKMARK [1][-]{section.24.2}{\376\377\0002\0004\000.\0002\000\040\000O\000x\000f\000o\000r\000d\000\040\000N\000a\000n\000o\000p\000o\000r\000e\000\040\000f\000o\000r\000\040\000t\000h\000e\000\040\000I\000n\000d\000i\000v\000i\000d\000u\000a\000l\000\040\000R\000e\000s\000e\000a\000r\000c\000h\000e\000r}{chapter.24}% 889
\BOOKMARK [2][-]{subsection.24.2.1}{\376\377\0002\0004\000.\0002\000.\0001\000\040\000M\000i\000n\000I\000O\000N\000\040\000a\000n\000d\000\040\000M\000k\0001\000C}{section.24.2}% 890
\BOOKMARK [2][-]{subsection.24.2.2}{\376\377\0002\0004\000.\0002\000.\0002\000\040\000F\000l\000o\000n\000g\000l\000e\000:\000\040\000T\000h\000e\000\040\000D\000i\000s\000p\000o\000s\000a\000b\000l\000e\000\040\000F\000l\000o\000w\000\040\000C\000e\000l\000l}{section.24.2}% 891
\BOOKMARK [2][-]{subsection.24.2.3}{\376\377\0002\0004\000.\0002\000.\0003\000\040\000P\000r\000o\000m\000e\000t\000h\000I\000O\000N\000\040\000P\0002\000\040\000S\000o\000l\000o}{section.24.2}% 892
\BOOKMARK [2][-]{subsection.24.2.4}{\376\377\0002\0004\000.\0002\000.\0004\000\040\000C\000o\000m\000p\000u\000t\000i\000n\000g\000\040\000R\000e\000q\000u\000i\000r\000e\000m\000e\000n\000t\000s\000\040\000f\000o\000r\000\040\000N\000a\000n\000o\000p\000o\000r\000e\000\040\000B\000a\000s\000e\000c\000a\000l\000l\000i\000n\000g}{section.24.2}% 893
\BOOKMARK [1][-]{section.24.3}{\376\377\0002\0004\000.\0003\000\040\000B\000u\000d\000g\000e\000t\000\040\000P\000l\000a\000n\000n\000i\000n\000g\000\040\000a\000n\000d\000\040\000C\000o\000s\000t\000\040\000M\000o\000d\000e\000l\000l\000i\000n\000g}{chapter.24}% 894
\BOOKMARK [2][-]{subsection.24.3.1}{\376\377\0002\0004\000.\0003\000.\0001\000\040\000I\000t\000e\000m\000i\000s\000e\000d\000\040\000C\000o\000s\000t\000\040\000M\000o\000d\000e\000l\000s}{section.24.3}% 895
\BOOKMARK [2][-]{subsection.24.3.2}{\376\377\0002\0004\000.\0003\000.\0002\000\040\000R\000e\000a\000g\000e\000n\000t\000\040\000S\000h\000e\000l\000f\000\040\000L\000i\000f\000e}{section.24.3}% 896
\BOOKMARK [2][-]{subsection.24.3.3}{\376\377\0002\0004\000.\0003\000.\0003\000\040\000S\000h\000a\000r\000e\000d\000\040\000E\000q\000u\000i\000p\000m\000e\000n\000t\000\040\000M\000o\000d\000e\000l\000s\000\040\000a\000n\000d\000\040\000C\000o\000s\000t\000-\000p\000e\000r\000-\000S\000a\000m\000p\000l\000e\000\040\000A\000n\000a\000l\000y\000s\000i\000s}{section.24.3}% 897
\BOOKMARK [1][-]{section.24.4}{\376\377\0002\0004\000.\0004\000\040\000C\000o\000m\000m\000u\000n\000i\000t\000y\000\040\000L\000a\000b\000s\000\040\000a\000n\000d\000\040\000M\000a\000k\000e\000r\000\040\000S\000p\000a\000c\000e\000s}{chapter.24}% 898
\BOOKMARK [2][-]{subsection.24.4.1}{\376\377\0002\0004\000.\0004\000.\0001\000\040\000P\000r\000o\000m\000i\000n\000e\000n\000t\000\040\000C\000o\000m\000m\000u\000n\000i\000t\000y\000\040\000L\000a\000b\000o\000r\000a\000t\000o\000r\000i\000e\000s}{section.24.4}% 899
\BOOKMARK [2][-]{subsection.24.4.2}{\376\377\0002\0004\000.\0004\000.\0002\000\040\000S\000e\000t\000t\000i\000n\000g\000\040\000U\000p\000\040\000a\000\040\000S\000e\000q\000u\000e\000n\000c\000i\000n\000g\000\040\000C\000o\000r\000n\000e\000r}{section.24.4}% 900
\BOOKMARK [2][-]{subsection.24.4.3}{\376\377\0002\0004\000.\0004\000.\0003\000\040\000M\000i\000n\000i\000m\000u\000m\000\040\000E\000q\000u\000i\000p\000m\000e\000n\000t\000\040\000f\000o\000r\000\040\000a\000\040\000S\000e\000q\000u\000e\000n\000c\000i\000n\000g\000\040\000L\000a\000b\000o\000r\000a\000t\000o\000r\000y}{section.24.4}% 901
\BOOKMARK [1][-]{section.24.5}{\376\377\0002\0004\000.\0005\000\040\000F\000i\000e\000l\000d\000\040\000S\000e\000q\000u\000e\000n\000c\000i\000n\000g}{chapter.24}% 902
\BOOKMARK [2][-]{subsection.24.5.1}{\376\377\0002\0004\000.\0005\000.\0001\000\040\000P\000o\000w\000e\000r\000\040\000R\000e\000q\000u\000i\000r\000e\000m\000e\000n\000t\000s}{section.24.5}% 903
\BOOKMARK [2][-]{subsection.24.5.2}{\376\377\0002\0004\000.\0005\000.\0002\000\040\000T\000e\000m\000p\000e\000r\000a\000t\000u\000r\000e\000\040\000C\000o\000n\000s\000t\000r\000a\000i\000n\000t\000s}{section.24.5}% 904
\BOOKMARK [2][-]{subsection.24.5.3}{\376\377\0002\0004\000.\0005\000.\0003\000\040\000D\000a\000t\000a\000\040\000T\000r\000a\000n\000s\000f\000e\000r\000\040\000i\000n\000\040\000t\000h\000e\000\040\000F\000i\000e\000l\000d}{section.24.5}% 905
\BOOKMARK [2][-]{subsection.24.5.4}{\376\377\0002\0004\000.\0005\000.\0004\000\040\000C\000a\000s\000e\000\040\000S\000t\000u\000d\000i\000e\000s\000\040\000i\000n\000\040\000F\000i\000e\000l\000d\000\040\000S\000e\000q\000u\000e\000n\000c\000i\000n\000g}{section.24.5}% 906
\BOOKMARK [2][-]{subsection.24.5.5}{\376\377\0002\0004\000.\0005\000.\0005\000\040\000F\000i\000e\000l\000d\000\040\000S\000e\000q\000u\000e\000n\000c\000i\000n\000g\000\040\000S\000e\000t\000u\000p}{section.24.5}% 907
\BOOKMARK [1][-]{section.24.6}{\376\377\0002\0004\000.\0006\000\040\000E\000d\000u\000c\000a\000t\000i\000o\000n\000a\000l\000\040\000a\000n\000d\000\040\000O\000u\000t\000r\000e\000a\000c\000h\000\040\000A\000p\000p\000l\000i\000c\000a\000t\000i\000o\000n\000s}{chapter.24}% 908
\BOOKMARK [2][-]{subsection.24.6.1}{\376\377\0002\0004\000.\0006\000.\0001\000\040\000D\000e\000s\000i\000g\000n\000i\000n\000g\000\040\000a\000\040\000T\000e\000a\000c\000h\000i\000n\000g\000\040\000L\000a\000b\000o\000r\000a\000t\000o\000r\000y\000\040\000S\000e\000q\000u\000e\000n\000c\000i\000n\000g\000\040\000M\000o\000d\000u\000l\000e}{section.24.6}% 909
\BOOKMARK [2][-]{subsection.24.6.2}{\376\377\0002\0004\000.\0006\000.\0002\000\040\000S\000u\000g\000g\000e\000s\000t\000e\000d\000\040\000C\000u\000r\000r\000i\000c\000u\000l\000u\000m\000\040\000O\000u\000t\000l\000i\000n\000e}{section.24.6}% 910
\BOOKMARK [2][-]{subsection.24.6.3}{\376\377\0002\0004\000.\0006\000.\0003\000\040\000C\000o\000s\000t\000\040\000P\000e\000r\000\040\000S\000t\000u\000d\000e\000n\000t}{section.24.6}% 911
\BOOKMARK [2][-]{subsection.24.6.4}{\376\377\0002\0004\000.\0006\000.\0004\000\040\000H\000i\000g\000h\000\040\000S\000c\000h\000o\000o\000l\000\040\000P\000r\000o\000t\000o\000c\000o\000l\000s}{section.24.6}% 912
\BOOKMARK [1][-]{section.24.7}{\376\377\0002\0004\000.\0007\000\040\000W\000h\000a\000t\000\040\000C\000a\000n\000\040\000Y\000o\000u\000\040\000R\000e\000a\000l\000i\000s\000t\000i\000c\000a\000l\000l\000y\000\040\000D\000o\000\040\000w\000i\000t\000h\000\040\000\044\0001\000,\0000\0000\0000\000?}{chapter.24}% 913
\BOOKMARK [1][-]{section.24.8}{\376\377\0002\0004\000.\0008\000\040\000C\000i\000t\000i\000z\000e\000n\000\040\000S\000c\000i\000e\000n\000c\000e\000\040\000S\000e\000q\000u\000e\000n\000c\000i\000n\000g\000\040\000P\000r\000o\000j\000e\000c\000t\000s}{chapter.24}% 914
\BOOKMARK [2][-]{subsection.24.8.1}{\376\377\0002\0004\000.\0008\000.\0001\000\040\000E\000n\000v\000i\000r\000o\000n\000m\000e\000n\000t\000a\000l\000\040\000D\000N\000A\000\040\000B\000a\000r\000c\000o\000d\000i\000n\000g}{section.24.8}% 915
\BOOKMARK [2][-]{subsection.24.8.2}{\376\377\0002\0004\000.\0008\000.\0002\000\040\000F\000o\000o\000d\000\040\000F\000r\000a\000u\000d\000\040\000D\000e\000t\000e\000c\000t\000i\000o\000n}{section.24.8}% 916
\BOOKMARK [2][-]{subsection.24.8.3}{\376\377\0002\0004\000.\0008\000.\0003\000\040\000A\000n\000t\000i\000m\000i\000c\000r\000o\000b\000i\000a\000l\000\040\000R\000e\000s\000i\000s\000t\000a\000n\000c\000e\000\040\000M\000o\000n\000i\000t\000o\000r\000i\000n\000g\000\040\000i\000n\000\040\000W\000a\000t\000e\000r\000w\000a\000y\000s}{section.24.8}% 917
\BOOKMARK [2][-]{subsection.24.8.4}{\376\377\0002\0004\000.\0008\000.\0004\000\040\000C\000o\000n\000c\000r\000e\000t\000e\000\040\000P\000r\000o\000j\000e\000c\000t\000\040\000E\000x\000a\000m\000p\000l\000e\000s}{section.24.8}% 918
\BOOKMARK [1][-]{section.24.9}{\376\377\0002\0004\000.\0009\000\040\000L\000e\000g\000a\000l\000,\000\040\000E\000t\000h\000i\000c\000a\000l\000,\000\040\000a\000n\000d\000\040\000B\000i\000o\000s\000a\000f\000e\000t\000y\000\040\000C\000o\000n\000s\000i\000d\000e\000r\000a\000t\000i\000o\000n\000s}{chapter.24}% 919
\BOOKMARK [2][-]{subsection.24.9.1}{\376\377\0002\0004\000.\0009\000.\0001\000\040\000T\000h\000e\000\040\000N\000a\000g\000o\000y\000a\000\040\000P\000r\000o\000t\000o\000c\000o\000l\000\040\000a\000n\000d\000\040\000A\000c\000c\000e\000s\000s\000\040\000a\000n\000d\000\040\000B\000e\000n\000e\000f\000i\000t\000\040\000S\000h\000a\000r\000i\000n\000g}{section.24.9}% 920
\BOOKMARK [2][-]{subsection.24.9.2}{\376\377\0002\0004\000.\0009\000.\0002\000\040\000D\000u\000a\000l\000-\000U\000s\000e\000\040\000R\000e\000s\000e\000a\000r\000c\000h\000\040\000C\000o\000n\000c\000e\000r\000n\000s}{section.24.9}% 921
\BOOKMARK [2][-]{subsection.24.9.3}{\376\377\0002\0004\000.\0009\000.\0003\000\040\000E\000t\000h\000i\000c\000s\000\040\000A\000p\000p\000r\000o\000v\000a\000l\000\040\000f\000o\000r\000\040\000H\000u\000m\000a\000n\000\040\000S\000a\000m\000p\000l\000e\000s}{section.24.9}% 922
\BOOKMARK [2][-]{subsection.24.9.4}{\376\377\0002\0004\000.\0009\000.\0004\000\040\000D\000a\000t\000a\000\040\000S\000h\000a\000r\000i\000n\000g\000\040\000O\000b\000l\000i\000g\000a\000t\000i\000o\000n\000s}{section.24.9}% 923
\BOOKMARK [2][-]{subsection.24.9.5}{\376\377\0002\0004\000.\0009\000.\0005\000\040\000B\000i\000o\000s\000a\000f\000e\000t\000y\000\040\000L\000e\000v\000e\000l\000s\000\040\000a\000n\000d\000\040\000R\000e\000g\000u\000l\000a\000t\000e\000d\000\040\000O\000r\000g\000a\000n\000i\000s\000m\000s}{section.24.9}% 924
\BOOKMARK [2][-]{subsection.24.9.6}{\376\377\0002\0004\000.\0009\000.\0006\000\040\000R\000e\000g\000u\000l\000a\000t\000o\000r\000y\000\040\000F\000r\000a\000m\000e\000w\000o\000r\000k\000s\000\040\000b\000y\000\040\000R\000e\000g\000i\000o\000n}{section.24.9}% 925
\BOOKMARK [1][-]{section.24.10}{\376\377\0002\0004\000.\0001\0000\000\040\000B\000u\000i\000l\000d\000i\000n\000g\000\040\000a\000\040\000S\000u\000s\000t\000a\000i\000n\000a\000b\000l\000e\000\040\000A\000c\000c\000e\000s\000s\000i\000b\000l\000e\000\040\000S\000e\000q\000u\000e\000n\000c\000i\000n\000g\000\040\000P\000r\000o\000g\000r\000a\000m\000m\000e}{chapter.24}% 926
\BOOKMARK [2][-]{subsection.24.10.1}{\376\377\0002\0004\000.\0001\0000\000.\0001\000\040\000F\000u\000n\000d\000i\000n\000g\000\040\000M\000o\000d\000e\000l\000s}{section.24.10}% 927
\BOOKMARK [2][-]{subsection.24.10.2}{\376\377\0002\0004\000.\0001\0000\000.\0002\000\040\000T\000r\000a\000i\000n\000i\000n\000g\000\040\000a\000n\000d\000\040\000S\000k\000i\000l\000l\000\040\000D\000e\000v\000e\000l\000o\000p\000m\000e\000n\000t}{section.24.10}% 928
\BOOKMARK [2][-]{subsection.24.10.3}{\376\377\0002\0004\000.\0001\0000\000.\0003\000\040\000D\000a\000t\000a\000\040\000Q\000u\000a\000l\000i\000t\000y\000\040\000a\000n\000d\000\040\000R\000e\000p\000r\000o\000d\000u\000c\000i\000b\000i\000l\000i\000t\000y}{section.24.10}% 929
\BOOKMARK [1][-]{section.24.11}{\376\377\0002\0004\000.\0001\0001\000\040\000L\000o\000o\000k\000i\000n\000g\000\040\000F\000o\000r\000w\000a\000r\000d\000:\000\040\000T\000h\000e\000\040\000F\000u\000t\000u\000r\000e\000\040\000o\000f\000\040\000A\000c\000c\000e\000s\000s\000i\000b\000l\000e\000\040\000S\000e\000q\000u\000e\000n\000c\000i\000n\000g}{chapter.24}% 930
\BOOKMARK [1][-]{section.24.12}{\376\377\0002\0004\000.\0001\0002\000\040\000S\000u\000m\000m\000a\000r\000y}{chapter.24}% 931
\BOOKMARK [0][-]{chapter.25}{\376\377\0002\0005\000\040\000P\000r\000a\000c\000t\000i\000c\000a\000l\000\040\000P\000r\000o\000t\000o\000c\000o\000l\000s\000:\000\040\000F\000r\000o\000m\000\040\000S\000a\000m\000p\000l\000e\000\040\000t\000o\000\040\000S\000e\000q\000u\000e\000n\000c\000e\000r}{part.8}% 932
\BOOKMARK [1][-]{section.25.1}{\376\377\0002\0005\000.\0001\000\040\000S\000a\000f\000e\000t\000y\000\040\000F\000i\000r\000s\000t\000:\000\040\000L\000a\000b\000o\000r\000a\000t\000o\000r\000y\000\040\000H\000a\000z\000a\000r\000d\000s\000\040\000a\000n\000d\000\040\000P\000r\000e\000c\000a\000u\000t\000i\000o\000n\000s}{chapter.25}% 933
\BOOKMARK [2][-]{subsection.25.1.1}{\376\377\0002\0005\000.\0001\000.\0001\000\040\000B\000i\000o\000s\000a\000f\000e\000t\000y\000\040\000L\000e\000v\000e\000l\000s}{section.25.1}% 934
\BOOKMARK [2][-]{subsection.25.1.2}{\376\377\0002\0005\000.\0001\000.\0002\000\040\000P\000e\000r\000s\000o\000n\000a\000l\000\040\000P\000r\000o\000t\000e\000c\000t\000i\000v\000e\000\040\000E\000q\000u\000i\000p\000m\000e\000n\000t\000\040\000\050\000P\000P\000E\000\051}{section.25.1}% 935
\BOOKMARK [2][-]{subsection.25.1.3}{\376\377\0002\0005\000.\0001\000.\0003\000\040\000C\000h\000e\000m\000i\000c\000a\000l\000\040\000H\000a\000z\000a\000r\000d\000s\000\040\000i\000n\000\040\000S\000e\000q\000u\000e\000n\000c\000i\000n\000g\000\040\000W\000o\000r\000k\000f\000l\000o\000w\000s}{section.25.1}% 936
\BOOKMARK [2][-]{subsection.25.1.4}{\376\377\0002\0005\000.\0001\000.\0004\000\040\000W\000a\000s\000t\000e\000\040\000D\000i\000s\000p\000o\000s\000a\000l}{section.25.1}% 937
\BOOKMARK [1][-]{section.25.2}{\376\377\0002\0005\000.\0002\000\040\000D\000N\000A\000\040\000E\000x\000t\000r\000a\000c\000t\000i\000o\000n\000\040\000P\000r\000o\000t\000o\000c\000o\000l\000s}{chapter.25}% 938
\BOOKMARK [2][-]{subsection.25.2.1}{\376\377\0002\0005\000.\0002\000.\0001\000\040\000P\000r\000o\000t\000o\000c\000o\000l\000\040\000A\000:\000\040\000D\000N\000A\000\040\000f\000r\000o\000m\000\040\000H\000u\000m\000a\000n\000\040\000S\000a\000l\000i\000v\000a}{section.25.2}% 939
\BOOKMARK [2][-]{subsection.25.2.2}{\376\377\0002\0005\000.\0002\000.\0002\000\040\000P\000r\000o\000t\000o\000c\000o\000l\000\040\000B\000:\000\040\000E\000n\000v\000i\000r\000o\000n\000m\000e\000n\000t\000a\000l\000\040\000D\000N\000A\000\040\000\050\000e\000D\000N\000A\000\051\000\040\000f\000r\000o\000m\000\040\000W\000a\000t\000e\000r\000\040\000S\000a\000m\000p\000l\000e\000s}{section.25.2}% 940
\BOOKMARK [2][-]{subsection.25.2.3}{\376\377\0002\0005\000.\0002\000.\0003\000\040\000P\000r\000o\000t\000o\000c\000o\000l\000\040\000C\000:\000\040\000D\000N\000A\000\040\000f\000r\000o\000m\000\040\000F\000o\000o\000d\000\040\000a\000n\000d\000\040\000P\000l\000a\000n\000t\000\040\000S\000a\000m\000p\000l\000e\000s}{section.25.2}% 941
\BOOKMARK [2][-]{subsection.25.2.4}{\376\377\0002\0005\000.\0002\000.\0004\000\040\000Q\000C\000\040\000D\000e\000c\000i\000s\000i\000o\000n\000\040\000T\000r\000e\000e}{section.25.2}% 942
\BOOKMARK [1][-]{section.25.3}{\376\377\0002\0005\000.\0003\000\040\000N\000a\000n\000o\000p\000o\000r\000e\000\040\000R\000a\000p\000i\000d\000\040\000B\000a\000r\000c\000o\000d\000i\000n\000g\000\040\000K\000i\000t\000\040\000\050\000S\000Q\000K\000-\000R\000B\000K\0001\0001\0004\000.\0009\0006\000\051}{chapter.25}% 943
\BOOKMARK [1][-]{section.25.4}{\376\377\0002\0005\000.\0004\000\040\000N\000a\000n\000o\000p\000o\000r\000e\000\040\000L\000i\000g\000a\000t\000i\000o\000n\000\040\000S\000e\000q\000u\000e\000n\000c\000i\000n\000g\000\040\000K\000i\000t\000\040\000\050\000S\000Q\000K\000-\000L\000S\000K\0001\0001\0004\000\051}{chapter.25}% 944
\BOOKMARK [2][-]{subsection.25.4.1}{\376\377\0002\0005\000.\0004\000.\0001\000\040\000A\000M\000P\000u\000r\000e\000\040\000X\000P\000\040\000B\000e\000a\000d\000\040\000R\000a\000t\000i\000o\000\040\000O\000p\000t\000i\000m\000i\000s\000a\000t\000i\000o\000n}{section.25.4}% 945
\BOOKMARK [1][-]{section.25.5}{\376\377\0002\0005\000.\0005\000\040\0001\0006\000S\000/\000I\000T\000S\000\040\000A\000m\000p\000l\000i\000c\000o\000n\000\040\000L\000i\000b\000r\000a\000r\000y\000\040\000P\000r\000e\000p\000a\000r\000a\000t\000i\000o\000n}{chapter.25}% 946
\BOOKMARK [2][-]{subsection.25.5.1}{\376\377\0002\0005\000.\0005\000.\0001\000\040\000P\000r\000i\000m\000e\000r\000\040\000S\000e\000l\000e\000c\000t\000i\000o\000n}{section.25.5}% 947
\BOOKMARK [2][-]{subsection.25.5.2}{\376\377\0002\0005\000.\0005\000.\0002\000\040\000P\000C\000R\000\040\000C\000y\000c\000l\000i\000n\000g\000\040\000C\000o\000n\000d\000i\000t\000i\000o\000n\000s}{section.25.5}% 948
\BOOKMARK [2][-]{subsection.25.5.3}{\376\377\0002\0005\000.\0005\000.\0003\000\040\000B\000a\000r\000c\000o\000d\000i\000n\000g\000\040\000S\000t\000r\000a\000t\000e\000g\000y\000\040\000a\000n\000d\000\040\000C\000o\000n\000t\000r\000o\000l\000s}{section.25.5}% 949
\BOOKMARK [1][-]{section.25.6}{\376\377\0002\0005\000.\0006\000\040\000L\000o\000a\000d\000i\000n\000g\000\040\000a\000n\000d\000\040\000R\000u\000n\000n\000i\000n\000g\000\040\000t\000h\000e\000\040\000F\000l\000o\000w\000\040\000C\000e\000l\000l}{chapter.25}% 950
\BOOKMARK [2][-]{subsection.25.6.1}{\376\377\0002\0005\000.\0006\000.\0001\000\040\000F\000l\000o\000w\000\040\000C\000e\000l\000l\000\040\000Q\000C\000\040\000C\000h\000e\000c\000k}{section.25.6}% 951
\BOOKMARK [2][-]{subsection.25.6.2}{\376\377\0002\0005\000.\0006\000.\0002\000\040\000F\000l\000o\000w\000\040\000C\000e\000l\000l\000\040\000P\000r\000i\000m\000i\000n\000g}{section.25.6}% 952
\BOOKMARK [2][-]{subsection.25.6.3}{\376\377\0002\0005\000.\0006\000.\0003\000\040\000L\000i\000b\000r\000a\000r\000y\000\040\000L\000o\000a\000d\000i\000n\000g}{section.25.6}% 953
\BOOKMARK [2][-]{subsection.25.6.4}{\376\377\0002\0005\000.\0006\000.\0004\000\040\000M\000i\000n\000K\000N\000O\000W\000\040\000R\000u\000n\000\040\000S\000e\000t\000u\000p\000\040\000a\000n\000d\000\040\000M\000o\000n\000i\000t\000o\000r\000i\000n\000g}{section.25.6}% 954
\BOOKMARK [2][-]{subsection.25.6.5}{\376\377\0002\0005\000.\0006\000.\0005\000\040\000N\000u\000c\000l\000e\000a\000s\000e\000\040\000F\000l\000u\000s\000h\000\040\000a\000n\000d\000\040\000R\000e\000l\000o\000a\000d}{section.25.6}% 955
\BOOKMARK [1][-]{section.25.7}{\376\377\0002\0005\000.\0007\000\040\000T\000r\000o\000u\000b\000l\000e\000s\000h\000o\000o\000t\000i\000n\000g}{chapter.25}% 956
\BOOKMARK [1][-]{section.25.8}{\376\377\0002\0005\000.\0008\000\040\000S\000a\000m\000p\000l\000e\000\040\000C\000o\000l\000l\000e\000c\000t\000i\000o\000n\000\040\000B\000e\000s\000t\000\040\000P\000r\000a\000c\000t\000i\000c\000e\000s}{chapter.25}% 957
\BOOKMARK [2][-]{subsection.25.8.1}{\376\377\0002\0005\000.\0008\000.\0001\000\040\000F\000i\000e\000l\000d\000\040\000P\000r\000e\000s\000e\000r\000v\000a\000t\000i\000o\000n\000\040\000M\000e\000t\000h\000o\000d\000s}{section.25.8}% 958
\BOOKMARK [2][-]{subsection.25.8.2}{\376\377\0002\0005\000.\0008\000.\0002\000\040\000S\000t\000o\000r\000a\000g\000e\000\040\000T\000e\000m\000p\000e\000r\000a\000t\000u\000r\000e\000\040\000R\000e\000q\000u\000i\000r\000e\000m\000e\000n\000t\000s}{section.25.8}% 959
\BOOKMARK [2][-]{subsection.25.8.3}{\376\377\0002\0005\000.\0008\000.\0003\000\040\000C\000h\000a\000i\000n\000\040\000o\000f\000\040\000C\000u\000s\000t\000o\000d\000y\000\040\000D\000o\000c\000u\000m\000e\000n\000t\000a\000t\000i\000o\000n}{section.25.8}% 960
\BOOKMARK [2][-]{subsection.25.8.4}{\376\377\0002\0005\000.\0008\000.\0004\000\040\000M\000e\000t\000a\000d\000a\000t\000a\000\040\000R\000e\000c\000o\000r\000d\000i\000n\000g}{section.25.8}% 961
\BOOKMARK [1][-]{section.25.9}{\376\377\0002\0005\000.\0009\000\040\000C\000h\000a\000p\000t\000e\000r\000\040\000S\000u\000m\000m\000a\000r\000y}{chapter.25}% 962
\BOOKMARK [0][-]{chapter.26}{\376\377\0002\0006\000\040\000D\000I\000Y\000\040\000A\000n\000a\000l\000y\000s\000i\000s\000:\000\040\000F\000r\000o\000m\000\040\000R\000a\000w\000\040\000R\000e\000a\000d\000s\000\040\000t\000o\000\040\000R\000e\000s\000u\000l\000t\000s}{part.8}% 963
\BOOKMARK [1][-]{section.26.1}{\376\377\0002\0006\000.\0001\000\040\000S\000e\000t\000t\000i\000n\000g\000\040\000U\000p\000\040\000Y\000o\000u\000r\000\040\000E\000n\000v\000i\000r\000o\000n\000m\000e\000n\000t}{chapter.26}% 964
\BOOKMARK [2][-]{subsection.26.1.1}{\376\377\0002\0006\000.\0001\000.\0001\000\040\000H\000a\000r\000d\000w\000a\000r\000e\000\040\000R\000e\000q\000u\000i\000r\000e\000m\000e\000n\000t\000s}{section.26.1}% 965
\BOOKMARK [2][-]{subsection.26.1.2}{\376\377\0002\0006\000.\0001\000.\0002\000\040\000I\000n\000s\000t\000a\000l\000l\000i\000n\000g\000\040\000S\000o\000f\000t\000w\000a\000r\000e\000\040\000w\000i\000t\000h\000\040\000C\000o\000n\000d\000a}{section.26.1}% 966
\BOOKMARK [2][-]{subsection.26.1.3}{\376\377\0002\0006\000.\0001\000.\0003\000\040\000T\000e\000s\000t\000\040\000D\000a\000t\000a\000s\000e\000t\000s}{section.26.1}% 967
\BOOKMARK [1][-]{section.26.2}{\376\377\0002\0006\000.\0002\000\040\000B\000a\000s\000e\000c\000a\000l\000l\000i\000n\000g\000\040\000w\000i\000t\000h\000\040\000D\000o\000r\000a\000d\000o}{chapter.26}% 968
\BOOKMARK [2][-]{subsection.26.2.1}{\376\377\0002\0006\000.\0002\000.\0001\000\040\000B\000a\000s\000e\000c\000a\000l\000l\000i\000n\000g\000\040\000M\000o\000d\000e\000l\000s}{section.26.2}% 969
\BOOKMARK [2][-]{subsection.26.2.2}{\376\377\0002\0006\000.\0002\000.\0002\000\040\000R\000u\000n\000n\000i\000n\000g\000\040\000D\000o\000r\000a\000d\000o}{section.26.2}% 970
\BOOKMARK [2][-]{subsection.26.2.3}{\376\377\0002\0006\000.\0002\000.\0003\000\040\000U\000n\000d\000e\000r\000s\000t\000a\000n\000d\000i\000n\000g\000\040\000B\000A\000M\000\040\000O\000u\000t\000p\000u\000t}{section.26.2}% 971
\BOOKMARK [1][-]{section.26.3}{\376\377\0002\0006\000.\0003\000\040\000Q\000u\000a\000l\000i\000t\000y\000\040\000C\000o\000n\000t\000r\000o\000l}{chapter.26}% 972
\BOOKMARK [2][-]{subsection.26.3.1}{\376\377\0002\0006\000.\0003\000.\0001\000\040\000N\000a\000n\000o\000P\000l\000o\000t\000:\000\040\000N\000a\000n\000o\000p\000o\000r\000e\000-\000S\000p\000e\000c\000i\000f\000i\000c\000\040\000Q\000C}{section.26.3}% 973
\BOOKMARK [2][-]{subsection.26.3.2}{\376\377\0002\0006\000.\0003\000.\0002\000\040\000p\000y\000c\000o\000Q\000C\000:\000\040\000S\000e\000q\000u\000e\000n\000c\000i\000n\000g\000\040\000R\000u\000n\000\040\000Q\000C}{section.26.3}% 974
\BOOKMARK [2][-]{subsection.26.3.3}{\376\377\0002\0006\000.\0003\000.\0003\000\040\000F\000a\000s\000t\000Q\000C\000\040\000a\000n\000d\000\040\000M\000u\000l\000t\000i\000Q\000C}{section.26.3}% 975
\BOOKMARK [2][-]{subsection.26.3.4}{\376\377\0002\0006\000.\0003\000.\0004\000\040\000Q\000C\000\040\000D\000e\000c\000i\000s\000i\000o\000n\000\040\000T\000a\000b\000l\000e}{section.26.3}% 976
\BOOKMARK [1][-]{section.26.4}{\376\377\0002\0006\000.\0004\000\040\000W\000a\000l\000k\000t\000h\000r\000o\000u\000g\000h\000\040\0001\000:\000\040\000B\000a\000c\000t\000e\000r\000i\000a\000l\000\040\000G\000e\000n\000o\000m\000e\000\040\000A\000s\000s\000e\000m\000b\000l\000y}{chapter.26}% 977
\BOOKMARK [2][-]{subsection.26.4.1}{\376\377\0002\0006\000.\0004\000.\0001\000\040\000S\000t\000e\000p\000\040\0001\000:\000\040\000R\000e\000a\000d\000\040\000F\000i\000l\000t\000e\000r\000i\000n\000g\000\040\000w\000i\000t\000h\000\040\000C\000h\000o\000p\000p\000e\000r}{section.26.4}% 978
\BOOKMARK [2][-]{subsection.26.4.2}{\376\377\0002\0006\000.\0004\000.\0002\000\040\000S\000t\000e\000p\000\040\0002\000:\000\040\000A\000s\000s\000e\000m\000b\000l\000y\000\040\000w\000i\000t\000h\000\040\000F\000l\000y\000e}{section.26.4}% 979
\BOOKMARK [2][-]{subsection.26.4.3}{\376\377\0002\0006\000.\0004\000.\0003\000\040\000S\000t\000e\000p\000\040\0003\000:\000\040\000P\000o\000l\000i\000s\000h\000i\000n\000g\000\040\000w\000i\000t\000h\000\040\000M\000e\000d\000a\000k\000a}{section.26.4}% 980
\BOOKMARK [2][-]{subsection.26.4.4}{\376\377\0002\0006\000.\0004\000.\0004\000\040\000S\000t\000e\000p\000\040\0004\000:\000\040\000A\000s\000s\000e\000m\000b\000l\000y\000\040\000A\000s\000s\000e\000s\000s\000m\000e\000n\000t\000\040\000w\000i\000t\000h\000\040\000Q\000U\000A\000S\000T}{section.26.4}% 981
\BOOKMARK [2][-]{subsection.26.4.5}{\376\377\0002\0006\000.\0004\000.\0005\000\040\000S\000t\000e\000p\000\040\0005\000:\000\040\000C\000o\000m\000p\000l\000e\000t\000e\000n\000e\000s\000s\000\040\000w\000i\000t\000h\000\040\000B\000U\000S\000C\000O}{section.26.4}% 982
\BOOKMARK [2][-]{subsection.26.4.6}{\376\377\0002\0006\000.\0004\000.\0006\000\040\000S\000t\000e\000p\000\040\0006\000:\000\040\000A\000n\000n\000o\000t\000a\000t\000i\000o\000n\000\040\000w\000i\000t\000h\000\040\000B\000a\000k\000t\000a}{section.26.4}% 983
\BOOKMARK [2][-]{subsection.26.4.7}{\376\377\0002\0006\000.\0004\000.\0007\000\040\000E\000x\000p\000e\000c\000t\000e\000d\000\040\000R\000e\000s\000u\000l\000t\000s}{section.26.4}% 984
\BOOKMARK [2][-]{subsection.26.4.8}{\376\377\0002\0006\000.\0004\000.\0008\000\040\000C\000o\000m\000p\000l\000e\000t\000e\000\040\000S\000n\000a\000k\000e\000m\000a\000k\000e\000\040\000W\000o\000r\000k\000f\000l\000o\000w}{section.26.4}% 985
\BOOKMARK [2][-]{subsection.26.4.9}{\376\377\0002\0006\000.\0004\000.\0009\000\040\000C\000o\000m\000p\000l\000e\000t\000e\000\040\000N\000e\000x\000t\000f\000l\000o\000w\000\040\000W\000o\000r\000k\000f\000l\000o\000w}{section.26.4}% 986
\BOOKMARK [1][-]{section.26.5}{\376\377\0002\0006\000.\0005\000\040\000W\000a\000l\000k\000t\000h\000r\000o\000u\000g\000h\000\040\0002\000:\000\040\000S\000p\000e\000c\000i\000e\000s\000\040\000I\000d\000e\000n\000t\000i\000f\000i\000c\000a\000t\000i\000o\000n\000\040\000w\000i\000t\000h\000\040\000K\000r\000a\000k\000e\000n\0002}{chapter.26}% 987
\BOOKMARK [2][-]{subsection.26.5.1}{\376\377\0002\0006\000.\0005\000.\0001\000\040\000D\000a\000t\000a\000b\000a\000s\000e\000\040\000S\000e\000t\000u\000p}{section.26.5}% 988
\BOOKMARK [2][-]{subsection.26.5.2}{\376\377\0002\0006\000.\0005\000.\0002\000\040\000R\000u\000n\000n\000i\000n\000g\000\040\000C\000l\000a\000s\000s\000i\000f\000i\000c\000a\000t\000i\000o\000n}{section.26.5}% 989
\BOOKMARK [2][-]{subsection.26.5.3}{\376\377\0002\0006\000.\0005\000.\0003\000\040\000A\000b\000u\000n\000d\000a\000n\000c\000e\000\040\000E\000s\000t\000i\000m\000a\000t\000i\000o\000n\000\040\000w\000i\000t\000h\000\040\000B\000r\000a\000c\000k\000e\000n}{section.26.5}% 990
\BOOKMARK [2][-]{subsection.26.5.4}{\376\377\0002\0006\000.\0005\000.\0004\000\040\000I\000n\000t\000e\000r\000a\000c\000t\000i\000v\000e\000\040\000V\000i\000s\000u\000a\000l\000i\000z\000a\000t\000i\000o\000n\000\040\000w\000i\000t\000h\000\040\000K\000r\000o\000n\000a}{section.26.5}% 991
\BOOKMARK [2][-]{subsection.26.5.5}{\376\377\0002\0006\000.\0005\000.\0005\000\040\000E\000x\000a\000m\000p\000l\000e\000\040\0001\000:\000\040\000E\000n\000v\000i\000r\000o\000n\000m\000e\000n\000t\000a\000l\000\040\000D\000N\000A\000\040\000f\000r\000o\000m\000\040\000a\000\040\000P\000o\000n\000d}{section.26.5}% 992
\BOOKMARK [2][-]{subsection.26.5.6}{\376\377\0002\0006\000.\0005\000.\0006\000\040\000E\000x\000a\000m\000p\000l\000e\000\040\0002\000:\000\040\000S\000u\000s\000h\000i\000\040\000S\000p\000e\000c\000i\000e\000s\000\040\000A\000u\000t\000h\000e\000n\000t\000i\000c\000a\000t\000i\000o\000n}{section.26.5}% 993
\BOOKMARK [2][-]{subsection.26.5.7}{\376\377\0002\0006\000.\0005\000.\0007\000\040\000I\000n\000t\000e\000r\000p\000r\000e\000t\000a\000t\000i\000o\000n\000\040\000G\000u\000i\000d\000e\000l\000i\000n\000e\000s}{section.26.5}% 994
\BOOKMARK [1][-]{section.26.6}{\376\377\0002\0006\000.\0006\000\040\000W\000a\000l\000k\000t\000h\000r\000o\000u\000g\000h\000\040\0003\000:\000\040\000V\000a\000r\000i\000a\000n\000t\000\040\000C\000a\000l\000l\000i\000n\000g}{chapter.26}% 995
\BOOKMARK [2][-]{subsection.26.6.1}{\376\377\0002\0006\000.\0006\000.\0001\000\040\000S\000t\000e\000p\000\040\0001\000:\000\040\000A\000l\000i\000g\000n\000m\000e\000n\000t\000\040\000w\000i\000t\000h\000\040\000m\000i\000n\000i\000m\000a\000p\0002}{section.26.6}% 996
\BOOKMARK [2][-]{subsection.26.6.2}{\376\377\0002\0006\000.\0006\000.\0002\000\040\000S\000t\000e\000p\000\040\0002\000:\000\040\000V\000a\000r\000i\000a\000n\000t\000\040\000C\000a\000l\000l\000i\000n\000g\000\040\000w\000i\000t\000h\000\040\000C\000l\000a\000i\000r\0003}{section.26.6}% 997
\BOOKMARK [2][-]{subsection.26.6.3}{\376\377\0002\0006\000.\0006\000.\0003\000\040\000S\000t\000e\000p\000\040\0003\000:\000\040\000V\000a\000r\000i\000a\000n\000t\000\040\000F\000i\000l\000t\000e\000r\000i\000n\000g\000\040\000w\000i\000t\000h\000\040\000b\000c\000f\000t\000o\000o\000l\000s}{section.26.6}% 998
\BOOKMARK [2][-]{subsection.26.6.4}{\376\377\0002\0006\000.\0006\000.\0004\000\040\000E\000x\000p\000e\000c\000t\000e\000d\000\040\000V\000a\000r\000i\000a\000n\000t\000\040\000C\000o\000u\000n\000t\000s}{section.26.6}% 999
\BOOKMARK [2][-]{subsection.26.6.5}{\376\377\0002\0006\000.\0006\000.\0005\000\040\000C\000o\000m\000p\000a\000r\000i\000s\000o\000n\000:\000\040\000C\000l\000a\000i\000r\0003\000\040\000v\000s\000\040\000M\000e\000d\000a\000k\000a\000\040\000f\000o\000r\000\040\000V\000a\000r\000i\000a\000n\000t\000\040\000C\000a\000l\000l\000i\000n\000g}{section.26.6}% 1000
\BOOKMARK [1][-]{section.26.7}{\376\377\0002\0006\000.\0007\000\040\000V\000i\000s\000u\000a\000l\000i\000z\000a\000t\000i\000o\000n\000\040\000w\000i\000t\000h\000\040\000I\000G\000V}{chapter.26}% 1001
\BOOKMARK [2][-]{subsection.26.7.1}{\376\377\0002\0006\000.\0007\000.\0001\000\040\000L\000o\000a\000d\000i\000n\000g\000\040\000a\000n\000d\000\040\000N\000a\000v\000i\000g\000a\000t\000i\000n\000g\000\040\000D\000a\000t\000a}{section.26.7}% 1002
\BOOKMARK [2][-]{subsection.26.7.2}{\376\377\0002\0006\000.\0007\000.\0002\000\040\000I\000n\000t\000e\000r\000p\000r\000e\000t\000i\000n\000g\000\040\000A\000l\000i\000g\000n\000m\000e\000n\000t\000\040\000D\000i\000s\000p\000l\000a\000y\000s}{section.26.7}% 1003
\BOOKMARK [2][-]{subsection.26.7.3}{\376\377\0002\0006\000.\0007\000.\0003\000\040\000B\000a\000t\000c\000h\000\040\000S\000c\000r\000e\000e\000n\000s\000h\000o\000t\000s}{section.26.7}% 1004
\BOOKMARK [1][-]{section.26.8}{\376\377\0002\0006\000.\0008\000\040\000G\000a\000l\000a\000x\000y\000:\000\040\000N\000o\000-\000C\000o\000d\000e\000\040\000O\000p\000t\000i\000o\000n}{chapter.26}% 1005
\BOOKMARK [2][-]{subsection.26.8.1}{\376\377\0002\0006\000.\0008\000.\0001\000\040\000G\000e\000t\000t\000i\000n\000g\000\040\000S\000t\000a\000r\000t\000e\000d\000\040\000w\000i\000t\000h\000\040\000G\000a\000l\000a\000x\000y}{section.26.8}% 1006
\BOOKMARK [2][-]{subsection.26.8.2}{\376\377\0002\0006\000.\0008\000.\0002\000\040\000B\000u\000i\000l\000d\000i\000n\000g\000\040\000V\000i\000s\000u\000a\000l\000\040\000W\000o\000r\000k\000f\000l\000o\000w\000s}{section.26.8}% 1007
\BOOKMARK [2][-]{subsection.26.8.3}{\376\377\0002\0006\000.\0008\000.\0003\000\040\000L\000i\000m\000i\000t\000a\000t\000i\000o\000n\000s\000\040\000v\000s\000\040\000C\000o\000m\000m\000a\000n\000d\000\040\000L\000i\000n\000e}{section.26.8}% 1008
\BOOKMARK [1][-]{section.26.9}{\376\377\0002\0006\000.\0009\000\040\000C\000l\000o\000u\000d\000\040\000C\000o\000m\000p\000u\000t\000i\000n\000g\000\040\000o\000n\000\040\000a\000\040\000B\000u\000d\000g\000e\000t}{chapter.26}% 1009
\BOOKMARK [2][-]{subsection.26.9.1}{\376\377\0002\0006\000.\0009\000.\0001\000\040\000W\000h\000e\000n\000\040\000L\000o\000c\000a\000l\000\040\000I\000s\000n\000'\000t\000\040\000E\000n\000o\000u\000g\000h}{section.26.9}% 1010
\BOOKMARK [2][-]{subsection.26.9.2}{\376\377\0002\0006\000.\0009\000.\0002\000\040\000C\000l\000o\000u\000d\000\040\000P\000l\000a\000t\000f\000o\000r\000m\000\040\000C\000o\000m\000p\000a\000r\000i\000s\000o\000n}{section.26.9}% 1011
\BOOKMARK [2][-]{subsection.26.9.3}{\376\377\0002\0006\000.\0009\000.\0003\000\040\000G\000o\000o\000g\000l\000e\000\040\000C\000o\000l\000a\000b\000\040\000f\000o\000r\000\040\000S\000m\000a\000l\000l\000\040\000A\000n\000a\000l\000y\000s\000e\000s}{section.26.9}% 1012
\BOOKMARK [2][-]{subsection.26.9.4}{\376\377\0002\0006\000.\0009\000.\0004\000\040\000T\000e\000r\000r\000a\000\040\000f\000o\000r\000\040\000P\000r\000o\000d\000u\000c\000t\000i\000o\000n\000\040\000G\000e\000n\000o\000m\000i\000c\000s}{section.26.9}% 1013
\BOOKMARK [1][-]{section.26.10}{\376\377\0002\0006\000.\0001\0000\000\040\000C\000o\000m\000p\000l\000e\000t\000e\000\040\000E\000n\000d\000-\000t\000o\000-\000E\000n\000d\000\040\000S\000n\000a\000k\000e\000m\000a\000k\000e\000\040\000W\000o\000r\000k\000f\000l\000o\000w}{chapter.26}% 1014
\BOOKMARK [1][-]{section.26.11}{\376\377\0002\0006\000.\0001\0001\000\040\000C\000o\000m\000p\000l\000e\000t\000e\000\040\000E\000n\000d\000-\000t\000o\000-\000E\000n\000d\000\040\000N\000e\000x\000t\000f\000l\000o\000w\000\040\000W\000o\000r\000k\000f\000l\000o\000w}{chapter.26}% 1015
\BOOKMARK [1][-]{section.26.12}{\376\377\0002\0006\000.\0001\0002\000\040\000P\000u\000t\000t\000i\000n\000g\000\040\000I\000t\000\040\000A\000l\000l\000\040\000T\000o\000g\000e\000t\000h\000e\000r\000:\000\040\000A\000\040\000P\000r\000a\000c\000t\000i\000c\000a\000l\000\040\000C\000h\000e\000c\000k\000l\000i\000s\000t}{chapter.26}% 1016
\BOOKMARK [0][-]{section*.5}{\376\377\000L\000i\000s\000t\000\040\000o\000f\000\040\000A\000c\000r\000o\000n\000y\000m\000s}{part.8}% 1017
