This is pdfTeX, Version 3.141592653-2.6-1.40.25 (TeX Live 2023) (preloaded format=pdflatex 2024.1.4)  24 FEB 2026 15:54
entering extended mode
 restricted \write18 enabled.
 %&-line parsing enabled.
**main.tex
(./main.tex
LaTeX2e <2022-11-01> patch level 1
L3 programming layer <2023-02-22>
(/usr/local/texlive/2023/texmf-dist/tex/latex/base/book.cls
Document Class: book 2022/07/02 v1.4n Standard LaTeX document class
(/usr/local/texlive/2023/texmf-dist/tex/latex/base/bk11.clo
File: bk11.clo 2022/07/02 v1.4n Standard LaTeX file (size option)
)
\c@part=\count185
\c@chapter=\count186
\c@section=\count187
\c@subsection=\count188
\c@subsubsection=\count189
\c@paragraph=\count190
\c@subparagraph=\count191
\c@figure=\count192
\c@table=\count193
\abovecaptionskip=\skip48
\belowcaptionskip=\skip49
\bibindent=\dimen140
)
(/usr/local/texlive/2023/texmf-dist/tex/latex/base/inputenc.sty
Package: inputenc 2021/02/14 v1.3d Input encoding file
\inpenc@prehook=\toks16
\inpenc@posthook=\toks17
)
(/usr/local/texlive/2023/texmf-dist/tex/latex/base/fontenc.sty
Package: fontenc 2021/04/29 v2.0v Standard LaTeX package
)
(/usr/local/texlive/2023/texmf-dist/tex/latex/lm/lmodern.sty
Package: lmodern 2015/05/01 v1.6.1 Latin Modern Fonts
LaTeX Font Info:    Overwriting symbol font `operators' in version `normal'
(Font)                  OT1/cmr/m/n --> OT1/lmr/m/n on input line 22.
LaTeX Font Info:    Overwriting symbol font `letters' in version `normal'
(Font)                  OML/cmm/m/it --> OML/lmm/m/it on input line 23.
LaTeX Font Info:    Overwriting symbol font `symbols' in version `normal'
(Font)                  OMS/cmsy/m/n --> OMS/lmsy/m/n on input line 24.
LaTeX Font Info:    Overwriting symbol font `largesymbols' in version `normal'
(Font)                  OMX/cmex/m/n --> OMX/lmex/m/n on input line 25.
LaTeX Font Info:    Overwriting symbol font `operators' in version `bold'
(Font)                  OT1/cmr/bx/n --> OT1/lmr/bx/n on input line 26.
LaTeX Font Info:    Overwriting symbol font `letters' in version `bold'
(Font)                  OML/cmm/b/it --> OML/lmm/b/it on input line 27.
LaTeX Font Info:    Overwriting symbol font `symbols' in version `bold'
(Font)                  OMS/cmsy/b/n --> OMS/lmsy/b/n on input line 28.
LaTeX Font Info:    Overwriting symbol font `largesymbols' in version `bold'
(Font)                  OMX/cmex/m/n --> OMX/lmex/m/n on input line 29.
LaTeX Font Info:    Overwriting math alphabet `\mathbf' in version `normal'
(Font)                  OT1/cmr/bx/n --> OT1/lmr/bx/n on input line 31.
LaTeX Font Info:    Overwriting math alphabet `\mathsf' in version `normal'
(Font)                  OT1/cmss/m/n --> OT1/lmss/m/n on input line 32.
LaTeX Font Info:    Overwriting math alphabet `\mathit' in version `normal'
(Font)                  OT1/cmr/m/it --> OT1/lmr/m/it on input line 33.
LaTeX Font Info:    Overwriting math alphabet `\mathtt' in version `normal'
(Font)                  OT1/cmtt/m/n --> OT1/lmtt/m/n on input line 34.
LaTeX Font Info:    Overwriting math alphabet `\mathbf' in version `bold'
(Font)                  OT1/cmr/bx/n --> OT1/lmr/bx/n on input line 35.
LaTeX Font Info:    Overwriting math alphabet `\mathsf' in version `bold'
(Font)                  OT1/cmss/bx/n --> OT1/lmss/bx/n on input line 36.
LaTeX Font Info:    Overwriting math alphabet `\mathit' in version `bold'
(Font)                  OT1/cmr/bx/it --> OT1/lmr/bx/it on input line 37.
LaTeX Font Info:    Overwriting math alphabet `\mathtt' in version `bold'
(Font)                  OT1/cmtt/m/n --> OT1/lmtt/m/n on input line 38.
)
(/usr/local/texlive/2023/texmf-dist/tex/latex/microtype/microtype.sty
Package: microtype 2023/03/13 v3.1a Micro-typographical refinements (RS)

(/usr/local/texlive/2023/texmf-dist/tex/latex/graphics/keyval.sty
Package: keyval 2022/05/29 v1.15 key=value parser (DPC)
\KV@toks@=\toks18
)
(/usr/local/texlive/2023/texmf-dist/tex/latex/etoolbox/etoolbox.sty
Package: etoolbox 2020/10/05 v2.5k e-TeX tools for LaTeX (JAW)
\etb@tempcnta=\count194
)
\MT@toks=\toks19
\MT@tempbox=\box51
\MT@count=\count195
LaTeX Info: Redefining \noprotrusionifhmode on input line 1059.
LaTeX Info: Redefining \leftprotrusion on input line 1060.
\MT@prot@toks=\toks20
LaTeX Info: Redefining \rightprotrusion on input line 1078.
LaTeX Info: Redefining \textls on input line 1368.
\MT@outer@kern=\dimen141
LaTeX Info: Redefining \textmicrotypecontext on input line 1988.
\MT@listname@count=\count196

(/usr/local/texlive/2023/texmf-dist/tex/latex/microtype/microtype-pdftex.def
File: microtype-pdftex.def 2023/03/13 v3.1a Definitions specific to pdftex (RS)

LaTeX Info: Redefining \lsstyle on input line 902.
LaTeX Info: Redefining \lslig on input line 902.
\MT@outer@space=\skip50
)
Package microtype Info: Loading configuration file microtype.cfg.

(/usr/local/texlive/2023/texmf-dist/tex/latex/microtype/microtype.cfg
File: microtype.cfg 2023/03/13 v3.1a microtype main configuration file (RS)
))
(/usr/local/texlive/2023/texmf-dist/tex/latex/geometry/geometry.sty
Package: geometry 2020/01/02 v5.9 Page Geometry

(/usr/local/texlive/2023/texmf-dist/tex/generic/iftex/ifvtex.sty
Package: ifvtex 2019/10/25 v1.7 ifvtex legacy package. Use iftex instead.

(/usr/local/texlive/2023/texmf-dist/tex/generic/iftex/iftex.sty
Package: iftex 2022/02/03 v1.0f TeX engine tests
))
\Gm@cnth=\count197
\Gm@cntv=\count198
\c@Gm@tempcnt=\count199
\Gm@bindingoffset=\dimen142
\Gm@wd@mp=\dimen143
\Gm@odd@mp=\dimen144
\Gm@even@mp=\dimen145
\Gm@layoutwidth=\dimen146
\Gm@layoutheight=\dimen147
\Gm@layouthoffset=\dimen148
\Gm@layoutvoffset=\dimen149
\Gm@dimlist=\toks21
)
(/usr/local/texlive/2023/texmf-dist/tex/generic/babel/babel.sty
Package: babel 2023/02/13 3.86 The Babel package
\babel@savecnt=\count266
\U@D=\dimen150
\l@unhyphenated=\language87

(/usr/local/texlive/2023/texmf-dist/tex/generic/babel/txtbabel.def)
\bbl@readstream=\read2
\bbl@dirlevel=\count267

(/usr/local/texlive/2023/texmf-dist/tex/generic/babel-english/english.ldf
Language: english 2017/06/06 v3.3r English support from the babel system
Package babel Info: Hyphen rules for 'canadian' set to \l@english
(babel)             (\language0). Reported on input line 102.
Package babel Info: Hyphen rules for 'australian' set to \l@ukenglish
(babel)             (\language21). Reported on input line 105.
Package babel Info: Hyphen rules for 'newzealand' set to \l@ukenglish
(babel)             (\language21). Reported on input line 108.
))
(/usr/local/texlive/2023/texmf-dist/tex/generic/babel/locale/en/babel-english.t
ex
Package babel Info: Importing font and identification data for english
(babel)             from babel-en.ini. Reported on input line 11.
) (/usr/local/texlive/2023/texmf-dist/tex/latex/xcolor/xcolor.sty
Package: xcolor 2022/06/12 v2.14 LaTeX color extensions (UK)

(/usr/local/texlive/2023/texmf-dist/tex/latex/graphics-cfg/color.cfg
File: color.cfg 2016/01/02 v1.6 sample color configuration
)
Package xcolor Info: Driver file: pdftex.def on input line 227.

(/usr/local/texlive/2023/texmf-dist/tex/latex/graphics-def/pdftex.def
File: pdftex.def 2022/09/22 v1.2b Graphics/color driver for pdftex
)
(/usr/local/texlive/2023/texmf-dist/tex/latex/colortbl/colortbl.sty
Package: colortbl 2022/06/20 v1.0f Color table columns (DPC)

(/usr/local/texlive/2023/texmf-dist/tex/latex/tools/array.sty
Package: array 2022/09/04 v2.5g Tabular extension package (FMi)
\col@sep=\dimen151
\ar@mcellbox=\box52
\extrarowheight=\dimen152
\NC@list=\toks22
\extratabsurround=\skip51
\backup@length=\skip52
\ar@cellbox=\box53
)
\everycr=\toks23
\minrowclearance=\skip53
\rownum=\count268
)
(/usr/local/texlive/2023/texmf-dist/tex/latex/graphics/mathcolor.ltx)
Package xcolor Info: Model `cmy' substituted by `cmy0' on input line 1353.
Package xcolor Info: Model `hsb' substituted by `rgb' on input line 1357.
Package xcolor Info: Model `RGB' extended on input line 1369.
Package xcolor Info: Model `HTML' substituted by `rgb' on input line 1371.
Package xcolor Info: Model `Hsb' substituted by `hsb' on input line 1372.
Package xcolor Info: Model `tHsb' substituted by `hsb' on input line 1373.
Package xcolor Info: Model `HSB' substituted by `hsb' on input line 1374.
Package xcolor Info: Model `Gray' substituted by `gray' on input line 1375.
Package xcolor Info: Model `wave' substituted by `hsb' on input line 1376.

(/usr/local/texlive/2023/texmf-dist/tex/latex/graphics/dvipsnam.def
File: dvipsnam.def 2016/06/17 v3.0m Driver-dependent file (DPC,SPQR)
)
(/usr/local/texlive/2023/texmf-dist/tex/latex/xcolor/svgnam.def
File: svgnam.def 2022/06/12 v2.14 Predefined colors according to SVG 1.1 (UK)
))
(/usr/local/texlive/2023/texmf-dist/tex/latex/graphics/graphicx.sty
Package: graphicx 2021/09/16 v1.2d Enhanced LaTeX Graphics (DPC,SPQR)

(/usr/local/texlive/2023/texmf-dist/tex/latex/graphics/graphics.sty
Package: graphics 2022/03/10 v1.4e Standard LaTeX Graphics (DPC,SPQR)

(/usr/local/texlive/2023/texmf-dist/tex/latex/graphics/trig.sty
Package: trig 2021/08/11 v1.11 sin cos tan (DPC)
)
(/usr/local/texlive/2023/texmf-dist/tex/latex/graphics-cfg/graphics.cfg
File: graphics.cfg 2016/06/04 v1.11 sample graphics configuration
)
Package graphics Info: Driver file: pdftex.def on input line 107.
)
\Gin@req@height=\dimen153
\Gin@req@width=\dimen154
)
(/usr/local/texlive/2023/texmf-dist/tex/latex/pgf/frontendlayer/tikz.sty
(/usr/local/texlive/2023/texmf-dist/tex/latex/pgf/basiclayer/pgf.sty
(/usr/local/texlive/2023/texmf-dist/tex/latex/pgf/utilities/pgfrcs.sty
(/usr/local/texlive/2023/texmf-dist/tex/generic/pgf/utilities/pgfutil-common.te
x
\pgfutil@everybye=\toks24
\pgfutil@tempdima=\dimen155
\pgfutil@tempdimb=\dimen156
)
(/usr/local/texlive/2023/texmf-dist/tex/generic/pgf/utilities/pgfutil-latex.def
\pgfutil@abb=\box54
) (/usr/local/texlive/2023/texmf-dist/tex/generic/pgf/utilities/pgfrcs.code.tex
(/usr/local/texlive/2023/texmf-dist/tex/generic/pgf/pgf.revision.tex)
Package: pgfrcs 2023-01-15 v3.1.10 (3.1.10)
))
Package: pgf 2023-01-15 v3.1.10 (3.1.10)

(/usr/local/texlive/2023/texmf-dist/tex/latex/pgf/basiclayer/pgfcore.sty
(/usr/local/texlive/2023/texmf-dist/tex/latex/pgf/systemlayer/pgfsys.sty
(/usr/local/texlive/2023/texmf-dist/tex/generic/pgf/systemlayer/pgfsys.code.tex
Package: pgfsys 2023-01-15 v3.1.10 (3.1.10)
(/usr/local/texlive/2023/texmf-dist/tex/generic/pgf/utilities/pgfkeys.code.tex
\pgfkeys@pathtoks=\toks25
\pgfkeys@temptoks=\toks26

(/usr/local/texlive/2023/texmf-dist/tex/generic/pgf/utilities/pgfkeyslibraryfil
tered.code.tex
\pgfkeys@tmptoks=\toks27
))
\pgf@x=\dimen157
\pgf@y=\dimen158
\pgf@xa=\dimen159
\pgf@ya=\dimen160
\pgf@xb=\dimen161
\pgf@yb=\dimen162
\pgf@xc=\dimen163
\pgf@yc=\dimen164
\pgf@xd=\dimen165
\pgf@yd=\dimen166
\w@pgf@writea=\write3
\r@pgf@reada=\read3
\c@pgf@counta=\count269
\c@pgf@countb=\count270
\c@pgf@countc=\count271
\c@pgf@countd=\count272
\t@pgf@toka=\toks28
\t@pgf@tokb=\toks29
\t@pgf@tokc=\toks30
\pgf@sys@id@count=\count273

(/usr/local/texlive/2023/texmf-dist/tex/generic/pgf/systemlayer/pgf.cfg
File: pgf.cfg 2023-01-15 v3.1.10 (3.1.10)
)
Driver file for pgf: pgfsys-pdftex.def

(/usr/local/texlive/2023/texmf-dist/tex/generic/pgf/systemlayer/pgfsys-pdftex.d
ef
File: pgfsys-pdftex.def 2023-01-15 v3.1.10 (3.1.10)

(/usr/local/texlive/2023/texmf-dist/tex/generic/pgf/systemlayer/pgfsys-common-p
df.def
File: pgfsys-common-pdf.def 2023-01-15 v3.1.10 (3.1.10)
)))
(/usr/local/texlive/2023/texmf-dist/tex/generic/pgf/systemlayer/pgfsyssoftpath.
code.tex
File: pgfsyssoftpath.code.tex 2023-01-15 v3.1.10 (3.1.10)
\pgfsyssoftpath@smallbuffer@items=\count274
\pgfsyssoftpath@bigbuffer@items=\count275
)
(/usr/local/texlive/2023/texmf-dist/tex/generic/pgf/systemlayer/pgfsysprotocol.
code.tex
File: pgfsysprotocol.code.tex 2023-01-15 v3.1.10 (3.1.10)
))
(/usr/local/texlive/2023/texmf-dist/tex/generic/pgf/basiclayer/pgfcore.code.tex
Package: pgfcore 2023-01-15 v3.1.10 (3.1.10)
(/usr/local/texlive/2023/texmf-dist/tex/generic/pgf/math/pgfmath.code.tex
(/usr/local/texlive/2023/texmf-dist/tex/generic/pgf/math/pgfmathutil.code.tex)
(/usr/local/texlive/2023/texmf-dist/tex/generic/pgf/math/pgfmathparser.code.tex
\pgfmath@dimen=\dimen167
\pgfmath@count=\count276
\pgfmath@box=\box55
\pgfmath@toks=\toks31
\pgfmath@stack@operand=\toks32
\pgfmath@stack@operation=\toks33
)
(/usr/local/texlive/2023/texmf-dist/tex/generic/pgf/math/pgfmathfunctions.code.
tex)
(/usr/local/texlive/2023/texmf-dist/tex/generic/pgf/math/pgfmathfunctions.basic
.code.tex)
(/usr/local/texlive/2023/texmf-dist/tex/generic/pgf/math/pgfmathfunctions.trigo
nometric.code.tex)
(/usr/local/texlive/2023/texmf-dist/tex/generic/pgf/math/pgfmathfunctions.rando
m.code.tex)
(/usr/local/texlive/2023/texmf-dist/tex/generic/pgf/math/pgfmathfunctions.compa
rison.code.tex)
(/usr/local/texlive/2023/texmf-dist/tex/generic/pgf/math/pgfmathfunctions.base.
code.tex)
(/usr/local/texlive/2023/texmf-dist/tex/generic/pgf/math/pgfmathfunctions.round
.code.tex)
(/usr/local/texlive/2023/texmf-dist/tex/generic/pgf/math/pgfmathfunctions.misc.
code.tex)
(/usr/local/texlive/2023/texmf-dist/tex/generic/pgf/math/pgfmathfunctions.integ
erarithmetics.code.tex)
(/usr/local/texlive/2023/texmf-dist/tex/generic/pgf/math/pgfmathcalc.code.tex)
(/usr/local/texlive/2023/texmf-dist/tex/generic/pgf/math/pgfmathfloat.code.tex
\c@pgfmathroundto@lastzeros=\count277
)) (/usr/local/texlive/2023/texmf-dist/tex/generic/pgf/math/pgfint.code.tex)
(/usr/local/texlive/2023/texmf-dist/tex/generic/pgf/basiclayer/pgfcorepoints.co
de.tex
File: pgfcorepoints.code.tex 2023-01-15 v3.1.10 (3.1.10)
\pgf@picminx=\dimen168
\pgf@picmaxx=\dimen169
\pgf@picminy=\dimen170
\pgf@picmaxy=\dimen171
\pgf@pathminx=\dimen172
\pgf@pathmaxx=\dimen173
\pgf@pathminy=\dimen174
\pgf@pathmaxy=\dimen175
\pgf@xx=\dimen176
\pgf@xy=\dimen177
\pgf@yx=\dimen178
\pgf@yy=\dimen179
\pgf@zx=\dimen180
\pgf@zy=\dimen181
)
(/usr/local/texlive/2023/texmf-dist/tex/generic/pgf/basiclayer/pgfcorepathconst
ruct.code.tex
File: pgfcorepathconstruct.code.tex 2023-01-15 v3.1.10 (3.1.10)
\pgf@path@lastx=\dimen182
\pgf@path@lasty=\dimen183
)
(/usr/local/texlive/2023/texmf-dist/tex/generic/pgf/basiclayer/pgfcorepathusage
.code.tex
File: pgfcorepathusage.code.tex 2023-01-15 v3.1.10 (3.1.10)
\pgf@shorten@end@additional=\dimen184
\pgf@shorten@start@additional=\dimen185
)
(/usr/local/texlive/2023/texmf-dist/tex/generic/pgf/basiclayer/pgfcorescopes.co
de.tex
File: pgfcorescopes.code.tex 2023-01-15 v3.1.10 (3.1.10)
\pgfpic=\box56
\pgf@hbox=\box57
\pgf@layerbox@main=\box58
\pgf@picture@serial@count=\count278
)
(/usr/local/texlive/2023/texmf-dist/tex/generic/pgf/basiclayer/pgfcoregraphicst
ate.code.tex
File: pgfcoregraphicstate.code.tex 2023-01-15 v3.1.10 (3.1.10)
\pgflinewidth=\dimen186
)
(/usr/local/texlive/2023/texmf-dist/tex/generic/pgf/basiclayer/pgfcoretransform
ations.code.tex
File: pgfcoretransformations.code.tex 2023-01-15 v3.1.10 (3.1.10)
\pgf@pt@x=\dimen187
\pgf@pt@y=\dimen188
\pgf@pt@temp=\dimen189
)
(/usr/local/texlive/2023/texmf-dist/tex/generic/pgf/basiclayer/pgfcorequick.cod
e.tex
File: pgfcorequick.code.tex 2023-01-15 v3.1.10 (3.1.10)
)
(/usr/local/texlive/2023/texmf-dist/tex/generic/pgf/basiclayer/pgfcoreobjects.c
ode.tex
File: pgfcoreobjects.code.tex 2023-01-15 v3.1.10 (3.1.10)
)
(/usr/local/texlive/2023/texmf-dist/tex/generic/pgf/basiclayer/pgfcorepathproce
ssing.code.tex
File: pgfcorepathprocessing.code.tex 2023-01-15 v3.1.10 (3.1.10)
)
(/usr/local/texlive/2023/texmf-dist/tex/generic/pgf/basiclayer/pgfcorearrows.co
de.tex
File: pgfcorearrows.code.tex 2023-01-15 v3.1.10 (3.1.10)
\pgfarrowsep=\dimen190
)
(/usr/local/texlive/2023/texmf-dist/tex/generic/pgf/basiclayer/pgfcoreshade.cod
e.tex
File: pgfcoreshade.code.tex 2023-01-15 v3.1.10 (3.1.10)
\pgf@max=\dimen191
\pgf@sys@shading@range@num=\count279
\pgf@shadingcount=\count280
)
(/usr/local/texlive/2023/texmf-dist/tex/generic/pgf/basiclayer/pgfcoreimage.cod
e.tex
File: pgfcoreimage.code.tex 2023-01-15 v3.1.10 (3.1.10)
)
(/usr/local/texlive/2023/texmf-dist/tex/generic/pgf/basiclayer/pgfcoreexternal.
code.tex
File: pgfcoreexternal.code.tex 2023-01-15 v3.1.10 (3.1.10)
\pgfexternal@startupbox=\box59
)
(/usr/local/texlive/2023/texmf-dist/tex/generic/pgf/basiclayer/pgfcorelayers.co
de.tex
File: pgfcorelayers.code.tex 2023-01-15 v3.1.10 (3.1.10)
)
(/usr/local/texlive/2023/texmf-dist/tex/generic/pgf/basiclayer/pgfcoretranspare
ncy.code.tex
File: pgfcoretransparency.code.tex 2023-01-15 v3.1.10 (3.1.10)
)
(/usr/local/texlive/2023/texmf-dist/tex/generic/pgf/basiclayer/pgfcorepatterns.
code.tex
File: pgfcorepatterns.code.tex 2023-01-15 v3.1.10 (3.1.10)
)
(/usr/local/texlive/2023/texmf-dist/tex/generic/pgf/basiclayer/pgfcorerdf.code.
tex
File: pgfcorerdf.code.tex 2023-01-15 v3.1.10 (3.1.10)
)))
(/usr/local/texlive/2023/texmf-dist/tex/generic/pgf/modules/pgfmoduleshapes.cod
e.tex
File: pgfmoduleshapes.code.tex 2023-01-15 v3.1.10 (3.1.10)
\pgfnodeparttextbox=\box60
)
(/usr/local/texlive/2023/texmf-dist/tex/generic/pgf/modules/pgfmoduleplot.code.
tex
File: pgfmoduleplot.code.tex 2023-01-15 v3.1.10 (3.1.10)
)
(/usr/local/texlive/2023/texmf-dist/tex/latex/pgf/compatibility/pgfcomp-version
-0-65.sty
Package: pgfcomp-version-0-65 2023-01-15 v3.1.10 (3.1.10)
\pgf@nodesepstart=\dimen192
\pgf@nodesepend=\dimen193
)
(/usr/local/texlive/2023/texmf-dist/tex/latex/pgf/compatibility/pgfcomp-version
-1-18.sty
Package: pgfcomp-version-1-18 2023-01-15 v3.1.10 (3.1.10)
))
(/usr/local/texlive/2023/texmf-dist/tex/latex/pgf/utilities/pgffor.sty
(/usr/local/texlive/2023/texmf-dist/tex/latex/pgf/utilities/pgfkeys.sty
(/usr/local/texlive/2023/texmf-dist/tex/generic/pgf/utilities/pgfkeys.code.tex)
) (/usr/local/texlive/2023/texmf-dist/tex/latex/pgf/math/pgfmath.sty
(/usr/local/texlive/2023/texmf-dist/tex/generic/pgf/math/pgfmath.code.tex))
(/usr/local/texlive/2023/texmf-dist/tex/generic/pgf/utilities/pgffor.code.tex
Package: pgffor 2023-01-15 v3.1.10 (3.1.10)
\pgffor@iter=\dimen194
\pgffor@skip=\dimen195
\pgffor@stack=\toks34
\pgffor@toks=\toks35
))
(/usr/local/texlive/2023/texmf-dist/tex/generic/pgf/frontendlayer/tikz/tikz.cod
e.tex
Package: tikz 2023-01-15 v3.1.10 (3.1.10)

(/usr/local/texlive/2023/texmf-dist/tex/generic/pgf/libraries/pgflibraryplothan
dlers.code.tex
File: pgflibraryplothandlers.code.tex 2023-01-15 v3.1.10 (3.1.10)
\pgf@plot@mark@count=\count281
\pgfplotmarksize=\dimen196
)
\tikz@lastx=\dimen197
\tikz@lasty=\dimen198
\tikz@lastxsaved=\dimen199
\tikz@lastysaved=\dimen256
\tikz@lastmovetox=\dimen257
\tikz@lastmovetoy=\dimen258
\tikzleveldistance=\dimen259
\tikzsiblingdistance=\dimen260
\tikz@figbox=\box61
\tikz@figbox@bg=\box62
\tikz@tempbox=\box63
\tikz@tempbox@bg=\box64
\tikztreelevel=\count282
\tikznumberofchildren=\count283
\tikznumberofcurrentchild=\count284
\tikz@fig@count=\count285

(/usr/local/texlive/2023/texmf-dist/tex/generic/pgf/modules/pgfmodulematrix.cod
e.tex
File: pgfmodulematrix.code.tex 2023-01-15 v3.1.10 (3.1.10)
\pgfmatrixcurrentrow=\count286
\pgfmatrixcurrentcolumn=\count287
\pgf@matrix@numberofcolumns=\count288
)
\tikz@expandcount=\count289

(/usr/local/texlive/2023/texmf-dist/tex/generic/pgf/frontendlayer/tikz/librarie
s/tikzlibrarytopaths.code.tex
File: tikzlibrarytopaths.code.tex 2023-01-15 v3.1.10 (3.1.10)
)))
(/usr/local/texlive/2023/texmf-dist/tex/generic/pgf/libraries/pgflibraryarrows.
meta.code.tex
File: pgflibraryarrows.meta.code.tex 2023-01-15 v3.1.10 (3.1.10)
\pgfarrowinset=\dimen261
\pgfarrowlength=\dimen262
\pgfarrowwidth=\dimen263
\pgfarrowlinewidth=\dimen264
)
(/usr/local/texlive/2023/texmf-dist/tex/generic/pgf/frontendlayer/tikz/librarie
s/tikzlibrarypositioning.code.tex
File: tikzlibrarypositioning.code.tex 2023-01-15 v3.1.10 (3.1.10)
)
(/usr/local/texlive/2023/texmf-dist/tex/generic/pgf/frontendlayer/tikz/librarie
s/tikzlibraryshapes.geometric.code.tex
File: tikzlibraryshapes.geometric.code.tex 2023-01-15 v3.1.10 (3.1.10)

(/usr/local/texlive/2023/texmf-dist/tex/generic/pgf/libraries/shapes/pgflibrary
shapes.geometric.code.tex
File: pgflibraryshapes.geometric.code.tex 2023-01-15 v3.1.10 (3.1.10)
))
(/usr/local/texlive/2023/texmf-dist/tex/generic/pgf/frontendlayer/tikz/librarie
s/tikzlibrarycalc.code.tex
File: tikzlibrarycalc.code.tex 2023-01-15 v3.1.10 (3.1.10)
)
(/usr/local/texlive/2023/texmf-dist/tex/generic/pgf/frontendlayer/tikz/librarie
s/tikzlibrarydecorations.pathmorphing.code.tex
(/usr/local/texlive/2023/texmf-dist/tex/generic/pgf/frontendlayer/tikz/librarie
s/tikzlibrarydecorations.code.tex
(/usr/local/texlive/2023/texmf-dist/tex/generic/pgf/modules/pgfmoduledecoration
s.code.tex
\pgfdecoratedcompleteddistance=\dimen265
\pgfdecoratedremainingdistance=\dimen266
\pgfdecoratedinputsegmentcompleteddistance=\dimen267
\pgfdecoratedinputsegmentremainingdistance=\dimen268
\pgf@decorate@distancetomove=\dimen269
\pgf@decorate@repeatstate=\count290
\pgfdecorationsegmentamplitude=\dimen270
\pgfdecorationsegmentlength=\dimen271
)
\tikz@lib@dec@box=\box65
)
(/usr/local/texlive/2023/texmf-dist/tex/generic/pgf/libraries/decorations/pgfli
brarydecorations.pathmorphing.code.tex))
(/usr/local/texlive/2023/texmf-dist/tex/generic/pgf/frontendlayer/tikz/librarie
s/tikzlibrarydecorations.pathreplacing.code.tex
(/usr/local/texlive/2023/texmf-dist/tex/generic/pgf/libraries/decorations/pgfli
brarydecorations.pathreplacing.code.tex))
(/usr/local/texlive/2023/texmf-dist/tex/generic/pgf/frontendlayer/tikz/librarie
s/tikzlibraryfit.code.tex
File: tikzlibraryfit.code.tex 2023-01-15 v3.1.10 (3.1.10)
)
(/usr/local/texlive/2023/texmf-dist/tex/generic/pgf/frontendlayer/tikz/librarie
s/tikzlibrarybackgrounds.code.tex
File: tikzlibrarybackgrounds.code.tex 2023-01-15 v3.1.10 (3.1.10)
\pgf@layerbox@background=\box66
\pgf@layerboxsaved@background=\box67
)
(/usr/local/texlive/2023/texmf-dist/tex/latex/booktabs/booktabs.sty
Package: booktabs 2020/01/12 v1.61803398 Publication quality tables
\heavyrulewidth=\dimen272
\lightrulewidth=\dimen273
\cmidrulewidth=\dimen274
\belowrulesep=\dimen275
\belowbottomsep=\dimen276
\aboverulesep=\dimen277
\abovetopsep=\dimen278
\cmidrulesep=\dimen279
\cmidrulekern=\dimen280
\defaultaddspace=\dimen281
\@cmidla=\count291
\@cmidlb=\count292
\@aboverulesep=\dimen282
\@belowrulesep=\dimen283
\@thisruleclass=\count293
\@lastruleclass=\count294
\@thisrulewidth=\dimen284
)
(/usr/local/texlive/2023/texmf-dist/tex/latex/tools/longtable.sty
Package: longtable 2021-09-01 v4.17 Multi-page Table package (DPC)
\LTleft=\skip54
\LTright=\skip55
\LTpre=\skip56
\LTpost=\skip57
\LTchunksize=\count295
\LTcapwidth=\dimen285
\LT@head=\box68
\LT@firsthead=\box69
\LT@foot=\box70
\LT@lastfoot=\box71
\LT@gbox=\box72
\LT@cols=\count296
\LT@rows=\count297
\c@LT@tables=\count298
\c@LT@chunks=\count299
\LT@p@ftn=\toks36
)
(/usr/local/texlive/2023/texmf-dist/tex/latex/tools/tabularx.sty
Package: tabularx 2020/01/15 v2.11c `tabularx' package (DPC)
\TX@col@width=\dimen286
\TX@old@table=\dimen287
\TX@old@col=\dimen288
\TX@target=\dimen289
\TX@delta=\dimen290
\TX@cols=\count300
\TX@ftn=\toks37
)
(/usr/local/texlive/2023/texmf-dist/tex/latex/multirow/multirow.sty
Package: multirow 2021/03/15 v2.8 Span multiple rows of a table
\multirow@colwidth=\skip58
\multirow@cntb=\count301
\multirow@dima=\skip59
\bigstrutjot=\dimen291
)
(/usr/local/texlive/2023/texmf-dist/tex/latex/enumitem/enumitem.sty
Package: enumitem 2019/06/20 v3.9 Customized lists
\labelindent=\skip60
\enit@outerparindent=\dimen292
\enit@toks=\toks38
\enit@inbox=\box73
\enit@count@id=\count302
\enitdp@description=\count303
)
(/usr/local/texlive/2023/texmf-dist/tex/latex/amsmath/amsmath.sty
Package: amsmath 2022/04/08 v2.17n AMS math features
\@mathmargin=\skip61

For additional information on amsmath, use the `?' option.
(/usr/local/texlive/2023/texmf-dist/tex/latex/amsmath/amstext.sty
Package: amstext 2021/08/26 v2.01 AMS text

(/usr/local/texlive/2023/texmf-dist/tex/latex/amsmath/amsgen.sty
File: amsgen.sty 1999/11/30 v2.0 generic functions
\@emptytoks=\toks39
\ex@=\dimen293
))
(/usr/local/texlive/2023/texmf-dist/tex/latex/amsmath/amsbsy.sty
Package: amsbsy 1999/11/29 v1.2d Bold Symbols
\pmbraise@=\dimen294
)
(/usr/local/texlive/2023/texmf-dist/tex/latex/amsmath/amsopn.sty
Package: amsopn 2022/04/08 v2.04 operator names
)
\inf@bad=\count304
LaTeX Info: Redefining \frac on input line 234.
\uproot@=\count305
\leftroot@=\count306
LaTeX Info: Redefining \overline on input line 399.
LaTeX Info: Redefining \colon on input line 410.
\classnum@=\count307
\DOTSCASE@=\count308
LaTeX Info: Redefining \ldots on input line 496.
LaTeX Info: Redefining \dots on input line 499.
LaTeX Info: Redefining \cdots on input line 620.
\Mathstrutbox@=\box74
\strutbox@=\box75
LaTeX Info: Redefining \big on input line 722.
LaTeX Info: Redefining \Big on input line 723.
LaTeX Info: Redefining \bigg on input line 724.
LaTeX Info: Redefining \Bigg on input line 725.
\big@size=\dimen295
LaTeX Font Info:    Redeclaring font encoding OML on input line 743.
LaTeX Font Info:    Redeclaring font encoding OMS on input line 744.
\macc@depth=\count309
LaTeX Info: Redefining \bmod on input line 905.
LaTeX Info: Redefining \pmod on input line 910.
LaTeX Info: Redefining \smash on input line 940.
LaTeX Info: Redefining \relbar on input line 970.
LaTeX Info: Redefining \Relbar on input line 971.
\c@MaxMatrixCols=\count310
\dotsspace@=\muskip16
\c@parentequation=\count311
\dspbrk@lvl=\count312
\tag@help=\toks40
\row@=\count313
\column@=\count314
\maxfields@=\count315
\andhelp@=\toks41
\eqnshift@=\dimen296
\alignsep@=\dimen297
\tagshift@=\dimen298
\tagwidth@=\dimen299
\totwidth@=\dimen300
\lineht@=\dimen301
\@envbody=\toks42
\multlinegap=\skip62
\multlinetaggap=\skip63
\mathdisplay@stack=\toks43
LaTeX Info: Redefining \[ on input line 2953.
LaTeX Info: Redefining \] on input line 2954.
)
(/usr/local/texlive/2023/texmf-dist/tex/latex/amsfonts/amssymb.sty
Package: amssymb 2013/01/14 v3.01 AMS font symbols

(/usr/local/texlive/2023/texmf-dist/tex/latex/amsfonts/amsfonts.sty
Package: amsfonts 2013/01/14 v3.01 Basic AMSFonts support
\symAMSa=\mathgroup4
\symAMSb=\mathgroup5
LaTeX Font Info:    Redeclaring math symbol \hbar on input line 98.
LaTeX Font Info:    Overwriting math alphabet `\mathfrak' in version `bold'
(Font)                  U/euf/m/n --> U/euf/b/n on input line 106.
))
(/usr/local/texlive/2023/texmf-dist/tex/latex/listings/listings.sty
\lst@mode=\count316
\lst@gtempboxa=\box76
\lst@token=\toks44
\lst@length=\count317
\lst@currlwidth=\dimen302
\lst@column=\count318
\lst@pos=\count319
\lst@lostspace=\dimen303
\lst@width=\dimen304
\lst@newlines=\count320
\lst@lineno=\count321
\lst@maxwidth=\dimen305

(/usr/local/texlive/2023/texmf-dist/tex/latex/listings/lstmisc.sty
File: lstmisc.sty 2023/02/27 1.9 (Carsten Heinz)
\c@lstnumber=\count322
\lst@skipnumbers=\count323
\lst@framebox=\box77
)
(/usr/local/texlive/2023/texmf-dist/tex/latex/listings/listings.cfg
File: listings.cfg 2023/02/27 1.9 listings configuration
))
Package: listings 2023/02/27 1.9 (Carsten Heinz)

(/usr/local/texlive/2023/texmf-dist/tex/latex/eso-pic/eso-pic.sty
Package: eso-pic 2020/10/14 v3.0a eso-pic (RN)
\ESO@tempdima=\dimen306
\ESO@tempdimb=\dimen307
)
(/usr/local/texlive/2023/texmf-dist/tex/latex/hyperref/hyperref.sty
Package: hyperref 2023-02-07 v7.00v Hypertext links for LaTeX

(/usr/local/texlive/2023/texmf-dist/tex/generic/ltxcmds/ltxcmds.sty
Package: ltxcmds 2020-05-10 v1.25 LaTeX kernel commands for general use (HO)
)
(/usr/local/texlive/2023/texmf-dist/tex/generic/pdftexcmds/pdftexcmds.sty
Package: pdftexcmds 2020-06-27 v0.33 Utility functions of pdfTeX for LuaTeX (HO
)

(/usr/local/texlive/2023/texmf-dist/tex/generic/infwarerr/infwarerr.sty
Package: infwarerr 2019/12/03 v1.5 Providing info/warning/error messages (HO)
)
Package pdftexcmds Info: \pdf@primitive is available.
Package pdftexcmds Info: \pdf@ifprimitive is available.
Package pdftexcmds Info: \pdfdraftmode found.
)
(/usr/local/texlive/2023/texmf-dist/tex/latex/kvsetkeys/kvsetkeys.sty
Package: kvsetkeys 2022-10-05 v1.19 Key value parser (HO)
)
(/usr/local/texlive/2023/texmf-dist/tex/generic/kvdefinekeys/kvdefinekeys.sty
Package: kvdefinekeys 2019-12-19 v1.6 Define keys (HO)
)
(/usr/local/texlive/2023/texmf-dist/tex/generic/pdfescape/pdfescape.sty
Package: pdfescape 2019/12/09 v1.15 Implements pdfTeX's escape features (HO)
)
(/usr/local/texlive/2023/texmf-dist/tex/latex/hycolor/hycolor.sty
Package: hycolor 2020-01-27 v1.10 Color options for hyperref/bookmark (HO)
)
(/usr/local/texlive/2023/texmf-dist/tex/latex/letltxmacro/letltxmacro.sty
Package: letltxmacro 2019/12/03 v1.6 Let assignment for LaTeX macros (HO)
)
(/usr/local/texlive/2023/texmf-dist/tex/latex/auxhook/auxhook.sty
Package: auxhook 2019-12-17 v1.6 Hooks for auxiliary files (HO)
)
(/usr/local/texlive/2023/texmf-dist/tex/latex/hyperref/nameref.sty
Package: nameref 2022-05-17 v2.50 Cross-referencing by name of section

(/usr/local/texlive/2023/texmf-dist/tex/latex/refcount/refcount.sty
Package: refcount 2019/12/15 v3.6 Data extraction from label references (HO)
)
(/usr/local/texlive/2023/texmf-dist/tex/generic/gettitlestring/gettitlestring.s
ty
Package: gettitlestring 2019/12/15 v1.6 Cleanup title references (HO)
 (/usr/local/texlive/2023/texmf-dist/tex/latex/kvoptions/kvoptions.sty
Package: kvoptions 2022-06-15 v3.15 Key value format for package options (HO)
))
\c@section@level=\count324
)
\@linkdim=\dimen308
\Hy@linkcounter=\count325
\Hy@pagecounter=\count326

(/usr/local/texlive/2023/texmf-dist/tex/latex/hyperref/pd1enc.def
File: pd1enc.def 2023-02-07 v7.00v Hyperref: PDFDocEncoding definition (HO)
Now handling font encoding PD1 ...
... no UTF-8 mapping file for font encoding PD1
)
(/usr/local/texlive/2023/texmf-dist/tex/generic/intcalc/intcalc.sty
Package: intcalc 2019/12/15 v1.3 Expandable calculations with integers (HO)
)
(/usr/local/texlive/2023/texmf-dist/tex/generic/etexcmds/etexcmds.sty
Package: etexcmds 2019/12/15 v1.7 Avoid name clashes with e-TeX commands (HO)
)
\Hy@SavedSpaceFactor=\count327

(/usr/local/texlive/2023/texmf-dist/tex/latex/hyperref/puenc.def
File: puenc.def 2023-02-07 v7.00v Hyperref: PDF Unicode definition (HO)
Now handling font encoding PU ...
... no UTF-8 mapping file for font encoding PU
)
Package hyperref Info: Option `colorlinks' set `true' on input line 4060.
Package hyperref Info: Option `bookmarks' set `true' on input line 4060.
Package hyperref Info: Option `bookmarksnumbered' set `true' on input line 4060
.
Package hyperref Info: Hyper figures OFF on input line 4177.
Package hyperref Info: Link nesting OFF on input line 4182.
Package hyperref Info: Hyper index ON on input line 4185.
Package hyperref Info: Plain pages OFF on input line 4192.
Package hyperref Info: Backreferencing OFF on input line 4197.
Package hyperref Info: Implicit mode ON; LaTeX internals redefined.
Package hyperref Info: Bookmarks ON on input line 4425.
\c@Hy@tempcnt=\count328

(/usr/local/texlive/2023/texmf-dist/tex/latex/url/url.sty
\Urlmuskip=\muskip17
Package: url 2013/09/16  ver 3.4  Verb mode for urls, etc.
)
LaTeX Info: Redefining \url on input line 4763.
\XeTeXLinkMargin=\dimen309

(/usr/local/texlive/2023/texmf-dist/tex/generic/bitset/bitset.sty
Package: bitset 2019/12/09 v1.3 Handle bit-vector datatype (HO)

(/usr/local/texlive/2023/texmf-dist/tex/generic/bigintcalc/bigintcalc.sty
Package: bigintcalc 2019/12/15 v1.5 Expandable calculations on big integers (HO
)
))
\Fld@menulength=\count329
\Field@Width=\dimen310
\Fld@charsize=\dimen311
Package hyperref Info: Hyper figures OFF on input line 6042.
Package hyperref Info: Link nesting OFF on input line 6047.
Package hyperref Info: Hyper index ON on input line 6050.
Package hyperref Info: backreferencing OFF on input line 6057.
Package hyperref Info: Link coloring ON on input line 6060.
Package hyperref Info: Link coloring with OCG OFF on input line 6067.
Package hyperref Info: PDF/A mode OFF on input line 6072.

(/usr/local/texlive/2023/texmf-dist/tex/latex/base/atbegshi-ltx.sty
Package: atbegshi-ltx 2021/01/10 v1.0c Emulation of the original atbegshi
package with kernel methods
)
\Hy@abspage=\count330
\c@Item=\count331
\c@Hfootnote=\count332
)
Package hyperref Info: Driver (autodetected): hpdftex.

(/usr/local/texlive/2023/texmf-dist/tex/latex/hyperref/hpdftex.def
File: hpdftex.def 2023-02-07 v7.00v Hyperref driver for pdfTeX

(/usr/local/texlive/2023/texmf-dist/tex/latex/base/atveryend-ltx.sty
Package: atveryend-ltx 2020/08/19 v1.0a Emulation of the original atveryend pac
kage
with kernel methods
)
\Fld@listcount=\count333
\c@bookmark@seq@number=\count334

(/usr/local/texlive/2023/texmf-dist/tex/latex/rerunfilecheck/rerunfilecheck.sty
Package: rerunfilecheck 2022-07-10 v1.10 Rerun checks for auxiliary files (HO)

(/usr/local/texlive/2023/texmf-dist/tex/generic/uniquecounter/uniquecounter.sty
Package: uniquecounter 2019/12/15 v1.4 Provide unlimited unique counter (HO)
)
Package uniquecounter Info: New unique counter `rerunfilecheck' on input line 2
85.
)
\Hy@SectionHShift=\skip64
) (/usr/local/texlive/2023/texmf-dist/tex/latex/cleveref/cleveref.sty
Package: cleveref 2018/03/27 v0.21.4 Intelligent cross-referencing
Package cleveref Info: `hyperref' support loaded on input line 2370.
LaTeX Info: Redefining \cref on input line 2370.
LaTeX Info: Redefining \Cref on input line 2370.
LaTeX Info: Redefining \crefrange on input line 2370.
LaTeX Info: Redefining \Crefrange on input line 2370.
LaTeX Info: Redefining \cpageref on input line 2370.
LaTeX Info: Redefining \Cpageref on input line 2370.
LaTeX Info: Redefining \cpagerefrange on input line 2370.
LaTeX Info: Redefining \Cpagerefrange on input line 2370.
LaTeX Info: Redefining \labelcref on input line 2370.
LaTeX Info: Redefining \labelcpageref on input line 2370.
Package cleveref Info: `listings' support loaded on input line 3131.
Package cleveref Info: always capitalise cross-reference names on input line 78
25.
Package cleveref Info: include cross-reference names in hyperlinks on input lin
e 7836.
Package cleveref Info: include cross-reference names in hyperlinks on input lin
e 7852.
Package cleveref Info: always capitalise cross-reference names on input line 78
52.
)
(/usr/local/texlive/2023/texmf-dist/tex/latex/biblatex/biblatex.sty
Package: biblatex 2023/03/05 v3.19 programmable bibliographies (PK/MW)

(/usr/local/texlive/2023/texmf-dist/tex/latex/logreq/logreq.sty
Package: logreq 2010/08/04 v1.0 xml request logger
\lrq@indent=\count335

(/usr/local/texlive/2023/texmf-dist/tex/latex/logreq/logreq.def
File: logreq.def 2010/08/04 v1.0 logreq spec v1.0
))
(/usr/local/texlive/2023/texmf-dist/tex/latex/base/ifthen.sty
Package: ifthen 2022/04/13 v1.1d Standard LaTeX ifthen package (DPC)
)
\c@tabx@nest=\count336
\c@listtotal=\count337
\c@listcount=\count338
\c@liststart=\count339
\c@liststop=\count340
\c@citecount=\count341
\c@citetotal=\count342
\c@multicitecount=\count343
\c@multicitetotal=\count344
\c@instcount=\count345
\c@maxnames=\count346
\c@minnames=\count347
\c@maxitems=\count348
\c@minitems=\count349
\c@citecounter=\count350
\c@maxcitecounter=\count351
\c@savedcitecounter=\count352
\c@uniquelist=\count353
\c@uniquename=\count354
\c@refsection=\count355
\c@refsegment=\count356
\c@maxextratitle=\count357
\c@maxextratitleyear=\count358
\c@maxextraname=\count359
\c@maxextradate=\count360
\c@maxextraalpha=\count361
\c@abbrvpenalty=\count362
\c@highnamepenalty=\count363
\c@lownamepenalty=\count364
\c@maxparens=\count365
\c@parenlevel=\count366
\blx@tempcnta=\count367
\blx@tempcntb=\count368
\blx@tempcntc=\count369
\c@blx@maxsection=\count370
\blx@maxsegment@0=\count371
\blx@notetype=\count372
\blx@parenlevel@text=\count373
\blx@parenlevel@foot=\count374
\blx@sectionciteorder@0=\count375
\blx@sectionciteorderinternal@0=\count376
\blx@entrysetcounter=\count377
\blx@biblioinstance=\count378
\labelnumberwidth=\skip65
\labelalphawidth=\skip66
\biblabelsep=\skip67
\bibitemsep=\skip68
\bibnamesep=\skip69
\bibinitsep=\skip70
\bibparsep=\skip71
\bibhang=\skip72
\blx@bcfin=\read4
\blx@bcfout=\write4
\blx@langwohyphens=\language88
\c@mincomprange=\count379
\c@maxcomprange=\count380
\c@mincompwidth=\count381
Package biblatex Info: Trying to load biblatex default data model...
Package biblatex Info: ... file 'blx-dm.def' found.

(/usr/local/texlive/2023/texmf-dist/tex/latex/biblatex/blx-dm.def
File: blx-dm.def 2023/03/05 v3.19 biblatex localization (PK/MW)
)
Package biblatex Info: Trying to load biblatex style data model...
Package biblatex Info: ... file 'numeric-comp.dbx' not found.
Package biblatex Info: Trying to load biblatex custom data model...
Package biblatex Info: ... file 'biblatex-dm.cfg' not found.
\c@afterword=\count382
\c@savedafterword=\count383
\c@annotator=\count384
\c@savedannotator=\count385
\c@author=\count386
\c@savedauthor=\count387
\c@bookauthor=\count388
\c@savedbookauthor=\count389
\c@commentator=\count390
\c@savedcommentator=\count391
\c@editor=\count392
\c@savededitor=\count393
\c@editora=\count394
\c@savededitora=\count395
\c@editorb=\count396
\c@savededitorb=\count397
\c@editorc=\count398
\c@savededitorc=\count399
\c@foreword=\count400
\c@savedforeword=\count401
\c@holder=\count402
\c@savedholder=\count403
\c@introduction=\count404
\c@savedintroduction=\count405
\c@namea=\count406
\c@savednamea=\count407
\c@nameb=\count408
\c@savednameb=\count409
\c@namec=\count410
\c@savednamec=\count411
\c@translator=\count412
\c@savedtranslator=\count413
\c@shortauthor=\count414
\c@savedshortauthor=\count415
\c@shorteditor=\count416
\c@savedshorteditor=\count417
\c@labelname=\count418
\c@savedlabelname=\count419
\c@institution=\count420
\c@savedinstitution=\count421
\c@lista=\count422
\c@savedlista=\count423
\c@listb=\count424
\c@savedlistb=\count425
\c@listc=\count426
\c@savedlistc=\count427
\c@listd=\count428
\c@savedlistd=\count429
\c@liste=\count430
\c@savedliste=\count431
\c@listf=\count432
\c@savedlistf=\count433
\c@location=\count434
\c@savedlocation=\count435
\c@organization=\count436
\c@savedorganization=\count437
\c@origlocation=\count438
\c@savedoriglocation=\count439
\c@origpublisher=\count440
\c@savedorigpublisher=\count441
\c@publisher=\count442
\c@savedpublisher=\count443
\c@language=\count444
\c@savedlanguage=\count445
\c@origlanguage=\count446
\c@savedoriglanguage=\count447
\c@pageref=\count448
\c@savedpageref=\count449
\shorthandwidth=\skip73
\shortjournalwidth=\skip74
\shortserieswidth=\skip75
\shorttitlewidth=\skip76
\shortauthorwidth=\skip77
\shorteditorwidth=\skip78
\locallabelnumberwidth=\skip79
\locallabelalphawidth=\skip80
\localshorthandwidth=\skip81
\localshortjournalwidth=\skip82
\localshortserieswidth=\skip83
\localshorttitlewidth=\skip84
\localshortauthorwidth=\skip85
\localshorteditorwidth=\skip86
Package biblatex Info: Trying to load compatibility code...
Package biblatex Info: ... file 'blx-compat.def' found.

(/usr/local/texlive/2023/texmf-dist/tex/latex/biblatex/blx-compat.def
File: blx-compat.def 2023/03/05 v3.19 biblatex compatibility (PK/MW)
)
Package biblatex Info: Trying to load generic definitions...
Package biblatex Info: ... file 'biblatex.def' found.

(/usr/local/texlive/2023/texmf-dist/tex/latex/biblatex/biblatex.def
File: biblatex.def 2023/03/05 v3.19 biblatex compatibility (PK/MW)
\c@textcitecount=\count450
\c@textcitetotal=\count451
\c@textcitemaxnames=\count452
\c@biburlbigbreakpenalty=\count453
\c@biburlbreakpenalty=\count454
\c@biburlnumpenalty=\count455
\c@biburlucpenalty=\count456
\c@biburllcpenalty=\count457
\biburlbigskip=\muskip18
\biburlnumskip=\muskip19
\biburlucskip=\muskip20
\biburllcskip=\muskip21
\c@smartand=\count458
)
Package biblatex Info: Trying to load bibliography style 'numeric-comp'...
Package biblatex Info: ... file 'numeric-comp.bbx' found.

(/usr/local/texlive/2023/texmf-dist/tex/latex/biblatex/bbx/numeric-comp.bbx
File: numeric-comp.bbx 2023/03/05 v3.19 biblatex bibliography style (PK/MW)
Package biblatex Info: Trying to load bibliography style 'numeric'...
Package biblatex Info: ... file 'numeric.bbx' found.

(/usr/local/texlive/2023/texmf-dist/tex/latex/biblatex/bbx/numeric.bbx
File: numeric.bbx 2023/03/05 v3.19 biblatex bibliography style (PK/MW)
Package biblatex Info: Trying to load bibliography style 'standard'...
Package biblatex Info: ... file 'standard.bbx' found.

(/usr/local/texlive/2023/texmf-dist/tex/latex/biblatex/bbx/standard.bbx
File: standard.bbx 2023/03/05 v3.19 biblatex bibliography style (PK/MW)
\c@bbx:relatedcount=\count459
\c@bbx:relatedtotal=\count460
)))
Package biblatex Info: Trying to load citation style 'numeric-comp'...
Package biblatex Info: ... file 'numeric-comp.cbx' found.

(/usr/local/texlive/2023/texmf-dist/tex/latex/biblatex/cbx/numeric-comp.cbx
File: numeric-comp.cbx 2023/03/05 v3.19 biblatex citation style (PK/MW)
\c@cbx@tempcnta=\count461
\c@cbx@tempcntb=\count462
\c@cbx@tempcntc=\count463
\c@cbx@tempcntd=\count464
Package biblatex Info: Redefining '\cite'.
Package biblatex Info: Redefining '\parencite'.
Package biblatex Info: Redefining '\footcite'.
Package biblatex Info: Redefining '\footcitetext'.
Package biblatex Info: Redefining '\smartcite'.
Package biblatex Info: Redefining '\supercite'.
Package biblatex Info: Redefining '\textcite'.
Package biblatex Info: Redefining '\textcites'.
Package biblatex Info: Redefining '\cites'.
Package biblatex Info: Redefining '\parencites'.
Package biblatex Info: Redefining '\smartcites'.
)
Package biblatex Info: Trying to load configuration file...
Package biblatex Info: ... file 'biblatex.cfg' found.

(/usr/local/texlive/2023/texmf-dist/tex/latex/biblatex/biblatex.cfg
File: biblatex.cfg 
)
Package biblatex Info: Input encoding 'utf8' detected.
Package biblatex Info: Document encoding is UTF8 ....

(/usr/local/texlive/2023/texmf-dist/tex/latex/l3kernel/expl3.sty
Package: expl3 2023-02-22 L3 programming layer (loader) 

(/usr/local/texlive/2023/texmf-dist/tex/latex/l3backend/l3backend-pdftex.def
File: l3backend-pdftex.def 2023-01-16 L3 backend support: PDF output (pdfTeX)
\l__color_backend_stack_int=\count465
\l__pdf_internal_box=\box78
))
Package biblatex Info: ... and expl3
(biblatex)             2023-02-22 L3 programming layer (loader) 
(biblatex)             is new enough (at least 2020/04/06),
(biblatex)             setting 'casechanger=expl3'.

(/usr/local/texlive/2023/texmf-dist/tex/latex/biblatex/blx-case-expl3.sty
(/usr/local/texlive/2023/texmf-dist/tex/latex/l3packages/xparse/xparse.sty
Package: xparse 2023-02-02 L3 Experimental document command parser
)
Package: blx-case-expl3 2023/03/05 v3.19 expl3 case changing code for biblatex
))
(/usr/local/texlive/2023/texmf-dist/tex/latex/fancyhdr/fancyhdr.sty
Package: fancyhdr 2022/11/09 v4.1 Extensive control of page headers and footers

\f@nch@headwidth=\skip87
\f@nch@O@elh=\skip88
\f@nch@O@erh=\skip89
\f@nch@O@olh=\skip90
\f@nch@O@orh=\skip91
\f@nch@O@elf=\skip92
\f@nch@O@erf=\skip93
\f@nch@O@olf=\skip94
\f@nch@O@orf=\skip95
)
(/usr/local/texlive/2023/texmf-dist/tex/latex/titlesec/titlesec.sty
Package: titlesec 2021/07/05 v2.14 Sectioning titles
\ttl@box=\box79
\beforetitleunit=\skip96
\aftertitleunit=\skip97
\ttl@plus=\dimen312
\ttl@minus=\dimen313
\ttl@toksa=\toks45
\titlewidth=\dimen314
\titlewidthlast=\dimen315
\titlewidthfirst=\dimen316
)
(/usr/local/texlive/2023/texmf-dist/tex/latex/tcolorbox/tcolorbox.sty
Package: tcolorbox 2023/02/12 version 6.0.1 text color boxes

(/usr/local/texlive/2023/texmf-dist/tex/latex/tools/verbatim.sty
Package: verbatim 2022-07-02 v1.5u LaTeX2e package for verbatim enhancements
\every@verbatim=\toks46
\verbatim@line=\toks47
\verbatim@in@stream=\read5
)
(/usr/local/texlive/2023/texmf-dist/tex/latex/environ/environ.sty
Package: environ 2014/05/04 v0.3 A new way to define environments

(/usr/local/texlive/2023/texmf-dist/tex/latex/trimspaces/trimspaces.sty
Package: trimspaces 2009/09/17 v1.1 Trim spaces around a token list
))
\tcb@titlebox=\box80
\tcb@upperbox=\box81
\tcb@lowerbox=\box82
\tcb@phantombox=\box83
\c@tcbbreakpart=\count466
\c@tcblayer=\count467
\c@tcolorbox@number=\count468
\tcb@temp=\box84
\tcb@temp=\box85
\tcb@temp=\box86
\tcb@temp=\box87

(/usr/local/texlive/2023/texmf-dist/tex/latex/tcolorbox/tcbraster.code.tex
Library (tcolorbox): 'tcbraster.code.tex' version '6.0.1'
\c@tcbrastercolumn=\count469
\c@tcbrasterrow=\count470
\c@tcbrasternum=\count471
\c@tcbraster=\count472
) (/usr/local/texlive/2023/texmf-dist/tex/latex/tcolorbox/tcbskins.code.tex
Library (tcolorbox): 'tcbskins.code.tex' version '6.0.1'
(/usr/local/texlive/2023/texmf-dist/tex/latex/tikzfill/tikzfill.image.sty
Package: tikzfill.image 2022/07/20 v1.0.0 Image filling library for TikZ

(/usr/local/texlive/2023/texmf-dist/tex/latex/tikzfill/tikzfill-common.sty
Package: tikzfill-common 2022/07/20 v1.0.0 Auxiliary code for tikzfill
)
(/usr/local/texlive/2023/texmf-dist/tex/latex/tikzfill/tikzlibraryfill.image.co
de.tex
File: tikzlibraryfill.image.code.tex 2022/07/20 v1.0.0 Image filling library
\l__tikzfill_img_box=\box88
))
(/usr/local/texlive/2023/texmf-dist/tex/latex/tcolorbox/tcbskinsjigsaw.code.tex
Library (tcolorbox): 'tcbskinsjigsaw.code.tex' version '6.0.1'
))
(/usr/local/texlive/2023/texmf-dist/tex/latex/tcolorbox/tcbbreakable.code.tex
Library (tcolorbox): 'tcbbreakable.code.tex' version '6.0.1'
(/usr/local/texlive/2023/texmf-dist/tex/latex/pdfcol/pdfcol.sty
Package: pdfcol 2022-09-21 v1.7 Handle new color stacks for pdfTeX (HO)
)
Package pdfcol Info: New color stack `tcb@breakable' = 1 on input line 23.
\tcb@testbox=\box89
\tcb@totalupperbox=\box90
\tcb@totallowerbox=\box91
)
(/usr/local/texlive/2023/texmf-dist/tex/latex/tcolorbox/tcbhooks.code.tex
Library (tcolorbox): 'tcbhooks.code.tex' version '6.0.1'
) (/usr/local/texlive/2023/texmf-dist/tex/latex/tcolorbox/tcbtheorems.code.tex
Library (tcolorbox): 'tcbtheorems.code.tex' version '6.0.1'
) (/usr/local/texlive/2023/texmf-dist/tex/latex/tcolorbox/tcbfitting.code.tex
Library (tcolorbox): 'tcbfitting.code.tex' version '6.0.1'
\tcbfitdim=\dimen317
\tcb@lowerfitdim=\dimen318
\tcb@upperfitdim=\dimen319
\tcb@cur@hbadness=\count473
)
(/usr/local/texlive/2023/texmf-dist/tex/latex/tcolorbox/tcblistingsutf8.code.te
x
Library (tcolorbox): 'tcblistingsutf8.code.tex' version '6.0.1'
(/usr/local/texlive/2023/texmf-dist/tex/latex/tcolorbox/tcblistings.code.tex
Library (tcolorbox): 'tcblistings.code.tex' version '6.0.1'

(/usr/local/texlive/2023/texmf-dist/tex/latex/tcolorbox/tcblistingscore.code.te
x
Library (tcolorbox): 'tcblistingscore.code.tex' version '6.0.1'
(/usr/local/texlive/2023/texmf-dist/tex/latex/tcolorbox/tcbprocessing.code.tex
Library (tcolorbox): 'tcbprocessing.code.tex' version '6.0.1'
(/usr/local/texlive/2023/texmf-dist/tex/latex/tools/shellesc.sty
Package: shellesc 2019/11/08 v1.0c unified shell escape interface for LaTeX
Package shellesc Info: Restricted shell escape enabled on input line 77.
))
\c@tcblisting=\count474
))
(/usr/local/texlive/2023/texmf-dist/tex/latex/listingsutf8/listingsutf8.sty
Package: listingsutf8 2019-12-10 v1.5 Allow UTF-8 in listings input (HO)

(/usr/local/texlive/2023/texmf-dist/tex/generic/stringenc/stringenc.sty
Package: stringenc 2019/11/29 v1.12 Convert strings between diff. encodings (HO
)
)))
(/usr/local/texlive/2023/texmf-dist/tex/latex/tcolorbox/tcbexternal.code.tex
Library (tcolorbox): 'tcbexternal.code.tex' version '6.0.1'
) (/usr/local/texlive/2023/texmf-dist/tex/latex/tcolorbox/tcbmagazine.code.tex
Library (tcolorbox): 'tcbmagazine.code.tex' version '6.0.1'
) (/usr/local/texlive/2023/texmf-dist/tex/latex/tcolorbox/tcbvignette.code.tex
Library (tcolorbox): 'tcbvignette.code.tex' version '6.0.1'

(/usr/local/texlive/2023/texmf-dist/tex/generic/pgf/frontendlayer/tikz/librarie
s/tikzlibraryfadings.code.tex
File: tikzlibraryfadings.code.tex 2023-01-15 v3.1.10 (3.1.10)

(/usr/local/texlive/2023/texmf-dist/tex/generic/pgf/libraries/pgflibraryfadings
.code.tex
File: pgflibraryfadings.code.tex 2023-01-15 v3.1.10 (3.1.10)
)))
(/usr/local/texlive/2023/texmf-dist/tex/latex/tcolorbox/tcbposter.code.tex
Library (tcolorbox): 'tcbposter.code.tex' version '6.0.1'
)) (/usr/local/texlive/2023/texmf-dist/tex/latex/glossaries/base/glossaries.sty
Package: glossaries 2022/11/03 v4.52 (NLCT)
(/usr/local/texlive/2023/texmf-dist/tex/latex/xkeyval/xkeyval.sty
Package: xkeyval 2022/06/16 v2.9 package option processing (HA)

(/usr/local/texlive/2023/texmf-dist/tex/generic/xkeyval/xkeyval.tex
(/usr/local/texlive/2023/texmf-dist/tex/generic/xkeyval/xkvutils.tex
\XKV@toks=\toks48
\XKV@tempa@toks=\toks49
)
\XKV@depth=\count475
File: xkeyval.tex 2014/12/03 v2.7a key=value parser (HA)
))
(/usr/local/texlive/2023/texmf-dist/tex/latex/mfirstuc/mfirstuc.sty
Package: mfirstuc 2022/10/14 v2.08 (NLCT)
\@glsmfirst=\toks50
\@glsmrest=\toks51
)
(/usr/local/texlive/2023/texmf-dist/tex/latex/xfor/xfor.sty
Package: xfor 2009/02/05 v1.05 (NLCT)
)
(/usr/local/texlive/2023/texmf-dist/tex/latex/datatool/datatool-base.sty
Package: datatool-base 2019/09/27 v2.32 (NLCT)

(/usr/local/texlive/2023/texmf-dist/tex/latex/substr/substr.sty
Package: substr 2009/10/20 v1.2 Handle substrings
\c@su@anzahl=\count476
)
(/usr/local/texlive/2023/texmf-dist/tex/latex/datatool/datatool-fp.sty
Package: datatool-fp 2019/09/27 v2.32 (NLCT)

(/usr/local/texlive/2023/texmf-dist/tex/latex/fp/fp.sty
Package: fp 1995/04/02

`Fixed Point Package', Version 0.8, April 2, 1995 (C) Michael Mehlich
(/usr/local/texlive/2023/texmf-dist/tex/latex/fp/defpattern.sty
Package: defpattern 1994/10/12
\actioncount=\count477
)
(/usr/local/texlive/2023/texmf-dist/tex/latex/fp/fp-basic.sty
Package: fp-basic 1996/05/13
\FP@xs=\count478
\FP@xia=\count479
\FP@xib=\count480
\FP@xfa=\count481
\FP@xfb=\count482
\FP@rega=\count483
\FP@regb=\count484
\FP@regs=\count485
\FP@times=\count486
)
(/usr/local/texlive/2023/texmf-dist/tex/latex/fp/fp-addons.sty
Package: fp-addons 1995/03/15
)
(/usr/local/texlive/2023/texmf-dist/tex/latex/fp/fp-snap.sty
Package: fp-snap 1995/04/05
)
(/usr/local/texlive/2023/texmf-dist/tex/latex/fp/fp-exp.sty
Package: fp-exp 1995/04/03
)
(/usr/local/texlive/2023/texmf-dist/tex/latex/fp/fp-trigo.sty
Package: fp-trigo 1995/04/14
)
(/usr/local/texlive/2023/texmf-dist/tex/latex/fp/fp-pas.sty
Package: fp-pas 1994/08/29
)
(/usr/local/texlive/2023/texmf-dist/tex/latex/fp/fp-random.sty
Package: fp-random 1995/02/23
\FPseed=\count487
)
(/usr/local/texlive/2023/texmf-dist/tex/latex/fp/fp-eqn.sty
Package: fp-eqn 1995/04/03
)
(/usr/local/texlive/2023/texmf-dist/tex/latex/fp/fp-upn.sty
Package: fp-upn 1996/10/21
)
(/usr/local/texlive/2023/texmf-dist/tex/latex/fp/fp-eval.sty
Package: fp-eval 1995/04/03
)))
\@dtl@toks=\toks52
\@dtl@tmpcount=\count488
\dtl@tmplength=\skip98
\dtl@sortresult=\count489
\@dtl@numgrpsepcount=\count490
\@dtl@datatype=\count491
\dtl@codeA=\count492
\dtl@codeB=\count493
\@dtl@foreach@level=\count494
)
(/usr/local/texlive/2023/texmf-dist/tex/latex/tracklang/tracklang.sty
Package: tracklang 2022/12/13 v1.6.1 (NLCT) Track Languages

(/usr/local/texlive/2023/texmf-dist/tex/generic/tracklang/tracklang.tex))
(/usr/local/texlive/2023/texmf-dist/tex/latex/translator/translator.sty
Package: translator 2021-05-31 v1.12d Easy translation of strings in LaTeX
)
(/usr/local/texlive/2023/texmf-dist/tex/latex/glossaries-english/glossaries-eng
lish.ldf
File: glossaries-english.ldf 2014/11/23 v1.0
)
\gls@level=\count495
\@gls@tmpb=\toks53
\gls@tmplen=\skip99
\glskeylisttok=\toks54
\glslabeltok=\toks55
\glsshorttok=\toks56
\glslongtok=\toks57

(/usr/local/texlive/2023/texmf-dist/tex/latex/glossaries/styles/glossary-hypern
av.sty
Package: glossary-hypernav 2022/11/03 v4.52 (NLCT)
)
(/usr/local/texlive/2023/texmf-dist/tex/latex/glossaries/styles/glossary-list.s
ty
Package: glossary-list 2022/11/03 v4.52 (NLCT)
\glslistdottedwidth=\skip100
)
(/usr/local/texlive/2023/texmf-dist/tex/latex/glossaries/styles/glossary-long.s
ty
Package: glossary-long 2022/11/03 v4.52 (NLCT)
\glsdescwidth=\skip101
\glspagelistwidth=\skip102
)
(/usr/local/texlive/2023/texmf-dist/tex/latex/glossaries/styles/glossary-super.
sty
Package: glossary-super 2022/11/03 v4.52 (NLCT)
 (/usr/local/texlive/2023/texmf-dist/tex/latex/supertabular/supertabular.sty
Package: supertabular 2020/02/02 v4.1g the supertabular environment
\c@tracingst=\count496
\ST@wd=\dimen320
\ST@rightskip=\skip103
\ST@leftskip=\skip104
\ST@parfillskip=\skip105
\ST@pageleft=\dimen321
\ST@headht=\dimen322
\ST@tailht=\dimen323
\ST@pagesofar=\dimen324
\ST@pboxht=\dimen325
\ST@lineht=\dimen326
\ST@prevht=\dimen327
\ST@toadd=\dimen328
\ST@dimen=\dimen329
\ST@pbox=\box92
))
(/usr/local/texlive/2023/texmf-dist/tex/latex/glossaries/styles/glossary-tree.s
ty
Package: glossary-tree 2022/11/03 v4.52 (NLCT)
\glstreeindent=\skip106
))
\glswrite=\write5
\glo@main@file=\write6
\openout6 = `main.glo'.

Package glossaries Info: Writing glossary file main.glo on input line 163.
\glo@acronym@file=\write7
\openout7 = `main.acn'.

Package glossaries Info: Writing glossary file main.acn on input line 163.


Package biblatex Warning: 'babel/polyglossia' detected but 'csquotes' missing.
(biblatex)                Loading 'csquotes' recommended.

\@quotelevel=\count497
\@quotereset=\count498
LaTeX Font Info:    Trying to load font information for T1+lmr on input line 21
4.
(/usr/local/texlive/2023/texmf-dist/tex/latex/lm/t1lmr.fd
File: t1lmr.fd 2015/05/01 v1.6.1 Font defs for Latin Modern
) (./main.aux

LaTeX Warning: Label `subsec:3dgenome:compartments' multiply defined.


LaTeX Warning: Label `subsec:3dgenome:compartments@cref' multiply defined.

)
\openout1 = `main.aux'.

LaTeX Font Info:    Checking defaults for OML/cmm/m/it on input line 214.
LaTeX Font Info:    ... okay on input line 214.
LaTeX Font Info:    Checking defaults for OMS/cmsy/m/n on input line 214.
LaTeX Font Info:    ... okay on input line 214.
LaTeX Font Info:    Checking defaults for OT1/cmr/m/n on input line 214.
LaTeX Font Info:    ... okay on input line 214.
LaTeX Font Info:    Checking defaults for T1/cmr/m/n on input line 214.
LaTeX Font Info:    ... okay on input line 214.
LaTeX Font Info:    Checking defaults for TS1/cmr/m/n on input line 214.
LaTeX Font Info:    ... okay on input line 214.
LaTeX Font Info:    Checking defaults for OMX/cmex/m/n on input line 214.
LaTeX Font Info:    ... okay on input line 214.
LaTeX Font Info:    Checking defaults for U/cmr/m/n on input line 214.
LaTeX Font Info:    ... okay on input line 214.
LaTeX Font Info:    Checking defaults for PD1/pdf/m/n on input line 214.
LaTeX Font Info:    ... okay on input line 214.
LaTeX Font Info:    Checking defaults for PU/pdf/m/n on input line 214.
LaTeX Font Info:    ... okay on input line 214.
LaTeX Info: Redefining \microtypecontext on input line 214.
Package microtype Info: Applying patch `item' on input line 214.
Package microtype Info: Applying patch `toc' on input line 214.
Package microtype Info: Applying patch `eqnum' on input line 214.
Package microtype Info: Applying patch `footnote' on input line 214.
Package microtype Info: Applying patch `verbatim' on input line 214.
Package microtype Info: Generating PDF output.
Package microtype Info: Character protrusion enabled (level 2).
Package microtype Info: Using default protrusion set `alltext'.
Package microtype Info: Automatic font expansion enabled (level 2),
(microtype)             stretch: 20, shrink: 20, step: 1, non-selected.
Package microtype Info: Using default expansion set `alltext-nott'.
LaTeX Info: Redefining \showhyphens on input line 214.
Package microtype Info: No adjustment of tracking.
Package microtype Info: No adjustment of interword spacing.
Package microtype Info: No adjustment of character kerning.
 (/usr/local/texlive/2023/texmf-dist/tex/latex/microtype/mt-cmr.cfg
File: mt-cmr.cfg 2013/05/19 v2.2 microtype config. file: Computer Modern Roman 
(RS)
)
*geometry* driver: auto-detecting
*geometry* detected driver: pdftex
*geometry* verbose mode - [ preamble ] result:
* driver: pdftex
* paper: a4paper
* layout: <same size as paper>
* layoutoffset:(h,v)=(0.0pt,0.0pt)
* modes: twoside 
* h-part:(L,W,R)=(85.35826pt, 441.01773pt, 71.13188pt)
* v-part:(T,H,B)=(71.13188pt, 702.78308pt, 71.13188pt)
* \paperwidth=597.50787pt
* \paperheight=845.04684pt
* \textwidth=441.01773pt
* \textheight=702.78308pt
* \oddsidemargin=13.08827pt
* \evensidemargin=-1.1381pt
* \topmargin=-35.0119pt
* \headheight=14.0pt
* \headsep=19.8738pt
* \topskip=11.0pt
* \footskip=27.46295pt
* \marginparwidth=106.0pt
* \marginparsep=7.0pt
* \columnsep=10.0pt
* \skip\footins=10.0pt plus 4.0pt minus 2.0pt
* \hoffset=0.0pt
* \voffset=0.0pt
* \mag=1000
* \@twocolumnfalse
* \@twosidetrue
* \@mparswitchtrue
* \@reversemarginfalse
* (1in=72.27pt=25.4mm, 1cm=28.453pt)

(/usr/local/texlive/2023/texmf-dist/tex/context/base/mkii/supp-pdf.mkii
[Loading MPS to PDF converter (version 2006.09.02).]
\scratchcounter=\count499
\scratchdimen=\dimen330
\scratchbox=\box93
\nofMPsegments=\count500
\nofMParguments=\count501
\everyMPshowfont=\toks58
\MPscratchCnt=\count502
\MPscratchDim=\dimen331
\MPnumerator=\count503
\makeMPintoPDFobject=\count504
\everyMPtoPDFconversion=\toks59
) (/usr/local/texlive/2023/texmf-dist/tex/latex/epstopdf-pkg/epstopdf-base.sty
Package: epstopdf-base 2020-01-24 v2.11 Base part for package epstopdf
Package epstopdf-base Info: Redefining graphics rule for `.eps' on input line 4
85.

(/usr/local/texlive/2023/texmf-dist/tex/latex/latexconfig/epstopdf-sys.cfg
File: epstopdf-sys.cfg 2010/07/13 v1.3 Configuration of (r)epstopdf for TeX Liv
e
))
\c@lstlisting=\count505
Package hyperref Info: Link coloring ON on input line 214.

(./main.out) (./main.out)
\@outlinefile=\write8
\openout8 = `main.out'.

Package biblatex Info: Trying to load language 'english'...
Package biblatex Info: ... file 'english.lbx' found.

(/usr/local/texlive/2023/texmf-dist/tex/latex/biblatex/lbx/english.lbx
File: english.lbx 2023/03/05 v3.19 biblatex localization (PK/MW)
)
Package biblatex Info: Input encoding 'utf8' detected.
Package biblatex Info: Automatic encoding selection.
(biblatex)             Assuming data encoding 'utf8'.
\openout4 = `main.bcf'.

Package biblatex Info: Trying to load bibliographic data...
Package biblatex Info: ... file 'main.bbl' not found.

No file main.bbl.
Package biblatex Info: Reference section=0 on input line 214.
Package biblatex Info: Reference segment=0 on input line 214.
*geometry* verbose mode - [ newgeometry ] result:
* driver: pdftex
* paper: a4paper
* layout: <same size as paper>
* layoutoffset:(h,v)=(0.0pt,0.0pt)
* modes: twoside 
* h-part:(L,W,R)=(85.35826pt, 426.79135pt, 85.35826pt)
* v-part:(T,H,B)=(56.9055pt, 731.23584pt, 56.9055pt)
* \paperwidth=597.50787pt
* \paperheight=845.04684pt
* \textwidth=426.79135pt
* \textheight=731.23584pt
* \oddsidemargin=13.08827pt
* \evensidemargin=13.08827pt
* \topmargin=-49.23828pt
* \headheight=14.0pt
* \headsep=19.8738pt
* \topskip=11.0pt
* \footskip=27.46295pt
* \marginparwidth=106.0pt
* \marginparsep=7.0pt
* \columnsep=10.0pt
* \skip\footins=10.0pt plus 4.0pt minus 2.0pt
* \hoffset=0.0pt
* \voffset=0.0pt
* \mag=1000
* \@twocolumnfalse
* \@twosidetrue
* \@mparswitchtrue
* \@reversemarginfalse
* (1in=72.27pt=25.4mm, 1cm=28.453pt)

<heather-green-bOrMAThd09M-unsplash.jpg, id=4131, 5497.53876pt x 8030.0pt>
File: heather-green-bOrMAThd09M-unsplash.jpg Graphic file (type jpg)
<use heather-green-bOrMAThd09M-unsplash.jpg>
Package pdftex.def Info: heather-green-bOrMAThd09M-unsplash.jpg  used on input 
line 295.
(pdftex.def)             Requested size: 597.4331pt x 844.95155pt.
[1

\openout5 = `main.ist'.




{/usr/local/texlive/2023/texmf-var/fonts/map/pdftex/updmap/pdftex.map}{/usr/loc
al/texlive/2023/texmf-dist/fonts/enc/dvips/lm/lm-ec.enc} <./heather-green-bOrMA
Thd09M-unsplash.jpg>] (./chapters/preface.tex [2


]
LaTeX Font Info:    Trying to load font information for TS1+lmr on input line 1
5.

(/usr/local/texlive/2023/texmf-dist/tex/latex/lm/ts1lmr.fd
File: ts1lmr.fd 2015/05/01 v1.6.1 Font defs for Latin Modern
) [3{/usr/local/texlive/2023/texmf-dist/fonts/enc/dvips/lm/lm-ts1.enc}]) [4] (.
/main.toc
LaTeX Font Info:    Trying to load font information for OT1+lmr on input line 5
.

(/usr/local/texlive/2023/texmf-dist/tex/latex/lm/ot1lmr.fd
File: ot1lmr.fd 2015/05/01 v1.6.1 Font defs for Latin Modern
)
LaTeX Font Info:    Trying to load font information for OML+lmm on input line 5
.

(/usr/local/texlive/2023/texmf-dist/tex/latex/lm/omllmm.fd
File: omllmm.fd 2015/05/01 v1.6.1 Font defs for Latin Modern
)
LaTeX Font Info:    Trying to load font information for OMS+lmsy on input line 
5.

(/usr/local/texlive/2023/texmf-dist/tex/latex/lm/omslmsy.fd
File: omslmsy.fd 2015/05/01 v1.6.1 Font defs for Latin Modern
)
LaTeX Font Info:    Trying to load font information for OMX+lmex on input line 
5.

(/usr/local/texlive/2023/texmf-dist/tex/latex/lm/omxlmex.fd
File: omxlmex.fd 2015/05/01 v1.6.1 Font defs for Latin Modern
)
LaTeX Font Info:    External font `lmex10' loaded for size
(Font)              <10.95> on input line 5.
LaTeX Font Info:    External font `lmex10' loaded for size
(Font)              <8> on input line 5.
LaTeX Font Info:    External font `lmex10' loaded for size
(Font)              <6> on input line 5.
LaTeX Font Info:    Trying to load font information for U+msa on input line 5.

(/usr/local/texlive/2023/texmf-dist/tex/latex/amsfonts/umsa.fd
File: umsa.fd 2013/01/14 v3.01 AMS symbols A
)
(/usr/local/texlive/2023/texmf-dist/tex/latex/microtype/mt-msa.cfg
File: mt-msa.cfg 2006/02/04 v1.1 microtype config. file: AMS symbols (a) (RS)
)
LaTeX Font Info:    Trying to load font information for U+msb on input line 5.

(/usr/local/texlive/2023/texmf-dist/tex/latex/amsfonts/umsb.fd
File: umsb.fd 2013/01/14 v3.01 AMS symbols B
)
(/usr/local/texlive/2023/texmf-dist/tex/latex/microtype/mt-msb.cfg
File: mt-msb.cfg 2005/06/01 v1.0 microtype config. file: AMS symbols (b) (RS)
) [5

]
[6] [7] [8] [9] [10] [11] [12] [13{/usr/local/texlive/2023/texmf-dist/fonts/enc
/dvips/lm/lm-mathsy.enc}] [14] [15] [16] [17] [18] [19] [20] [21] [22] [23]
[24])
\tf@toc=\write9
\openout9 = `main.toc'.

 [25] [26

] (./main.lof [27])
\tf@lof=\write10
\openout10 = `main.lof'.

 [28] (./main.lot [29

] [30])
\tf@lot=\write11
\openout11 = `main.lot'.

 [31] [32

]
[1

] [2] (./chapters/ch01_introduction.tex
Chapter 1.
[3

] [4{/usr/local/texlive/2023/texmf-dist/fonts/enc/dvips/lm/lm-mathit.enc}]
[5] [6] [7]
Underfull \hbox (badness 2126) in paragraph at lines 242--242
\T1/lmr/m/n/10 (+20) tive and at what
 []


Underfull \hbox (badness 10000) in paragraph at lines 242--242
[]|\T1/lmr/m/n/10 (+20) Gene ex-pres-sion
 []


Underfull \hbox (badness 4036) in paragraph at lines 242--242
\T1/lmr/m/n/10 (+20) mapped to tis-sue
 []


Underfull \hbox (badness 6675) in paragraph at lines 242--242
[]|\T1/lmr/m/n/10 (+20) How the genome
 []


Underfull \hbox (badness 10000) in paragraph at lines 242--242
\T1/lmr/m/n/10 (+20) folds in three-
 []

[8] [9] [10] [11] [12{/usr/local/texlive/2023/texmf-dist/fonts/enc/dvips/lm/lm-
rm.enc}{/usr/local/texlive/2023/texmf-dist/fonts/enc/dvips/lm/lm-mathex.enc}]
Underfull \hbox (badness 10000) in paragraph at lines 449--449
[]|\T1/lmr/bx/n/10 (+20) 3rd Gen
 []


Underfull \hbox (badness 10000) in paragraph at lines 449--449
[]|\T1/lmr/bx/n/10 (+20) 3rd Gen
 []


Underfull \hbox (badness 10000) in paragraph at lines 449--449
[]|\T1/lmr/m/n/10 (+20) 99.9% (Q30
 []


Underfull \hbox (badness 10000) in paragraph at lines 449--449
[]|\T1/lmr/m/n/10 (+20) No (in-di-rect
 []


Overfull \hbox (20.37384pt too wide) in paragraph at lines 485--486
 [][] 
 []

[13] [14]) (./chapters/ch02_molecular_biology.tex [15] [16

]
Chapter 2.
[17] [18] [19]
LaTeX Font Info:    Trying to load font information for T1+lmtt on input line 1
36.
 (/usr/local/texlive/2023/texmf-dist/tex/latex/lm/t1lmtt.fd
File: t1lmtt.fd 2015/05/01 v1.6.1 Font defs for Latin Modern
)
Package microtype Info: Loading generic protrusion settings for font family
(microtype)             `lmtt' (encoding: T1).
(microtype)             For optimal results, create family-specific settings.
(microtype)             See the microtype manual for details.

[20] [21]

LaTeX Warning: Reference `subsec:molbio:transcription' on page 1 undefined on i
nput line 345.

[22] [23] [24]
Overfull \hbox (108.84048pt too wide) in paragraph at lines 434--435
 [][] 
 []


Underfull \hbox (badness 10000) in paragraph at lines 476--476
[]|\T1/lmr/m/n/10 (+20) Replication (lag-
 []


Underfull \hbox (badness 10000) in paragraph at lines 476--476
[]|\T1/lmr/m/n/10 (+20) Replication (lead-
 []

[25] [26] [27] [28]
Overfull \hbox (20.30792pt too wide) in paragraph at lines 597--598
\T1/lmr/m/n/10.95 (-20) Small non-coding RNAs ($\OMS/lmsy/m/n/10.95 ^^X$\T1/lmr
/m/n/10.95 (-20) 22 nu-cleotides) that reg-u-late gene ex-pres-sion post-transc
riptionally
 []

[29]
Overfull \hbox (24.57637pt too wide) in paragraph at lines 631--632
[]\T1/lmr/bx/n/10.95 (-20) Demethylation: \T1/lmr/m/n/10.95 (-20) Ac-tive demet
hy-la-tion in-volves ox-i-da-tion of 5mC to 5-hydroxymethylcytosine
 []

[30] [31] [32] [33] [34]
Overfull \hbox (4.76083pt too wide) in paragraph at lines 815--816
[]\T1/lmr/bx/n/10.95 (-20) Cells \T1/lmr/m/n/10.95 (-20) come in two fun-da-men
-tal types: prokary-otic (no nu-cleus) and eu-kary-otic (membrane-
 []


Overfull \hbox (0.3309pt too wide) in paragraph at lines 821--822
[]\T1/lmr/m/n/10.95 (-20) The \T1/lmr/bx/n/10.95 (-20) epigenome\T1/lmr/m/n/10.
95 (-20) ---DNA methylation, histone modifications, and chromatin accessibility
---
 []

) (./chapters/ch03_sequencing_principles.tex [35] [36

]
Chapter 3.
[37] [38] [39]
LaTeX Font Info:    Font shape `T1/lmtt/bx/n' in size <6> not available
(Font)              Font shape `T1/lmtt/b/n' tried instead on input line 212.
 [40] [41] [42] [43] [44] [45] [46] [47] [48]
Overfull \hbox (43.12627pt too wide) in paragraph at lines 674--675
\T1/lmr/m/n/10.95 (-20) Contemporary basecallers---including Il-lu-mina's \T1/l
mtt/m/n/10.95 DRAGEN\T1/lmr/m/n/10.95 (-20) , [][][]ONT[][]'s \T1/lmtt/m/n/10.9
5 Dorado\T1/lmr/m/n/10.95 (-20) , and PacBio's \T1/lmtt/m/n/10.95 DeepConsensus
\T1/lmr/m/n/10.95 (-20) ---
 []

[49] [50] [51]
Underfull \hbox (badness 10000) in paragraph at lines 884--884
[]|\T1/lmr/m/n/10 (+20) 10--25kb (HiFi);
 []


Underfull \hbox (badness 10000) in paragraph at lines 884--884
[]|\T1/lmr/m/n/10 (+20) Routinely 10--100kb;
 []


Underfull \hbox (badness 1354) in paragraph at lines 884--884
[]|$\OML/lmm/m/it/10 >$\T1/lmr/m/n/10 (+20) 99.9% (HiFi Q30+);
 []


Underfull \hbox (badness 2680) in paragraph at lines 884--884
[]|\T1/lmr/m/n/10 (+20) Minutes to 72 hours
 []


Underfull \hbox (badness 2261) in paragraph at lines 884--884
[]|\T1/lmr/m/n/10 (+20) Direct de-tec-tion (cur-
 []


Underfull \hbox (badness 10000) in paragraph at lines 884--884
[]|\T1/lmr/m/n/10 (+20) $1K (Min-ION) to
 []


Underfull \hbox (badness 1354) in paragraph at lines 884--884
[]|\T1/lmr/m/n/10 (+20) Throughput, ac-cu-racy,
 []


Underfull \hbox (badness 1859) in paragraph at lines 884--884
[]|\T1/lmr/m/n/10 (+20) Higher cost per base
 []


Underfull \hbox (badness 2837) in paragraph at lines 884--884
\T1/lmr/m/n/10 (+20) through-put than Il-lu-
 []

[52]
Package hyperref Info: bookmark level for unknown lstlisting defaults to 0 on i
nput line 905.
 [53]) [54] [55

] [56] (./chapters/ch04_short_read_platforms.tex
Chapter 4.
[57

]
LaTeX Font Info:    Trying to load font information for T1+lmss on input line 4
9.
 (/usr/local/texlive/2023/texmf-dist/tex/latex/lm/t1lmss.fd
File: t1lmss.fd 2015/05/01 v1.6.1 Font defs for Latin Modern
)
Package microtype Info: Loading generic protrusion settings for font family
(microtype)             `lmss' (encoding: T1).
(microtype)             For optimal results, create family-specific settings.
(microtype)             See the microtype manual for details.
 [58]
LaTeX Font Info:    External font `lmex10' loaded for size
(Font)              <9> on input line 133.
LaTeX Font Info:    External font `lmex10' loaded for size
(Font)              <14.4> on input line 134.

Overfull \hbox (15.4825pt too wide) in paragraph at lines 152--153
[]\T1/lmr/m/n/10.95 (-20) To re-duce imag-ing time and cost, Il-lu-mina in-tro-
duced \T1/lmr/bx/n/10.95 (-20) two-channel chem-istry \T1/lmr/m/n/10.95 (-20) (
2dye/2image),
 []

[59] [60] [61] [62] [63] [64]
Overfull \hbox (9.93915pt too wide) in paragraph at lines 448--449
[]\T1/lmr/bx/n/10.95 (-20) Cost: \T1/lmr/m/n/10.95 (-20) ap-prox-i-mately $1.50
--2.50 per Gb, po-si-tion-ing it com-pet-i-tively with the NextSeq 2000
 []

[65]
Underfull \vbox (badness 3826) has occurred while \output is active []

 [66]
Overfull \hbox (4.66356pt too wide) in paragraph at lines 541--541
[]|\T1/lmr/bx/n/10 (-20) Vendor|  
 []


Overfull \hbox (4.79794pt too wide) in paragraph at lines 541--541
[]|\T1/lmr/m/n/10 (-20) Illumina|  
 []


Overfull \hbox (4.79794pt too wide) in paragraph at lines 541--541
[]|\T1/lmr/m/n/10 (-20) Illumina|  
 []


Overfull \hbox (4.79794pt too wide) in paragraph at lines 541--541
[]|\T1/lmr/m/n/10 (-20) Illumina|  
 []


Overfull \hbox (4.79794pt too wide) in paragraph at lines 541--541
[]|\T1/lmr/m/n/10 (-20) Illumina|  
 []


Overfull \hbox (12.42014pt too wide) in paragraph at lines 541--541
[]|\T1/lmr/m/n/10 (-20) MGI/BGI|  
 []


Overfull \hbox (12.42014pt too wide) in paragraph at lines 541--541
[]|\T1/lmr/m/n/10 (-20) MGI/BGI|  
 []


Overfull \hbox (12.42014pt too wide) in paragraph at lines 541--541
[]|\T1/lmr/m/n/10 (-20) MGI/BGI|  
 []


Overfull \hbox (12.42014pt too wide) in paragraph at lines 541--541
[]|\T1/lmr/m/n/10 (-20) MGI/BGI|  
 []


Overfull \hbox (4.11447pt too wide) in paragraph at lines 541--541
[]|\T1/lmr/m/n/10 (-20) Element 
 []


Overfull \hbox (4.55334pt too wide) in paragraph at lines 541--541
[]|\T1/lmr/m/n/10 (-20) Singular|  
 []

[67]
Underfull \vbox (badness 5504) has occurred while \output is active []

 [68]
[69]) (./chapters/ch05_long_read_platforms.tex [70]
Chapter 5.
[71

] [72] [73] [74] [75] [76] [77]
Underfull \vbox (badness 2913) has occurred while \output is active []

 [78]
[79] [80] [81]
Overfull \hbox (6.04533pt too wide) in paragraph at lines 550--551
[]\T1/lmr/m/n/10.95 (-20) This en-ables com-pu-ta-tional en-rich-ment with-out 
phys-i-cal cap-ture or amplification---effectively
 []


Underfull \hbox (badness 10000) in paragraph at lines 603--603
[]|\T1/lmr/m/n/10 (+20) 10--100kb (sim-plex); ultra-long
 []


Overfull \hbox (19.49364pt too wide) in paragraph at lines 603--603
[]|\T1/lmr/bx/n/10 (-20) Throughput/instrument|  
 []

[82]
Underfull \vbox (badness 10000) has occurred while \output is active []

 [83]
[84]) (./chapters/ch06_library_preparation.tex [85] [86

]
Chapter 6.

Underfull \hbox (badness 7814) in paragraph at lines 65--65
 []\T1/lmss/m/n/6 (+20) or chem-i-cal[]
 []


Underfull \hbox (badness 1057) in paragraph at lines 66--66
 [][][]\T1/lmss/m/n/6 (+20) Y-adapters (Il-lu-mina)
 []


Underfull \hbox (badness 2753) in paragraph at lines 66--66
 []\T1/lmss/m/n/6 (+20) hairpins (PacBio)
 []


Underfull \hbox (badness 1038) in paragraph at lines 66--66
 []\T1/lmss/m/n/6 (+20) motor pro-tein (ONT)[]
 []

[87] [88] [89] [90] [91] [92] [93] [94] [95] [96] [97] [98] [99]
Overfull \hbox (0.70528pt too wide) in paragraph at lines 659--660
[]\T1/lmr/bx/n/10.95 (-20) Strengths: \T1/lmr/m/n/10.95 (-20) ex-cel-lent low-i
nput per-for-mance, well-validated, avail-able with UMI adapters. 
 []

[100] [101]
Overfull \hbox (22.04924pt too wide) in paragraph at lines 821--821
[]|\T1/lmr/m/n/10 (-20) Bioanalyzer/TapeStation|  
 []


Overfull \hbox (98.95331pt too wide) in paragraph at lines 875--876
 [][] 
 []

[102] [103]
Underfull \vbox (badness 10000) has occurred while \output is active []

 [104]
[105]) [106] [107

] [108] (./chapters/ch07_genome_sequencing.tex
Chapter 7.

Underfull \vbox (badness 10000) has occurred while \output is active []

 [109

]
[110]
Overfull \hbox (18.76237pt too wide) in paragraph at lines 67--68
[]\T1/lmr/bx/n/10.95 (-20) Variant call-ing\T1/lmr/m/n/10.95 (-20) : Germline v
ari-ants are called with \T1/lmtt/m/n/10.95 GATK HaplotypeCaller \T1/lmr/m/n/10
.95 (-20) or \T1/lmtt/m/n/10.95 DeepVariant\T1/lmr/m/n/10.95 (-20) .
 []


Underfull \vbox (badness 10000) has occurred while \output is active []

 [111]
[112] [113] [114]
Underfull \vbox (badness 10000) has occurred while \output is active []

 [115]
[116]

Package tabularx Warning: X Columns too narrow (table too wide)
(tabularx)                 on input line 323.


Overfull \hbox (21.60022pt too wide) in paragraph at lines 323--323
[]|\T1/lmr/bx/n/10.95 (-20) Probe
 []


Overfull \hbox (16.21956pt too wide) in paragraph at lines 323--323
\T1/lmr/bx/n/10.95 (-20) Type| 
 []


Overfull \hbox (12.64041pt too wide) in paragraph at lines 323--323
[]|\T1/lmr/m/n/10.95 (-20) RNA
 []


Overfull \hbox (11.764pt too wide) in paragraph at lines 323--323
\T1/lmr/m/n/10.95 (-20) baits| 
 []


Overfull \hbox (12.93875pt too wide) in paragraph at lines 323--323
[]|\T1/lmr/m/n/10.95 (-20) DNA
 []


Overfull \hbox (11.764pt too wide) in paragraph at lines 323--323
\T1/lmr/m/n/10.95 (-20) baits| 
 []


Overfull \hbox (12.93875pt too wide) in paragraph at lines 323--323
[]|\T1/lmr/m/n/10.95 (-20) DNA
 []


Overfull \hbox (11.764pt too wide) in paragraph at lines 323--323
\T1/lmr/m/n/10.95 (-20) baits| 
 []


Overfull \hbox (12.93875pt too wide) in paragraph at lines 323--323
[]|\T1/lmr/m/n/10.95 (-20) DNA
 []


Overfull \hbox (11.764pt too wide) in paragraph at lines 323--323
\T1/lmr/m/n/10.95 (-20) baits| 
 []


Overfull \hbox (122.80353pt too wide) in alignment at lines 323--323
[][][][][] 
 []

[117]
Underfull \vbox (badness 1412) has occurred while \output is active []

 [118]
Overfull \hbox (11.63803pt too wide) in paragraph at lines 381--382
[]\T1/lmr/bx/n/10.95 (-20) Methylation-sensitive en-zymes \T1/lmr/m/n/10.95 (-2
0) (e.g., \T1/lmr/m/it/10.95 (-20) PstI \T1/lmr/m/n/10.95 (-20) in GBS) pref-er
-en-tially cut in low-methylation,
 []

[119] [120] [121] [122]
(/usr/local/texlive/2023/texmf-dist/tex/latex/listings/lstlang1.sty
File: lstlang1.sty 2023/02/27 1.9 listings language file
)
LaTeX Font Info:    Font shape `T1/lmtt/bx/n' in size <10> not available
(Font)              Font shape `T1/lmtt/b/n' tried instead on input line 597.
 [123]
Underfull \vbox (badness 10000) has occurred while \output is active []

 [124]
Underfull \vbox (badness 10000) has occurred while \output is active []

 [125]
(/usr/local/texlive/2023/texmf-dist/tex/latex/listings/lstlang1.sty
File: lstlang1.sty 2023/02/27 1.9 listings language file
) [126]
Underfull \vbox (badness 10000) has occurred while \output is active []

 [127]
Underfull \vbox (badness 10000) has occurred while \output is active []

 [128]
Underfull \vbox (badness 10000) has occurred while \output is active []

 [129]
Underfull \hbox (badness 1661) in paragraph at lines 1025--1026
[]\T1/lmr/bx/n/10.95 (+20) nf-core\T1/lmr/m/n/10.95 (+20) : A community-curated
 col-lec-tion of Nextflow pipelines. The
 []

[130]
Overfull \hbox (58.29012pt too wide) in paragraph at lines 1038--1039
[]\T1/lmr/bx/n/10.95 (-20) Small vari-ant call-ing\T1/lmr/m/n/10.95 (-20) : \T1
/lmtt/m/n/10.95 DeepVariant \T1/lmr/m/n/10.95 (-20) (PacBio model or ONT model)
, \T1/lmtt/m/n/10.95 PEPPER-Margin-DeepVariant
 []


Underfull \hbox (badness 10000) in paragraph at lines 1071--1071
[]|\T1/lmr/m/n/10.95 (+20) Cross-sample con-tam-i-na-tion (Ver-i-fy-
 []


Overfull \hbox (10.36012pt too wide) in paragraph at lines 1074--1075
\T1/lmtt/m/n/10.95 Picard CollectHsMetrics \T1/lmr/m/n/10.95 (-20) (for WES), \
T1/lmtt/m/n/10.95 mosdepth \T1/lmr/m/n/10.95 (-20) (fast cov-er-age cal-cu-la-t
ion), and \T1/lmtt/m/n/10.95 VerifyBamID2
 []

) (./chapters/ch08_variant_discovery.tex
Underfull \vbox (badness 10000) has occurred while \output is active []

 [131]
[132]
Chapter 8.
[133

] [134]
Overfull \hbox (1.06042pt too wide) in paragraph at lines 130--130
 [][]\T1/lmr/m/n/10 (-20) Translocation 
 []


Overfull \hbox (8.07033pt too wide) in paragraph at lines 132--132
 []\T1/lmr/m/n/10 (-20) Rearrangement 
 []

[135] [136] [137] [138] [139] [140] [141] [142]
Underfull \hbox (badness 7631) in paragraph at lines 518--518
[]|\T1/lmr/m/n/10.95 (+20) Exome se-quenc-ing of the UK
 []

[143] [144] [145]
Underfull \hbox (badness 3930) in paragraph at lines 636--637
[]\T1/lmr/m/n/10.95 (+20) Affect metabolism of thiop-urine drugs (aza-thio-prin
e, 6-
 []

[146]
Overfull \hbox (56.30191pt too wide) in paragraph at lines 708--709
 [][] 
 []

[147] [148]
Underfull \vbox (badness 10000) has occurred while \output is active []

 [149]
Underfull \vbox (badness 10000) has occurred while \output is active []

 [150]
[151]
Underfull \vbox (badness 10000) has occurred while \output is active []

 [152]
Underfull \vbox (badness 10000) has occurred while \output is active []

 [153]
Underfull \vbox (badness 10000) has occurred while \output is active []

 [154]
Overfull \hbox (2.94153pt too wide) in paragraph at lines 1155--1155
[]|\T1/lmr/m/n/10 (-20) Spanning/flanking 
 []

) (./chapters/ch09_metagenomics.tex
Underfull \vbox (badness 10000) has occurred while \output is active []

 [155]
[156] [157] [158

]
Chapter 9.
[159] [160]
Underfull \vbox (badness 10000) has occurred while \output is active []

 [161]
Underfull \hbox (badness 10000) in paragraph at lines 128--128
[]|\T1/lmr/m/n/10.95 (+20) Comprehensive, cu-rated rRNA
 []


Underfull \hbox (badness 2142) in paragraph at lines 128--128
\T1/lmr/m/n/10.95 (+20) vides a naive Bayesian clas-si-fier
 []

[162]
Underfull \vbox (badness 10000) has occurred while \output is active []

 [163]
[164] [165] [166] [167] [168] [169]
Underfull \vbox (badness 1168) has occurred while \output is active []

 [170]
Overfull \hbox (161.88855pt too wide) in paragraph at lines 423--432
 [][] 
 []

[171] [172] [173] [174] [175]
Underfull \vbox (badness 1348) has occurred while \output is active []

 [176]
Underfull \vbox (badness 10000) has occurred while \output is active []

 [177]
Underfull \vbox (badness 10000) has occurred while \output is active []

 [178]
[179]
Underfull \vbox (badness 10000) has occurred while \output is active []

 [180]
Underfull \vbox (badness 10000) has occurred while \output is active []

 [181]
Underfull \vbox (badness 10000) has occurred while \output is active []

 [182]
Underfull \vbox (badness 10000) has occurred while \output is active []

 [183])
Underfull \vbox (badness 10000) has occurred while \output is active []

 [184]
[185] [186

] [187] [188] (./chapters/ch10_rna_sequencing.tex
Chapter 10.
[189

] [190]
Underfull \hbox (badness 10000) in paragraph at lines 181--181
[]|\T1/lmr/m/n/10 (+20) Poly-A$[]$ mRNA (+ some
 []

[191] [192] [193]
Underfull \vbox (badness 5637) has occurred while \output is active []

 [194]
[195]
LaTeX Font Info:    Font shape `T1/lmtt/bx/n' in size <10.95> not available
(Font)              Font shape `T1/lmtt/b/n' tried instead on input line 508.
 [196]
Overfull \hbox (135.1347pt too wide) in paragraph at lines 622--626
 [][] 
 []

[197] [198]
Overfull \hbox (15.07242pt too wide) in paragraph at lines 648--650
[]\T1/lmr/m/n/10.95 (-20) Duplication rate (high du-pli-ca-tion may in-di-cate 
low-complexity li-brary or over-amplification). 
 []

[199]
Overfull \hbox (2.52449pt too wide) in paragraph at lines 737--740
\T1/lmr/m/n/10.95 (-20) Reference-free es-ti-ma-tion of transcript-level ex-pre
s-sion us-ing an expectation-maximization
 []


Overfull \hbox (14.36633pt too wide) in paragraph at lines 737--740
\T1/lmr/m/n/10.95 (-20) (EM) al-go-rithm. Of-ten used with STAR align-ment (\T1
/lmtt/m/n/10.95 STAR --quantMode TranscriptomeSAM\T1/lmr/m/n/10.95 (-20) ). 
 []

[200] [201] [202]
Underfull \hbox (badness 10000) in paragraph at lines 952--952
[]|\T1/lmr/m/n/10 (+20) Negative bi-no-mial
 []


Underfull \hbox (badness 10000) in paragraph at lines 952--952
[]|\T1/lmr/m/n/10 (+20) Negative bi-no-mial
 []


Underfull \hbox (badness 10000) in paragraph at lines 952--952
\T1/lmr/m/n/10 (+20) GLM (QL F-test
 []


Underfull \hbox (badness 10000) in paragraph at lines 952--952
[]|\T1/lmr/m/n/10 (+20) Weighted lin-ear
 []


Underfull \hbox (badness 2469) in paragraph at lines 952--952
[]|\T1/lmr/m/n/10 (+20) Gene-wise MLE $\OMS/lmsy/m/n/10 !$
 []


Underfull \hbox (badness 3333) in paragraph at lines 952--952
\OMS/lmsy/m/n/10 !$ \T1/lmr/m/n/10 (+20) em-pir-i-cal Bayes
 []


Underfull \hbox (badness 10000) in paragraph at lines 952--952
\T1/lmr/m/n/10 (+20) squeeze (weighted
 []


Underfull \hbox (badness 7186) in paragraph at lines 952--952
\T1/lmr/m/n/10 (+20) mod-eled by voom;
 []


Underfull \hbox (badness 10000) in paragraph at lines 952--952
[]|\T1/lmr/m/n/10 (+20) Optional (apeglm,
 []


Underfull \hbox (badness 10000) in paragraph at lines 952--952
[]|\T1/lmr/m/n/10 (+20) No built-in LFC
 []


Underfull \hbox (badness 10000) in paragraph at lines 952--952
[]|\T1/lmr/m/n/10 (+20) Benjamini--Hochberg
 []


Underfull \hbox (badness 10000) in paragraph at lines 952--952
\T1/lmr/m/n/10 (+20) with in-de-pen-dent
 []


Underfull \hbox (badness 10000) in paragraph at lines 952--952
[]|\T1/lmr/m/n/10 (+20) Supported (in-ter-ac-
 []


Underfull \hbox (badness 10000) in paragraph at lines 952--952
[]|\T1/lmr/m/n/10 (+20) Excellent (quasi-
 []


Underfull \hbox (badness 10000) in paragraph at lines 952--952
\T1/lmr/m/n/10 (+20) model frame-work;
 []


Underfull \hbox (badness 2653) in paragraph at lines 952--952
[]|\T1/lmr/m/n/10 (+20) Standard two-group
 []


Underfull \hbox (badness 10000) in paragraph at lines 952--952
\T1/lmr/m/n/10 (+20) com-par-isons with
 []


Underfull \hbox (badness 10000) in paragraph at lines 952--952
\T1/lmr/m/n/10 (+20) tal de-signs; large
 []


Underfull \hbox (badness 7925) in paragraph at lines 952--952
[]|\T1/lmr/m/n/10 (+20) Very large sam-ple
 []

[203] [204]

LaTeX Warning: Float too large for page by 1648.16008pt on input line 1220.


LaTeX Warning: Float too large for page by 2200.16008pt on input line 1468.

[205] [206] [207]
Underfull \hbox (badness 10000) in paragraph at lines 1591--1591
[]|\T1/lmr/bx/n/10 (+20) Long-read
 []


Underfull \hbox (badness 2846) in paragraph at lines 1591--1591
[]|\T1/lmr/m/n/10 (+20) RIN $\OMS/lmsy/m/n/10 ^^U$ \T1/lmr/m/n/10 (+20) 7 (Iso-

 []


Underfull \hbox (badness 10000) in paragraph at lines 1591--1591
[]|\T1/lmr/m/n/10 (+20) Small ncRNA
 []


Underfull \hbox (badness 10000) in paragraph at lines 1591--1591
[]|\T1/lmr/m/n/10 (+20) Degraded sam-
 []

[208]) (./chapters/ch11_single_cell_rna.tex [209] [210

]
Chapter 11.
[211] [212] [213]
Overfull \hbox (11.82298pt too wide) in paragraph at lines 236--242
 [][] 
 []


Underfull \vbox (badness 10000) has occurred while \output is active []

 [214]
LaTeX Font Info:    External font `lmex10' loaded for size
(Font)              <12> on input line 280.


Package hyperref Warning: Token not allowed in a PDF string (Unicode):
(hyperref)                removing `math shift' on input line 280.


Package hyperref Warning: Token not allowed in a PDF string (Unicode):
(hyperref)                removing `math shift' on input line 280.


Package hyperref Warning: Token not allowed in a PDF string (Unicode):
(hyperref)                removing `math shift' on input line 280.


Package hyperref Warning: Token not allowed in a PDF string (Unicode):
(hyperref)                removing `math shift' on input line 280.

[215] [216] [217] [218] [219] [220] [221] [222] [223] [224]
Underfull \hbox (badness 1320) in paragraph at lines 946--946
[]|\T1/lmr/m/n/10 (+20) Excellent (sparse ar-rays, GPU via
 []


Underfull \hbox (badness 1629) in paragraph at lines 946--946
[]|\T1/lmr/m/n/10 (+20) Improved in v5 (BP-Cells on-disk),
 []

[225]
Overfull \hbox (4.38591pt too wide) in paragraph at lines 1017--1017
[]|\T1/lmr/bx/n/10 (-20) Preservation
 []


Underfull \hbox (badness 10000) in paragraph at lines 1017--1017
\T1/lmr/m/n/10 (+20) clus-ter-ing
 []


Underfull \hbox (badness 10000) in paragraph at lines 1017--1017
\T1/lmr/m/n/10 (+20) on PCA
 []


Underfull \hbox (badness 10000) in paragraph at lines 1017--1017
\T1/lmr/m/n/10 (+20) em-bed-dings;
 []


Underfull \hbox (badness 10000) in paragraph at lines 1017--1017
\T1/lmr/m/n/10 (+20) ad-justs
 []


Underfull \hbox (badness 10000) in paragraph at lines 1017--1017
\T1/lmr/m/n/10 (+20) clus-ter cen-
 []


Underfull \hbox (badness 4132) in paragraph at lines 1017--1017
[]|\T1/lmr/m/n/10 (+20) Good; may
 []


Underfull \hbox (badness 10000) in paragraph at lines 1017--1017
\T1/lmr/m/n/10 (+20) over-correct
 []


Underfull \hbox (badness 2065) in paragraph at lines 1017--1017
\T1/lmr/m/n/10 (+20) rare pop-u-la-
 []


Underfull \hbox (badness 10000) in paragraph at lines 1017--1017
[]|\T1/lmr/m/n/10 (+20) Post-PCA;
 []


Underfull \hbox (badness 10000) in paragraph at lines 1017--1017
\T1/lmr/m/n/10 (+20) does not
 []


Underfull \hbox (badness 10000) in paragraph at lines 1017--1017
\T1/lmr/m/n/10 (+20) mod-ify ex-
 []


Underfull \hbox (badness 10000) in paragraph at lines 1017--1017
\T1/lmr/m/n/10 (+20) pres-sion
 []


Underfull \hbox (badness 10000) in paragraph at lines 1017--1017
[]|\T1/lmr/m/n/10 (+20) Identifies
 []


Underfull \hbox (badness 4303) in paragraph at lines 1017--1017
\T1/lmr/m/n/10 (+20) pairs across
 []


Underfull \hbox (badness 10000) in paragraph at lines 1017--1017
\T1/lmr/m/n/10 (+20) batches;
 []


Underfull \hbox (badness 10000) in paragraph at lines 1017--1017
\T1/lmr/m/n/10 (+20) com-putes
 []


Underfull \hbox (badness 10000) in paragraph at lines 1017--1017
\T1/lmr/m/n/10 (+20) cor-rec-tion
 []


Underfull \hbox (badness 10000) in paragraph at lines 1017--1017
\T1/lmr/m/n/10 (+20) (R); foun-
 []


Underfull \hbox (badness 10000) in paragraph at lines 1017--1017
\T1/lmr/m/n/10 (+20) da-tional
 []


Underfull \hbox (badness 10000) in paragraph at lines 1017--1017
[]|\T1/lmr/m/n/10 (+20) Variational
 []


Underfull \hbox (badness 10000) in paragraph at lines 1017--1017
\T1/lmr/m/n/10 (+20) au-toen-coder
 []


Underfull \hbox (badness 10000) in paragraph at lines 1017--1017
\T1/lmr/m/n/10 (+20) the gen-er-a-
 []


Underfull \hbox (badness 7362) in paragraph at lines 1017--1017
[]|\T1/lmr/m/n/10 (+20) Slow (GPU
 []


Underfull \hbox (badness 10000) in paragraph at lines 1017--1017
\T1/lmr/m/n/10 (+20) rec-om-
 []


Underfull \hbox (badness 10000) in paragraph at lines 1017--1017
\T1/lmr/m/n/10 (+20) mended;
 []


Underfull \hbox (badness 10000) in paragraph at lines 1017--1017
\T1/lmr/m/n/10 (+20) minutes--
 []


Underfull \hbox (badness 10000) in paragraph at lines 1017--1017
[]|\T1/lmr/m/n/10 (+20) Excellent;
 []


Underfull \hbox (badness 10000) in paragraph at lines 1017--1017
\T1/lmr/m/n/10 (+20) learns
 []


Underfull \hbox (badness 10000) in paragraph at lines 1017--1017
\T1/lmr/m/n/10 (+20) com-plex
 []


Underfull \hbox (badness 10000) in paragraph at lines 1017--1017
\T1/lmr/m/n/10 (+20) non-linear
 []


Underfull \hbox (badness 10000) in paragraph at lines 1017--1017
[]|\T1/lmr/m/n/10 (+20) Produces a
 []


Underfull \hbox (badness 4072) in paragraph at lines 1017--1017
\T1/lmr/m/n/10 (+20) for com-plex
 []


Underfull \hbox (badness 10000) in paragraph at lines 1017--1017
\T1/lmr/m/n/10 (+20) multi-batch
 []


Underfull \hbox (badness 10000) in paragraph at lines 1017--1017
[]|\T1/lmr/m/n/10 (+20) Constructs
 []


Underfull \hbox (badness 10000) in paragraph at lines 1017--1017
\T1/lmr/m/n/10 (+20) a batch-
 []


Underfull \hbox (badness 10000) in paragraph at lines 1017--1017
\T1/lmr/m/n/10 (+20) balanced
 []


Underfull \hbox (badness 3557) in paragraph at lines 1017--1017
\T1/lmr/m/n/10 (+20) KNN graph
 []


Underfull \hbox (badness 3590) in paragraph at lines 1017--1017
[]|\T1/lmr/m/n/10 (+20) Good; min-
 []


Underfull \hbox (badness 10000) in paragraph at lines 1017--1017
\T1/lmr/m/n/10 (+20) i-mal dis-tor-
 []


Underfull \hbox (badness 1137) in paragraph at lines 1017--1017
\T1/lmr/m/n/10 (+20) tion of rare
 []


Underfull \hbox (badness 10000) in paragraph at lines 1017--1017
[]|\T1/lmr/m/n/10 (+20) Corrects
 []


Underfull \hbox (badness 10000) in paragraph at lines 1017--1017
\T1/lmr/m/n/10 (+20) the graph,
 []


Underfull \hbox (badness 1024) in paragraph at lines 1017--1017
\T1/lmr/m/n/10 (+20) not the em-
 []


Underfull \hbox (badness 10000) in paragraph at lines 1017--1017
\T1/lmr/m/n/10 (+20) bed-ding or
 []


Underfull \hbox (badness 10000) in paragraph at lines 1017--1017
\T1/lmr/m/n/10 (+20) ex-pres-sion;
 []


Underfull \hbox (badness 10000) in paragraph at lines 1017--1017
\T1/lmr/m/n/10 (+20) use with
 []


Underfull \hbox (badness 10000) in paragraph at lines 1017--1017
[]|\T1/lmr/m/n/10 (+20) Panoramic
 []


Underfull \hbox (badness 10000) in paragraph at lines 1017--1017
\T1/lmr/m/n/10 (+20) stitch-ing
 []


Underfull \hbox (badness 10000) in paragraph at lines 1017--1017
\T1/lmr/m/n/10 (+20) in-spired by
 []


Underfull \hbox (badness 2556) in paragraph at lines 1017--1017
\T1/lmr/m/n/10 (+20) im-age align-
 []


Underfull \hbox (badness 3260) in paragraph at lines 1017--1017
\T1/lmr/m/n/10 (+20) ment; finds
 []


Underfull \hbox (badness 5417) in paragraph at lines 1017--1017
[]|\T1/lmr/m/n/10 (+20) Fast (scales
 []


Underfull \hbox (badness 10000) in paragraph at lines 1017--1017
\T1/lmr/m/n/10 (+20) to par-tially
 []


Underfull \hbox (badness 10000) in paragraph at lines 1017--1017
\T1/lmr/m/n/10 (+20) over-lap-ping
 []


Underfull \hbox (badness 4036) in paragraph at lines 1017--1017
[]|\T1/lmr/m/n/10 (+20) Can cor-rect
 []


Underfull \hbox (badness 10000) in paragraph at lines 1017--1017
\T1/lmr/m/n/10 (+20) ex-pres-sion
 []


Underfull \hbox (badness 10000) in paragraph at lines 1017--1017
\T1/lmr/m/n/10 (+20) ma-trix
 []


Underfull \hbox (badness 10000) in paragraph at lines 1017--1017
\T1/lmr/m/n/10 (+20) di-rectly;
 []


Underfull \hbox (badness 2970) in paragraph at lines 1017--1017
\T1/lmr/m/n/10 (+20) use-ful when
 []


Underfull \hbox (badness 10000) in paragraph at lines 1017--1017
\T1/lmr/m/n/10 (+20) datasets
 []


Underfull \hbox (badness 10000) in paragraph at lines 1017--1017
\T1/lmr/m/n/10 (+20) share only
 []


Underfull \hbox (badness 10000) in paragraph at lines 1017--1017
\T1/lmr/m/n/10 (+20) some cell
 []

[226] [227] [228]
Underfull \hbox (badness 10000) in paragraph at lines 1152--1152
[]|\T1/lmr/m/n/10 (+20) 3,000--6,000
 []


Underfull \hbox (badness 10000) in paragraph at lines 1152--1152
[]|\T1/lmr/m/n/10 (+20) 5,000--10,000
 []


Underfull \hbox (badness 10000) in paragraph at lines 1152--1152
[]|\T1/lmr/m/n/10 (+20) 1,500--3,000
 []


Underfull \hbox (badness 10000) in paragraph at lines 1152--1152
[]|\T1/lmr/m/n/10 (+20) 1,000--2,000
 []


Underfull \hbox (badness 1838) in paragraph at lines 1152--1152
[]|\T1/lmr/m/n/10 (+20) No (SS2) / Yes
 []


Underfull \hbox (badness 10000) in paragraph at lines 1152--1152
[]|\T1/lmr/m/n/10 (+20) Chromium Con-
 []


Underfull \hbox (badness 2418) in paragraph at lines 1152--1152
[]|\T1/lmr/m/n/10 (+20) Custom mi-croflu-
 []


Underfull \hbox (badness 10000) in paragraph at lines 1152--1152
[]|\T1/lmr/m/n/10 (+20) Standard lab
 []


Underfull \hbox (badness 10000) in paragraph at lines 1152--1152
[]|\T1/lmr/m/n/10 (+20) Budget-friendly
 []


LaTeX Warning: Float too large for page by 616.16008pt on input line 1269.


LaTeX Warning: Float too large for page by 1180.16008pt on input line 1432.

[229] [230] [231]) (./chapters/ch12_spatial_transcriptomics.tex [232]
Chapter 12.

Overfull \hbox (55.33313pt too wide) in paragraph at lines 105--110
 [][] 
 []

[233

] [234] [235] [236] [237]
Underfull \hbox (badness 10000) in paragraph at lines 382--382
[]|$\OMS/lmsy/m/n/9 ^^X$\T1/lmr/m/n/9 (+20) millions of
 []


Underfull \hbox (badness 4429) in paragraph at lines 382--382
[]|\T1/lmr/m/n/9 (+20) Xenium An-a-
 []


Underfull \hbox (badness 2781) in paragraph at lines 382--382
[]|\T1/lmr/m/n/9 (+20) Vizgen MER-
 []


Underfull \hbox (badness 10000) in paragraph at lines 382--382
[]|\T1/lmr/m/n/9 (+20) Xenium
 []


Underfull \hbox (badness 10000) in paragraph at lines 382--382
\T1/lmr/m/n/9 (+20) Ranger/-Ex-
 []


Underfull \hbox (badness 10000) in paragraph at lines 382--382
[]|\T1/lmr/m/n/9 (+20) Genome-wide
 []


Underfull \hbox (badness 10000) in paragraph at lines 382--382
[]|\T1/lmr/m/n/9 (+20) High-res dis-
 []


Underfull \hbox (badness 10000) in paragraph at lines 382--382
[]|\T1/lmr/m/n/9 (+20) Large-area
 []


Underfull \hbox (badness 10000) in paragraph at lines 401--401
[]|\T1/lmr/bx/n/9 (+20) STARmap
 []


Underfull \hbox (badness 10000) in paragraph at lines 401--401
[]|\T1/lmr/m/n/9 (+20) Yes (NanoS-
 []

[238] [239] [240] [241] [242] [243] [244]

LaTeX Warning: Float too large for page by 554.56007pt on input line 962.

[245] [246]

LaTeX Warning: Float too large for page by 1262.56007pt on input line 1133.


Underfull \hbox (badness 10000) in paragraph at lines 1136--1139
[]\T1/lmr/m/n/10.95 (+20) For pro-duc-tion spa-tial tran-scrip-tomics anal-y-si
s, the
 []


Underfull \hbox (badness 1365) in paragraph at lines 1136--1139
\T1/lmtt/m/n/10.95 nf-core/spatialtranscriptomics \T1/lmr/m/n/10.95 (+20) pipel
ine pro-vides a Nextflow work-flow sup-
 []

[247] [248]) [249] [250

] [251] [252] (./chapters/ch13_dna_methylation.tex
Chapter 13.
[253

] [254]
LaTeX Font Info:    Trying to load font information for TS1+lmtt on input line 
97.
 (/usr/local/texlive/2023/texmf-dist/tex/latex/lm/ts1lmtt.fd
File: ts1lmtt.fd 2015/05/01 v1.6.1 Font defs for Latin Modern
)
Package microtype Info: Loading generic protrusion settings for font family
(microtype)             `lmtt' (encoding: TS1).
(microtype)             For optimal results, create family-specific settings.
(microtype)             See the microtype manual for details.
Package microtype Info: Character `texttrademark ' is missing
(microtype)             in font `TS1/lmtt/m/n/9'.
(microtype)             Ignoring protrusion settings for this character.
LaTeX Font Info:    Font shape `T1/lmtt/bx/n' in size <9> not available
(Font)              Font shape `T1/lmtt/b/n' tried instead on input line 97.

Overfull \hbox (20.95808pt too wide) in paragraph at lines 135--136
 [][] 
 []

[255] [256] [257] [258]
Overfull \hbox (14.17087pt too wide) in paragraph at lines 302--302
[]|\T1/lmr/bx/n/10 (-20) Algorithm| 
 []


Overfull \hbox (37.30626pt too wide) in paragraph at lines 302--302
[]|\T1/lmr/m/n/10 (-20) Bowtie2/HISAT2
 []


Underfull \hbox (badness 10000) in paragraph at lines 302--302
\T1/lmr/m/n/10 (+20) back-
 []


Underfull \hbox (badness 10000) in paragraph at lines 302--302
\T1/lmr/m/n/10 (+20) end;
 []


Underfull \hbox (badness 10000) in paragraph at lines 302--302
\T1/lmr/m/n/10 (+20) three-
 []


Underfull \hbox (badness 10000) in paragraph at lines 302--302
\T1/lmr/m/n/10 (+20) letter
 []


Underfull \hbox (badness 10000) in paragraph at lines 302--302
[]|\T1/lmr/m/n/10 (+20) BWA-
 []


Underfull \hbox (badness 10000) in paragraph at lines 302--302
\T1/lmr/m/n/10 (+20) MEM
 []


Underfull \hbox (badness 10000) in paragraph at lines 302--302
\T1/lmr/m/n/10 (+20) back-
 []


Underfull \hbox (badness 1424) in paragraph at lines 302--302
\T1/lmr/m/n/10 (+20) end; in
 []


Underfull \hbox (badness 10000) in paragraph at lines 302--302
\T1/lmr/m/n/10 (+20) sil-ico
 []


Underfull \hbox (badness 10000) in paragraph at lines 302--302
\T1/lmr/m/n/10 (+20) con-ver-
 []


Overfull \hbox (6.67581pt too wide) in paragraph at lines 302--302
[]|\T1/lmr/m/n/10 (-20) Combined
 []


Underfull \hbox (badness 10000) in paragraph at lines 302--302
\T1/lmr/m/n/10 (+20) aligner
 []


Underfull \hbox (badness 10000) in paragraph at lines 302--302
\T1/lmr/m/n/10 (+20) and
 []


Underfull \hbox (badness 10000) in paragraph at lines 302--302
\T1/lmr/m/n/10 (+20) methy-
 []


Underfull \hbox (badness 10000) in paragraph at lines 302--302
\T1/lmr/m/n/10 (+20) la-tion
 []


Underfull \hbox (badness 10000) in paragraph at lines 302--302
[]|\T1/lmr/m/n/10 (+20) Seed-
 []


Underfull \hbox (badness 10000) in paragraph at lines 302--302
\T1/lmr/m/n/10 (+20) based;
 []


Underfull \hbox (badness 10000) in paragraph at lines 302--302
\T1/lmr/m/n/10 (+20) wild-
 []


Underfull \hbox (badness 10000) in paragraph at lines 302--302
\T1/lmr/m/n/10 (+20) card
 []


Underfull \hbox (badness 10000) in paragraph at lines 302--302
\T1/lmr/m/n/10 (+20) ap-
 []


Underfull \hbox (badness 10000) in paragraph at lines 302--302
[]|\T1/lmr/m/n/10 (+20) Full
 []


Underfull \hbox (badness 10000) in paragraph at lines 302--302
\T1/lmr/m/n/10 (+20) pipeline
 []


Underfull \hbox (badness 10000) in paragraph at lines 302--302
\T1/lmr/m/n/10 (+20) (align-
 []


Underfull \hbox (badness 2512) in paragraph at lines 302--302
\T1/lmr/m/n/10 (+20) ment +
 []

[259] [260] [261]
Overfull \hbox (86.67989pt too wide) in paragraph at lines 378--379
[]\T1/lmr/m/n/10.95 (-20) Protect 5hmC by glu-co-sy-la-tion us-ing $\OML/lmm/m/
it/10.95 ^^L$\T1/lmr/m/n/10.95 (-20) -glucosyltransferase ($\OML/lmm/m/it/10.95
 ^^L$\T1/lmr/m/n/10.95 (-20) -GT) to form 5-glucosylhydroxymethylcytosine
 []

[262]
Underfull \hbox (badness 10000) in paragraph at lines 486--486
[]|\T1/lmr/bx/n/10 (+20) Key Fea-
 []


Underfull \hbox (badness 10000) in paragraph at lines 486--486
[]|\T1/lmr/m/n/10 (+20) Cost-effective;
 []


Underfull \hbox (badness 10000) in paragraph at lines 486--486
[]|\T1/lmr/m/n/10 (+20) Less DNA
 []


Underfull \hbox (badness 3930) in paragraph at lines 486--486
\T1/lmr/m/n/10 (+20) dam-age; low
 []


Underfull \hbox (badness 10000) in paragraph at lines 486--486
[]|\T1/lmr/m/n/10 (+20) Distinguishes
 []


Underfull \hbox (badness 10000) in paragraph at lines 486--486
\T1/lmr/m/n/10 (+20) 5mC from
 []


Underfull \hbox (badness 10000) in paragraph at lines 486--486
[]|\T1/lmr/m/n/10 (+20) Maps 5hmC
 []


Underfull \hbox (badness 3792) in paragraph at lines 486--486
\T1/lmr/m/n/10 (+20) mise of cost
 []


Underfull \hbox (badness 2096) in paragraph at lines 486--486
[]|\T1/lmr/m/n/10 (+20) Cheapest per
 []


Overfull \hbox (19.38737pt too wide) in paragraph at lines 486--486
\T1/lmr/m/n/10 (-20) 5mC+5hmC+6mA;
 []


Underfull \hbox (badness 10000) in paragraph at lines 486--486
[]|\T1/lmr/m/n/10 (+20) CpG methy-
 []


Underfull \hbox (badness 10000) in paragraph at lines 486--486
\T1/lmr/m/n/10 (+20) la-tion from
 []

[263] [264]
Overfull \hbox (97.09724pt too wide) in paragraph at lines 500--501
[]\T1/lmr/bx/n/10.95 (-20) Methylation ex-trac-tion: \T1/lmr/m/n/10.95 (-20) Ex
-tract per-CpG methy-la-tion lev-els (Bis-mark \T1/lmtt/m/n/10.95 bismark_methy
lation_extractor
 []

[265]
Underfull \vbox (badness 10000) has occurred while \output is active []

 [266]
[267]
Underfull \vbox (badness 10000) has occurred while \output is active []

 [268]
Underfull \vbox (badness 10000) has occurred while \output is active []

 [269]
[270] [271] [272]
Overfull \hbox (93.42899pt too wide) in paragraph at lines 908--909
[]\T1/lmr/bx/n/10.95 (-20) Methylation heatmaps: \T1/lmr/m/n/10.95 (-20) Clus-t
er sam-ples and CpG re-gions us-ing tools like \T1/lmtt/m/n/10.95 methylKit::cl
usterSamples()
 []

[273]) (./chapters/ch14_chromatin_accessibility.tex [274]
Chapter 14.
[275

] [276]
Underfull \vbox (badness 10000) has occurred while \output is active []

 [277]
[278] [279] [280]
Underfull \hbox (badness 10000) in paragraph at lines 328--328
[]|\T1/lmr/bx/n/10 (+20) Key Fea-
 []


Underfull \hbox (badness 10000) in paragraph at lines 328--328
[]|\T1/lmr/m/n/10 (+20) ENCODE
 []


Underfull \hbox (badness 10000) in paragraph at lines 328--328
\T1/lmr/m/n/10 (+20) stan-dard;
 []


Underfull \hbox (badness 10000) in paragraph at lines 328--328
[]|\T1/lmr/m/n/10 (+20) Improved
 []


Underfull \hbox (badness 10000) in paragraph at lines 328--328
\T1/lmr/m/n/10 (+20) ATAC; less
 []


Underfull \hbox (badness 10000) in paragraph at lines 328--328
[]|\T1/lmr/m/n/10 (+20) Cell-type-
 []


Underfull \hbox (badness 10000) in paragraph at lines 328--328
\T1/lmr/m/n/10 (+20) resolved
 []


Underfull \hbox (badness 10000) in paragraph at lines 328--328
[]|\T1/lmr/m/n/10 (+20) Superseded;
 []


Underfull \hbox (badness 10000) in paragraph at lines 328--328
\T1/lmr/m/n/10 (+20) no en-zyme
 []


Underfull \hbox (badness 10000) in paragraph at lines 328--328
[]|\T1/lmr/m/n/10 (+20) Nucleosome
 []


Underfull \hbox (badness 10000) in paragraph at lines 328--328
[]|\T1/lmr/m/n/10 (+20) Accessibility
 []


Underfull \hbox (badness 10000) in paragraph at lines 328--328
\T1/lmr/m/n/10 (+20) + methy-la-
 []

[281] [282] [283] [284]
Underfull \vbox (badness 6300) has occurred while \output is active []

 [285]
Underfull \vbox (badness 10000) has occurred while \output is active []

 [286]
Underfull \vbox (badness 10000) has occurred while \output is active []

 [287]
[288]
Underfull \vbox (badness 10000) has occurred while \output is active []

 [289]
Underfull \vbox (badness 10000) has occurred while \output is active []

 [290]
Underfull \vbox (badness 2980) has occurred while \output is active []

 [291]
[292] [293] [294]) (./chapters/ch15_histone_modifications.tex [295] [296

]
Chapter 15.

Underfull \hbox (badness 1400) in paragraph at lines 49--49
[]|\T1/lmr/m/n/10 (+20) Active reg-u-la-tory el-e-ments (pro-mot-ers and en-
 []

[297] [298] [299] [300] [301] [302] [303] [304] [305] [306]
Underfull \vbox (badness 10000) has occurred while \output is active []

 [307]
Underfull \vbox (badness 10000) has occurred while \output is active []

 [308]
Underfull \vbox (badness 10000) has occurred while \output is active []

 [309]
[310]
Underfull \vbox (badness 10000) has occurred while \output is active []

 [311]
Underfull \vbox (badness 10000) has occurred while \output is active []

 [312]
Underfull \hbox (badness 3895) in paragraph at lines 870--871
[]\T1/lmr/m/n/10.95 (+20) The nf-core com-mu-nity pro-vides \T1/lmtt/m/n/10.95 
nf-core/chipseq \T1/lmr/m/n/10.95 (+20) for ChIP-seq data and
 []

[313] [314]
Underfull \hbox (badness 4981) in paragraph at lines 964--965
[]\T1/lmr/bx/n/10.95 (+20) ChIP-seq: \T1/lmr/m/n/10.95 (+20) Re-serve for EN-CO
DE com-pa-ra-bil-ity, for tar-gets where
 []

[315]) (./chapters/ch16_3d_genome.tex [316]
Chapter 16.
[317

] [318] [319] [320] [321] [322]
Underfull \hbox (badness 2698) in paragraph at lines 395--395
[]|\T1/lmr/m/n/10 (+20) Gold stan-dard; genome-
 []

[323] [324] [325] [326]
Overfull \hbox (4.03795pt too wide) in paragraph at lines 523--524
[]\T1/lmr/m/n/10.95 (-20) The DI ap-proach is im-ple-mented in the orig-i-nal \
T1/lmtt/m/n/10.95 Juicer/Arrowhead \T1/lmr/m/n/10.95 (-20) tool and in \T1/lmtt
/m/n/10.95 HiCExplorer
 []

[327] [328] [329]
Underfull \vbox (badness 10000) has occurred while \output is active []

 [330]
Underfull \vbox (badness 10000) has occurred while \output is active []

 [331]
[332]
Underfull \vbox (badness 10000) has occurred while \output is active []

 [333]
Underfull \vbox (badness 10000) has occurred while \output is active []

 [334]
Underfull \vbox (badness 10000) has occurred while \output is active []

 [335]
[336]
Underfull \vbox (badness 2057) has occurred while \output is active []

 [337])
[338] [339

] [340] (./chapters/ch17_single_cell_multiomics.tex
Chapter 17.

Overfull \hbox (1.68924pt too wide) in paragraph at lines 5--6
[]\T1/lmr/m/n/10.95 (-20) Multiomics refers to the simultaneous measurement of 
two or more molecular modalities---
 []

[341

] [342] [343]
Underfull \vbox (badness 10000) has occurred while \output is active []

 [344]
[345] [346]

Package tabularx Warning: X Columns too narrow (table too wide)
(tabularx)                 on input line 224.


Overfull \hbox (37.78645pt too wide) in paragraph at lines 224--224
[]|\T1/lmr/bx/n/10 (-20) Approach| 
 []


Overfull \hbox (41.59978pt too wide) in paragraph at lines 224--224
[]|\T1/lmr/m/n/10 (-20) GRNBoost2
 []


Overfull \hbox (8.55621pt too wide) in paragraph at lines 224--224
\T1/lmr/m/n/10 (-20) gres-
 []


Overfull \hbox (6.93217pt too wide) in paragraph at lines 224--224
\T1/lmr/m/n/10 (-20) sion
 []


Underfull \hbox (badness 10000) in paragraph at lines 224--224
\T1/lmr/m/n/10 (+20) +
 []


Overfull \hbox (2.54008pt too wide) in paragraph at lines 224--224
\T1/lmr/m/n/10 (-20) cis-
 []


Overfull \hbox (6.21921pt too wide) in paragraph at lines 224--224
\T1/lmr/m/n/10 (-20) Tar-
 []


Overfull \hbox (2.79684pt too wide) in paragraph at lines 224--224
\T1/lmr/m/n/10 (-20) get
 []


Overfull \hbox (4.663pt too wide) in paragraph at lines 224--224
\T1/lmr/m/n/10 (-20) mo-
 []


Underfull \hbox (badness 10000) in paragraph at lines 224--224
\T1/lmr/m/n/10 (+20) tif
 []


Underfull \hbox (badness 10000) in paragraph at lines 224--224
\T1/lmr/m/n/10 fil-
 []


Overfull \hbox (3.60185pt too wide) in paragraph at lines 224--224
\T1/lmr/m/n/10 (-20) ter-
 []


Overfull \hbox (3.06657pt too wide) in paragraph at lines 224--224
\T1/lmr/m/n/10 (-20) ing| 
 []


Overfull \hbox (27.74597pt too wide) in paragraph at lines 224--224
[]|\T1/lmr/m/n/10 (-20) Bayesian
 []


Overfull \hbox (8.55621pt too wide) in paragraph at lines 224--224
\T1/lmr/m/n/10 (-20) gres-
 []


Overfull \hbox (6.93217pt too wide) in paragraph at lines 224--224
\T1/lmr/m/n/10 (-20) sion
 []


Overfull \hbox (8.69537pt too wide) in paragraph at lines 224--224
\T1/lmr/m/n/10 (-20) with
 []


Overfull \hbox (2.78499pt too wide) in paragraph at lines 224--224
\T1/lmr/m/n/10 (-20) TF
 []


Overfull \hbox (10.65201pt too wide) in paragraph at lines 224--224
\T1/lmr/m/n/10 (-20) bind-
 []


Overfull \hbox (3.06657pt too wide) in paragraph at lines 224--224
\T1/lmr/m/n/10 (-20) ing
 []


Overfull \hbox (4.75465pt too wide) in paragraph at lines 224--224
\T1/lmr/m/n/10 (-20) site
 []


Overfull \hbox (3.60158pt too wide) in paragraph at lines 224--224
\T1/lmr/m/n/10 (-20) pri-
 []


Overfull \hbox (2.60393pt too wide) in paragraph at lines 224--224
\T1/lmr/m/n/10 (-20) ors
 []


Overfull \hbox (9.89905pt too wide) in paragraph at lines 224--224
\T1/lmr/m/n/10 (-20) from
 []


Overfull \hbox (16.53065pt too wide) in paragraph at lines 224--224
\T1/lmr/m/n/10 (-20) ATAC| 
 []


Overfull \hbox (25.89133pt too wide) in paragraph at lines 224--224
[]|\T1/lmr/m/n/10 (-20) Context-
 []


Overfull \hbox (20.82121pt too wide) in paragraph at lines 224--224
\T1/lmr/m/n/10 (-20) specific
 []


Overfull \hbox (12.25385pt too wide) in paragraph at lines 224--224
\T1/lmr/m/n/10 (-20) GRN
 []


Overfull \hbox (0.90665pt too wide) in paragraph at lines 224--224
\T1/lmr/m/n/10 (-20) us-
 []


Overfull \hbox (3.06657pt too wide) in paragraph at lines 224--224
\T1/lmr/m/n/10 (-20) ing
 []


Overfull \hbox (9.3244pt too wide) in paragraph at lines 224--224
\T1/lmr/m/n/10 (-20) joint
 []


Overfull \hbox (11.53378pt too wide) in paragraph at lines 224--224
\T1/lmr/m/n/10 (-20) RNA
 []


Underfull \hbox (badness 10000) in paragraph at lines 224--224
\T1/lmr/m/n/10 (+20) +
 []


Overfull \hbox (16.53065pt too wide) in paragraph at lines 224--224
\T1/lmr/m/n/10 (-20) ATAC
 []


Overfull \hbox (8.69537pt too wide) in paragraph at lines 224--224
\T1/lmr/m/n/10 (-20) with
 []


Overfull \hbox (2.21347pt too wide) in paragraph at lines 224--224
\T1/lmr/m/n/10 (-20) dy-
 []


Overfull \hbox (15.58853pt too wide) in paragraph at lines 224--224
\T1/lmr/m/n/10 (-20) namic
 []


Overfull \hbox (10.38516pt too wide) in paragraph at lines 224--224
\T1/lmr/m/n/10 (-20) mod-
 []


Overfull \hbox (12.8666pt too wide) in paragraph at lines 224--224
\T1/lmr/m/n/10 (-20) elling| 
 []


Overfull \hbox (26.06886pt too wide) in paragraph at lines 224--224
[]|\T1/lmr/m/n/10 (-20) Random
 []


Overfull \hbox (3.32938pt too wide) in paragraph at lines 224--224
\T1/lmr/m/n/10 (-20) for-
 []


Overfull \hbox (1.76245pt too wide) in paragraph at lines 224--224
\T1/lmr/m/n/10 (-20) est
 []


Overfull \hbox (8.55621pt too wide) in paragraph at lines 224--224
\T1/lmr/m/n/10 (-20) gres-
 []


Overfull \hbox (6.93217pt too wide) in paragraph at lines 224--224
\T1/lmr/m/n/10 (-20) sion
 []


Underfull \hbox (badness 10000) in paragraph at lines 224--224
\T1/lmr/m/n/10 (+20) of
 []


Overfull \hbox (6.51498pt too wide) in paragraph at lines 224--224
\T1/lmr/m/n/10 (-20) TF--
 []


Overfull \hbox (9.05562pt too wide) in paragraph at lines 224--224
\T1/lmr/m/n/10 (-20) gene
 []


Underfull \hbox (badness 10000) in paragraph at lines 224--224
\T1/lmr/m/n/10 (+20) la-
 []


Overfull \hbox (8.47447pt too wide) in paragraph at lines 224--224
\T1/lmr/m/n/10 (-20) tion-
 []


Overfull \hbox (11.34216pt too wide) in paragraph at lines 224--224
\T1/lmr/m/n/10 (-20) ships| 
 []


Overfull \hbox (32.543pt too wide) in paragraph at lines 224--224
[]|\T1/lmr/m/n/10 (-20) Integrates
 []


Overfull \hbox (13.5502pt too wide) in paragraph at lines 224--224
\T1/lmr/m/n/10 (-20) peak--
 []


Overfull \hbox (9.05562pt too wide) in paragraph at lines 224--224
\T1/lmr/m/n/10 (-20) gene
 []


Overfull \hbox (4.69061pt too wide) in paragraph at lines 224--224
\T1/lmr/m/n/10 (-20) cor-
 []


Underfull \hbox (badness 10000) in paragraph at lines 224--224
\T1/lmr/m/n/10 (+20) la-
 []


Overfull \hbox (10.74341pt too wide) in paragraph at lines 224--224
\T1/lmr/m/n/10 (-20) tions
 []


Overfull \hbox (8.69537pt too wide) in paragraph at lines 224--224
\T1/lmr/m/n/10 (-20) with
 []


Overfull \hbox (2.78499pt too wide) in paragraph at lines 224--224
\T1/lmr/m/n/10 (-20) TF
 []


Overfull \hbox (4.663pt too wide) in paragraph at lines 224--224
\T1/lmr/m/n/10 (-20) mo-
 []


Underfull \hbox (badness 10000) in paragraph at lines 224--224
\T1/lmr/m/n/10 (+20) tif
 []


Overfull \hbox (1.39667pt too wide) in paragraph at lines 224--224
\T1/lmr/m/n/10 (-20) en-
 []


Overfull \hbox (7.67941pt too wide) in paragraph at lines 224--224
\T1/lmr/m/n/10 (-20) rich-
 []


Overfull \hbox (11.49979pt too wide) in paragraph at lines 224--224
\T1/lmr/m/n/10 (-20) ment| 
 []


Overfull \hbox (20.71886pt too wide) in paragraph at lines 224--224
[]|\T1/lmr/m/n/10 (-20) DORC-
 []


Overfull \hbox (14.00998pt too wide) in paragraph at lines 224--224
\T1/lmr/m/n/10 (-20) based
 []


Overfull \hbox (4.69061pt too wide) in paragraph at lines 224--224
\T1/lmr/m/n/10 (-20) reg-
 []


Underfull \hbox (badness 10000) in paragraph at lines 224--224
\T1/lmr/m/n/10 (+20) u-
 []


Underfull \hbox (badness 10000) in paragraph at lines 224--224
\T1/lmr/m/n/10 (+20) la-
 []


Overfull \hbox (7.35199pt too wide) in paragraph at lines 224--224
\T1/lmr/m/n/10 (-20) tory
 []


Underfull \hbox (badness 10000) in paragraph at lines 224--224
\T1/lmr/m/n/10 in-
 []


Overfull \hbox (2.785pt too wide) in paragraph at lines 224--224
\T1/lmr/m/n/10 (-20) fer-
 []


Overfull \hbox (8.51125pt too wide) in paragraph at lines 224--224
\T1/lmr/m/n/10 (-20) ence
 []


Overfull \hbox (7.65787pt too wide) in paragraph at lines 224--224
\T1/lmr/m/n/10 (-20) link-
 []


Overfull \hbox (3.06657pt too wide) in paragraph at lines 224--224
\T1/lmr/m/n/10 (-20) ing
 []


Overfull \hbox (2.78499pt too wide) in paragraph at lines 224--224
\T1/lmr/m/n/10 (-20) TF
 []


Overfull \hbox (0.85228pt too wide) in paragraph at lines 224--224
\T1/lmr/m/n/10 (-20) ac-
 []


Overfull \hbox (3.30252pt too wide) in paragraph at lines 224--224
\T1/lmr/m/n/10 (-20) tiv-
 []


Overfull \hbox (1.05807pt too wide) in paragraph at lines 224--224
\T1/lmr/m/n/10 (-20) ity
 []


Underfull \hbox (badness 10000) in paragraph at lines 224--224
\T1/lmr/m/n/10 (+20) to
 []


Overfull \hbox (9.05562pt too wide) in paragraph at lines 224--224
\T1/lmr/m/n/10 (-20) gene
 []


Overfull \hbox (10.38516pt too wide) in paragraph at lines 224--224
\T1/lmr/m/n/10 (-20) mod-
 []


Overfull \hbox (6.3878pt too wide) in paragraph at lines 224--224
\T1/lmr/m/n/10 (-20) ules| 
 []


Overfull \hbox (30.39096pt too wide) in alignment at lines 224--224
[][][][][] 
 []


LaTeX Warning: Float too large for page by 412.76431pt on input line 225.

[347] [348] [349] [350] [351] [352] [353] [354] [355] [356]
Underfull \vbox (badness 6300) has occurred while \output is active []

 [357]
Underfull \vbox (badness 10000) has occurred while \output is active []

 [358]
[359]
Underfull \vbox (badness 10000) has occurred while \output is active []

 [360]
Overfull \hbox (14.80203pt too wide) in paragraph at lines 866--866
 []\T1/lmr/bx/n/10 (-20) (Transcriptome) 
 []


Overfull \hbox (1.02902pt too wide) in paragraph at lines 871--871
 [][]\T1/lmr/bx/n/10 (-20) Perturbation 
 []

[361] [362]) (./chapters/ch18_specialized_applications.tex [363] [364

]
Chapter 18.

Underfull \vbox (badness 10000) has occurred while \output is active []

 [365]
[366] [367] [368] [369] [370] [371]
Underfull \hbox (badness 10000) in paragraph at lines 305--305
[]|\T1/lmr/m/n/10 (+20) Bayes Fac-tor us-ing
 []


Underfull \hbox (badness 10000) in paragraph at lines 305--305
\T1/lmr/m/n/10 (+20) essential/non-essential
 []


Overfull \hbox (19.87498pt too wide) in paragraph at lines 305--305
[]|\T1/lmr/bx/n/10 (-20) CRISPRcleanR|  
 []

[372] [373] [374]
Underfull \vbox (badness 4328) has occurred while \output is active []

 [375]
[376] [377] [378] [379] [380]
Underfull \vbox (badness 10000) has occurred while \output is active []

 [381]
[382]
Underfull \vbox (badness 6300) has occurred while \output is active []

 [383]
Underfull \vbox (badness 10000) has occurred while \output is active []

 [384]
Underfull \hbox (badness 10000) in paragraph at lines 871--871
[]|\T1/lmr/m/n/10 (+20) MAGeCK, BAGEL2,
 []

[385]
Overfull \hbox (2.89565pt too wide) in paragraph at lines 887--888
[]\T1/lmr/bx/n/10.95 (-20) T2T se-quenc-ing \T1/lmr/m/n/10.95 (-20) and \T1/lmr
/bx/n/10.95 (-20) op-ti-cal genome map-ping \T1/lmr/m/n/10.95 (-20) ad-dress ge
-nomic regions---centromeres,
 []

) (./chapters/ch19_emerging_technologies.tex [386]
Chapter 19.
[387

]
Overfull \hbox (0.95981pt too wide) in paragraph at lines 36--37
\T1/lmr/m/n/10.95 (-20) DNA has 4 canon-i-cal bases; pro-teins have 20 stan-dar
d amino acids (plus post-translational
 []


Underfull \vbox (badness 3690) has occurred while \output is active []

 [388]
Underfull \vbox (badness 1348) has occurred while \output is active []

 [389]
[390] [391] [392] [393] [394]
Underfull \vbox (badness 10000) has occurred while \output is active []

 [395]
[396] [397] [398]
(/usr/local/texlive/2023/texmf-dist/tex/latex/listings/lstlang1.sty
File: lstlang1.sty 2023/02/27 1.9 listings language file
)
(/usr/local/texlive/2023/texmf-dist/tex/latex/listings/lstlang1.sty
File: lstlang1.sty 2023/02/27 1.9 listings language file
)
Overfull \hbox (2.51337pt too wide) in paragraph at lines 395--396
\T1/lmr/m/n/10.95 (-20) rated by clin-i-cal lab-o-ra-to-ries world-wide. Fil-te
r your VCF for Clin-Var \T1/lmtt/m/n/10.95 CLNSIG=Pathogenic
 []

[399]
Overfull \hbox (4.49785pt too wide) in paragraph at lines 438--439
[]\T1/lmr/bx/n/10.95 (-20) Infrastructure: \T1/lmr/m/n/10.95 (-20) High-through
put se-quenc-ing re-quires re-li-able elec-tric-ity, high-bandwidth
 []

[400]
Overfull \hbox (6.29736pt too wide) in paragraph at lines 457--457
[]|\T1/lmr/m/n/10 (-20) Ancestry, 
 []


Overfull \hbox (8.56932pt too wide) in paragraph at lines 457--457
[]|\T1/lmr/m/n/10 (-20) Polygenic 
 []


Overfull \hbox (8.43823pt too wide) in paragraph at lines 457--457
[]|\T1/lmr/m/n/10 (-20) Complete 
 []


Overfull \hbox (2.88342pt too wide) in paragraph at lines 457--457
[]|\T1/lmr/m/n/10 (-20) Phasing, 
 []


Overfull \hbox (14.00983pt too wide) in paragraph at lines 465--465
|[]\T1/lmr/bx/n/14.4 (-20) Integration of Multi-Omics with Elec-tronic Health R
ecords| 
 []

[401]
Overfull \hbox (4.04427pt too wide) in paragraph at lines 478--478
|[]\T1/lmr/bx/n/14.4 (-20) Pangenomics: Mov-ing Be-yond Sin-gle Ref-er-ence Gen
omes| 
 []

[402] [403] [404] [405] [406]
Underfull \vbox (badness 10000) has occurred while \output is active []

 [407]
[408]
Underfull \vbox (badness 10000) has occurred while \output is active []

 [409]
Overfull \hbox (29.60732pt too wide) in paragraph at lines 909--910
 [][] 
 []


Overfull \hbox (17.55588pt too wide) in paragraph at lines 969--970
 [][] 
 []

[410] [411]) [412] [413

] [414] (./chapters/ch20_bioinformatics_fundamentals.tex
Chapter 20.
[415

]
Overfull \hbox (60.15674pt too wide) in paragraph at lines 72--73
\T1/lmtt/m/n/10.95 edgeR\T1/lmr/m/n/10.95 (-20) , \T1/lmtt/m/n/10.95 GenomicRan
ges\T1/lmr/m/n/10.95 (-20) , and hun-dreds of oth-ers. Pack-ages are in-stalled
 via \T1/lmtt/m/n/10.95 BiocManager::install()\T1/lmr/m/n/10.95 (-20) . 
 []


Overfull \hbox (61.98087pt too wide) in paragraph at lines 77--78
[][][][][][][][][][][][][][][][][][][][][][][][][][]  
 []

[416] [417] [418] [419]
Overfull \hbox (3.25223pt too wide) in paragraph at lines 239--240
[]\T1/lmr/m/n/10.95 (-20) FASTQ files are al-most al-ways gzip-compressed (\T1/
lmtt/m/n/10.95 .fastq.gz\T1/lmr/m/n/10.95 (-20) ) be-cause raw data is enormous
---
 []

[420] [421] [422]
Overfull \hbox (18.27821pt too wide) in paragraph at lines 388--389
\T1/lmtt/m/n/10.95 samtools \T1/lmr/m/n/10.95 (-20) is the most fun-da-men-tal 
bioin-for-mat-ics tool, pro-vid-ing op-er-a-tions on SAM/BAM/CRAM
 []

[423] [424] [425] [426] [427]
Underfull \hbox (badness 1661) in paragraph at lines 635--635
[]|\T1/lmr/m/n/10 (+20) BWA-MEM, BWA-MEM2,
 []


Underfull \hbox (badness 10000) in paragraph at lines 635--635
[]|\T1/lmr/m/n/10 (+20) SSW li-brary, Para-sail,
 []


Underfull \hbox (badness 10000) in paragraph at lines 635--635
[]|\T1/lmr/m/n/10 (+20) BWA-MEM2, min-imap2,
 []


Underfull \hbox (badness 10000) in paragraph at lines 635--635
[]|\T1/lmr/m/n/10 (+20) minimap2, Kraken2,
 []

[428] [429] (/usr/local/texlive/2023/texmf-dist/tex/latex/listings/lstlang1.sty
File: lstlang1.sty 2023/02/27 1.9 listings language file
) (/usr/local/texlive/2023/texmf-dist/tex/latex/listings/lstlang2.sty
File: lstlang2.sty 2023/02/27 1.9 listings language file
)
(/usr/local/texlive/2023/texmf-dist/tex/latex/listings/lstlang3.sty
File: lstlang3.sty 2023/02/27 1.9 listings language file
) [430]
[431]
Underfull \vbox (badness 3260) has occurred while \output is active []

 [432]
Overfull \hbox (1.37251pt too wide) in paragraph at lines 892--893
[]\T1/lmr/bx/n/10.95 (-20) Channel op-er-a-tors: \T1/lmtt/m/n/10.95 map\T1/lmr/
m/n/10.95 (-20) , \T1/lmtt/m/n/10.95 filter\T1/lmr/m/n/10.95 (-20) , \T1/lmtt/m
/n/10.95 collect\T1/lmr/m/n/10.95 (-20) , \T1/lmtt/m/n/10.95 combine\T1/lmr/m/n
/10.95 (-20) , \T1/lmtt/m/n/10.95 groupTuple\T1/lmr/m/n/10.95 (-20) , \T1/lmtt/
m/n/10.95 flatten\T1/lmr/m/n/10.95 (-20) ---powerful
 []

[433] [434] [435] [436]
Overfull \hbox (28.07484pt too wide) in paragraph at lines 1104--1105
\T1/lmr/m/n/10.95 (-20) vari-ant call-ing), \T1/lmtt/m/n/10.95 nf-core/atacseq 
\T1/lmr/m/n/10.95 (-20) (ATAC-seq), \T1/lmtt/m/n/10.95 nf-core/chipseq \T1/lmr/
m/n/10.95 (-20) (ChIP-seq), \T1/lmtt/m/n/10.95 nf-core/methylseq
 []

[437] [438]
Overfull \hbox (44.48453pt too wide) in paragraph at lines 1220--1221
 [][] 
 []

[439] [440]) (./chapters/ch21_analysis_workflows.tex [441] [442

]
Chapter 21.
[443] [444]
Underfull \vbox (badness 10000) has occurred while \output is active []

 [445]
Underfull \vbox (badness 10000) has occurred while \output is active []

 [446]
[447]
Underfull \vbox (badness 10000) has occurred while \output is active []

 [448]
[449] [450]
Underfull \vbox (badness 10000) has occurred while \output is active []

 [451]
[452] [453] [454]
Underfull \vbox (badness 10000) has occurred while \output is active []

 [455]
[456]
Underfull \vbox (badness 10000) has occurred while \output is active []

 [457]
Underfull \vbox (badness 10000) has occurred while \output is active []

 [458]
[459]
Underfull \vbox (badness 10000) has occurred while \output is active []

 [460]
[461]
Underfull \vbox (badness 10000) has occurred while \output is active []

 [462]
[463] [464]
Underfull \vbox (badness 10000) has occurred while \output is active []

 [465]
[466]
Underfull \hbox (badness 10000) in paragraph at lines 1342--1342
[]|\T1/lmr/m/n/10 (+20) Closed-source; re-
 []

[467] [468]
Underfull \vbox (badness 10000) has occurred while \output is active []

 [469]
[470] [471] [472] [473]
Underfull \vbox (badness 10000) has occurred while \output is active []

 [474]
[475]
Overfull \hbox (52.18488pt too wide) in alignment at lines 1792--1792
[][][][][] 
 []

[476] [477]) (./chapters/ch22_experimental_design.tex [478]
Chapter 22.
[479

]
Underfull \hbox (badness 1325) in paragraph at lines 71--71
[]|\T1/lmr/m/n/10 (+20) Deeply se-quenced; repli-cates im-prove
 []


Underfull \vbox (badness 10000) has occurred while \output is active []

 [480]
Underfull \hbox (badness 10000) in paragraph at lines 125--125
[]|\T1/lmr/m/n/10 (+20) Standard for
 []


Underfull \hbox (badness 1237) in paragraph at lines 125--125
\T1/lmr/m/n/10 (+20) clin-i-cal and re-
 []


Underfull \hbox (badness 10000) in paragraph at lines 125--125
\T1/lmr/m/n/10 (+20) or struc-tural
 []


Underfull \hbox (badness 10000) in paragraph at lines 125--125
[]|\T1/lmr/m/n/10 (+20) Higher tu-
 []


Underfull \hbox (badness 10000) in paragraph at lines 125--125
\T1/lmr/m/n/10 (+20) mor depth
 []


Underfull \hbox (badness 10000) in paragraph at lines 125--125
\T1/lmr/m/n/10 (+20) Ultra-deep
 []


Underfull \hbox (badness 10000) in paragraph at lines 125--125
\T1/lmr/m/n/10 (+20) ($\OML/lmm/m/it/10 >$\T1/lmr/m/n/10 (+20) 200$\OMS/lmsy/m/
n/10 ^^B$\T1/lmr/m/n/10 (+20) ) for
 []


Underfull \hbox (badness 10000) in paragraph at lines 125--125
\T1/lmr/m/n/10 (+20) cfD-NA/liq-uid
 []


Underfull \hbox (badness 10000) in paragraph at lines 125--125
[]|\T1/lmr/m/n/10 (+20) Actual unique
 []


Underfull \hbox (badness 10000) in paragraph at lines 125--125
\T1/lmr/m/n/10 (+20) cov-er-age de-
 []


Underfull \hbox (badness 10000) in paragraph at lines 125--125
\T1/lmr/m/n/10 (+20) ex-pres-sion of
 []


Underfull \hbox (badness 10000) in paragraph at lines 125--125
\T1/lmr/m/n/10 (+20) medium-to-high
 []


Underfull \hbox (badness 5022) in paragraph at lines 125--125
\T1/lmr/m/n/10 (+20) ing needed to
 []


Underfull \hbox (badness 10000) in paragraph at lines 125--125
\T1/lmr/m/n/10 (+20) cells at lower
 []


Underfull \hbox (badness 1184) in paragraph at lines 125--125
\T1/lmr/m/n/10 (+20) depth vs fewer
 []


Underfull \hbox (badness 2818) in paragraph at lines 125--125
\T1/lmr/m/n/10 (+20) cells at higher
 []


Underfull \hbox (badness 10000) in paragraph at lines 125--125
\T1/lmr/m/n/10 (+20) ap-pli-ca-tions,
 []


Underfull \hbox (badness 10000) in paragraph at lines 125--125
\T1/lmr/m/n/10 (+20) more cells is
 []


Underfull \hbox (badness 10000) in paragraph at lines 125--125
\T1/lmr/m/n/10 (+20) i-mum 5,000
 []


Underfull \hbox (badness 10000) in paragraph at lines 125--125
[]|\T1/lmr/m/n/10 (+20) After fil-ter-ing
 []


Underfull \hbox (badness 10000) in paragraph at lines 125--125
\T1/lmr/m/n/10 (+20) (mi-to-chon-drial,
 []


Underfull \hbox (badness 10000) in paragraph at lines 125--125
\T1/lmr/m/n/10 (+20) du-pli-cates),
 []


Underfull \hbox (badness 2961) in paragraph at lines 125--125
\T1/lmr/m/n/10 (+20) ex-pect 25--50M
 []


Underfull \hbox (badness 10000) in paragraph at lines 125--125
\T1/lmr/m/n/10 (+20) Paired-end se-
 []


Underfull \hbox (badness 10000) in paragraph at lines 125--125
\T1/lmr/m/n/10 (+20) quenc-ing re-
 []


Underfull \hbox (badness 10000) in paragraph at lines 125--125
[]|\T1/lmr/m/n/10 (+20) For tran-scrip-
 []


Underfull \hbox (badness 10000) in paragraph at lines 125--125
\T1/lmr/m/n/10 (+20) tion fac-tors
 []


Underfull \hbox (badness 10000) in paragraph at lines 125--125
\T1/lmr/m/n/10 (+20) and H3K4me3.
 []


Underfull \hbox (badness 10000) in paragraph at lines 125--125
\T1/lmr/m/n/10 (+20) EN-CODE rec-
 []


Underfull \hbox (badness 10000) in paragraph at lines 125--125
\T1/lmr/m/n/10 (+20) om-mends 20M
 []


Underfull \hbox (badness 10000) in paragraph at lines 125--125
\T1/lmr/m/n/10 (+20) us-able reads
 []


Underfull \hbox (badness 10000) in paragraph at lines 125--125
\T1/lmr/m/n/10 (+20) H3K36me3,
 []


Underfull \hbox (badness 10000) in paragraph at lines 125--125
\T1/lmr/m/n/10 (+20) H3K9me3.
 []


Underfull \hbox (badness 10000) in paragraph at lines 125--125
\T1/lmr/m/n/10 (+20) Broader do-
 []


Underfull \hbox (badness 10000) in paragraph at lines 125--125
\T1/lmr/m/n/10 (+20) mains re-quire
 []


Underfull \hbox (badness 3646) in paragraph at lines 125--125
\T1/lmr/m/n/10 (+20) more reads to
 []


Underfull \hbox (badness 7613) in paragraph at lines 125--125
[]|\T1/lmr/m/n/10 (+20) CUT&Tag has
 []


Underfull \hbox (badness 10000) in paragraph at lines 125--125
\T1/lmr/m/n/10 (+20) much lower
 []


Underfull \hbox (badness 10000) in paragraph at lines 125--125
\T1/lmr/m/n/10 (+20) back-ground
 []


Underfull \hbox (badness 4805) in paragraph at lines 125--125
\T1/lmr/m/n/10 (+20) than ChIP-seq,
 []


Underfull \hbox (badness 10000) in paragraph at lines 125--125
\T1/lmr/m/n/10 (+20) re-quir-ing far
 []


Underfull \hbox (badness 7273) in paragraph at lines 125--125
\T1/lmr/m/n/10 (+20) pairs for 1kb
 []


Underfull \hbox (badness 4001) in paragraph at lines 125--125
\T1/lmr/m/n/10 (+20) res-o-lu-tion; 50--
 []


Underfull \hbox (badness 1019) in paragraph at lines 125--125
\T1/lmr/m/n/10 (+20) 100M for TAD
 []


Underfull \hbox (badness 10000) in paragraph at lines 125--125
[]|\T1/lmr/m/n/10 (+20) 10$\OMS/lmsy/m/n/10 ^^B$ \T1/lmr/m/n/10 (+20) min-i-mum

 []


Underfull \hbox (badness 10000) in paragraph at lines 125--125
\T1/lmr/m/n/10 (+20) for con-fi-dent
 []


Underfull \hbox (badness 5504) in paragraph at lines 125--125
[]|\T1/lmr/m/n/10 (+20) Reduced rep-re-
 []


Underfull \hbox (badness 10000) in paragraph at lines 125--125
\T1/lmr/m/n/10 (+20) CpG-rich re-
 []


Underfull \hbox (badness 10000) in paragraph at lines 125--125
\T1/lmr/m/n/10 (+20) for com-mu-nity
 []


Underfull \hbox (badness 3138) in paragraph at lines 125--125
\T1/lmr/m/n/10 (+20) for rare taxon
 []


Underfull \hbox (badness 3302) in paragraph at lines 125--125
\T1/lmr/m/n/10 (+20) level res-o-lu-tion
 []


LaTeX Warning: Float too large for page by 639.88924pt on input line 126.


Underfull \hbox (badness 1552) in paragraph at lines 167--167
[]|\T1/lmr/m/n/10 (+20) Longer reads im-prove map-ping of bisulfite-
 []

[481] [482] [483] [484]
Underfull \hbox (badness 1112) in paragraph at lines 308--308
\T1/lmr/m/n/10 (+20) val-i-da-tion of spe-cific
 []


Underfull \hbox (badness 4378) in paragraph at lines 308--308
\T1/lmr/m/n/10 (+20) wide dis-cov-ery (DE
 []


Underfull \hbox (badness 3039) in paragraph at lines 308--308
\T1/lmr/m/n/10 (+20) ate (e.g., mean ex-
 []


Underfull \vbox (badness 2875) has occurred while \output is active []

 [485]
[486] [487] [488]
Overfull \hbox (29.25256pt too wide) in paragraph at lines 507--508
 [][] 
 []

[489] [490] [491] [492]
Overfull \hbox (150.08072pt too wide) in paragraph at lines 698--699
 [][] 
 []


Underfull \hbox (badness 1635) in paragraph at lines 732--732
[]|\T1/lmr/m/n/10 (+20) Higher depth for low-
 []


Underfull \hbox (badness 1694) in paragraph at lines 732--732
[]|\T1/lmr/m/n/10 (+20) Long reads help with
 []


Underfull \hbox (badness 6842) in paragraph at lines 732--732
[]|\T1/lmr/m/n/10 (+20) Remove mi-to-chon-drial
 []


Underfull \hbox (badness 4084) in paragraph at lines 732--732
[]|\T1/lmr/m/n/10 (+20) Very low back-ground;
 []


Underfull \hbox (badness 1137) in paragraph at lines 732--732
[]|\T1/lmr/m/n/10 (+20) Check bisul-fite con-ver-
 []

[493] [494]) (./chapters/ch23_data_standards.tex [495] [496

]
Chapter 23.
[497] [498] [499] [500] [501]
Overfull \hbox (4.23103pt too wide) in paragraph at lines 270--272
[][][][][][][][][][][][][][][][][][][][][][][][]  
 []

[502] [503] [504] [505] [506]
Underfull \hbox (badness 5847) in paragraph at lines 531--531
[]|\T1/lmr/m/n/10 (+20) Regenerable from FASTQ;
 []

[507]
Underfull \hbox (badness 10000) in paragraph at lines 590--590
[]|\T1/lmr/m/n/10 (+20) Applies to ``cov-ered en-ti-ties''
 []


Underfull \hbox (badness 3281) in paragraph at lines 590--590
\T1/lmr/m/n/10 (+20) (health-care providers, in-sur-ers)
 []


Underfull \hbox (badness 10000) in paragraph at lines 590--590
[]|\T1/lmr/m/n/10 (+20) Protected Health In-for-ma-tion
 []


Underfull \hbox (badness 1112) in paragraph at lines 590--590
[]|\T1/lmr/m/n/10 (+20) Explicitly clas-si-fied as ``ge-netic
 []

[508] [509] [510]
Underfull \hbox (badness 10000) in paragraph at lines 705--705
[]|\T1/lmr/m/n/10 (+20) Active
 []


Underfull \hbox (badness 10000) in paragraph at lines 705--705
\T1/lmr/m/n/10 (+20) anal-y-sis
 []


Overfull \hbox (5.76036pt too wide) in paragraph at lines 705--705
[]|\T1/lmr/m/n/10 (-20) Intermediate
 []


Underfull \hbox (badness 10000) in paragraph at lines 705--705
\T1/lmr/m/n/10 (+20) files ac-
 []


Underfull \hbox (badness 10000) in paragraph at lines 705--705
\T1/lmr/m/n/10 (+20) cessed
 []


Underfull \hbox (badness 10000) in paragraph at lines 705--705
\T1/lmr/m/n/10 (+20) oc-ca-sion-
 []


Underfull \hbox (badness 10000) in paragraph at lines 705--705
[]|\T1/lmr/m/n/10 (+20) Processed
 []


Underfull \hbox (badness 10000) in paragraph at lines 705--705
\T1/lmr/m/n/10 (+20) re-sults
 []


Underfull \hbox (badness 4303) in paragraph at lines 705--705
[]|\T1/lmr/m/n/10 (+20) Raw data
 []


Underfull \hbox (badness 10000) in paragraph at lines 705--705
[]|\T1/lmr/m/n/10 (+20) Long-term
 []


Underfull \hbox (badness 10000) in paragraph at lines 705--705
\T1/lmr/m/n/10 (+20) archival
 []


Underfull \hbox (badness 10000) in paragraph at lines 705--705
\T1/lmr/m/n/10 (+20) (FASTQ,
 []

[511]
Underfull \vbox (badness 10000) has occurred while \output is active []

 [512]
[513] [514] [515]) [516] [517

] [518] (./chapters/ch24_accessible_sequencing.tex
Chapter 24.
[519

]
Underfull \hbox (badness 10000) in paragraph at lines 44--44
\T1/lmr/m/n/10 (+20) cons, tar-geted
 []


Underfull \hbox (badness 10000) in paragraph at lines 44--44
[]|\T1/lmr/m/n/10 (+20) Human [][][]WGS[][],
 []


Underfull \hbox (badness 10000) in paragraph at lines 44--44
\T1/lmr/m/n/10 (+20) large genomes,
 []


Underfull \hbox (badness 10000) in paragraph at lines 44--44
[]|\T1/lmr/m/n/10 (+20) Small pan-
 []


Underfull \hbox (badness 10000) in paragraph at lines 44--44
\T1/lmr/m/n/10 (+20) els, 16S, low-
 []

[520] [521]
Underfull \hbox (badness 10000) in alignment at lines 129--129
[][][][][] 
 []

[522] [523] [524]
Underfull \vbox (badness 10000) has occurred while \output is active []

 [525]
Underfull \hbox (badness 6961) in paragraph at lines 326--326
[]|\T1/lmr/m/n/10 (+20) Manual flick-ing (not rec-om-
 []

[526] [527] [528] [529] [530] [531]

Package tabularx Warning: X Columns too narrow (table too wide)
(tabularx)                 on input line 581.


Overfull \hbox (26.30003pt too wide) in paragraph at lines 581--581
[]|\T1/lmr/bx/n/10 (-20) Project| 
 []


Overfull \hbox (28.54652pt too wide) in paragraph at lines 581--581
[]|\T1/lmr/m/n/10 (-20) Bacterial
 []


Overfull \hbox (22.12195pt too wide) in paragraph at lines 581--581
\T1/lmr/m/n/10 (-20) genome
 []


Overfull \hbox (6.27008pt too wide) in paragraph at lines 581--581
\T1/lmr/m/n/10 (-20) (sin-
 []


Overfull \hbox (5.78905pt too wide) in paragraph at lines 581--581
\T1/lmr/m/n/10 (-20) gle)| 
 []


Overfull \hbox (5.24437pt too wide) in paragraph at lines 581--581
[]|\T1/lmr/m/n/10 (-20) 16S
 []


Overfull \hbox (4.663pt too wide) in paragraph at lines 581--581
\T1/lmr/m/n/10 (-20) am-
 []


Overfull \hbox (2.48544pt too wide) in paragraph at lines 581--581
\T1/lmr/m/n/10 (-20) pli-
 []


Overfull \hbox (4.7pt too wide) in paragraph at lines 581--581
\T1/lmr/m/n/10 (-20) con
 []


Overfull \hbox (2.09122pt too wide) in paragraph at lines 581--581
\T1/lmr/m/n/10 (-20) (24
 []


Overfull \hbox (8.5286pt too wide) in paragraph at lines 581--581
\T1/lmr/m/n/10 (-20) sam-
 []


Overfull \hbox (10.19904pt too wide) in paragraph at lines 581--581
\T1/lmr/m/n/10 (-20) ples)| 
 []


Overfull \hbox (18.97504pt too wide) in paragraph at lines 581--581
[]|\T1/lmr/m/n/10 (-20) Fungal
 []


Overfull \hbox (22.12195pt too wide) in paragraph at lines 581--581
\T1/lmr/m/n/10 (-20) genome| 
 []


Overfull \hbox (42.45406pt too wide) in paragraph at lines 581--581
[]|\T1/lmr/m/n/10 (-20) Plant/insect
 []


Overfull \hbox (22.12195pt too wide) in paragraph at lines 581--581
\T1/lmr/m/n/10 (-20) genome| 
 []


Overfull \hbox (21.3051pt too wide) in paragraph at lines 581--581
[]|\T1/lmr/m/n/10 (-20) Human
 []


Overfull \hbox (12.41908pt too wide) in paragraph at lines 581--581
[][][]\T1/lmr/m/n/10 (-20) WGS[][]
 []


Overfull \hbox (14.03026pt too wide) in paragraph at lines 581--581
\T1/lmr/m/n/10 (-20) (30$\OMS/lmsy/m/n/10 ^^B$\T1/lmr/m/n/10 (-20) )| 
 []


Overfull \hbox (11.53273pt too wide) in paragraph at lines 581--581
[]|\T1/lmr/m/n/10 (-20) Viral
 []


Overfull \hbox (22.12195pt too wide) in paragraph at lines 581--581
\T1/lmr/m/n/10 (-20) genome| 
 []


Overfull \hbox (16.16185pt too wide) in paragraph at lines 581--581
[]|\T1/lmr/m/n/10 (-20) eDNA
 []


Overfull \hbox (19.24243pt too wide) in paragraph at lines 581--581
\T1/lmr/m/n/10 (-20) species
 []


Overfull \hbox (1.39667pt too wide) in paragraph at lines 581--581
\T1/lmr/m/n/10 (-20) de-
 []


Overfull \hbox (4.11914pt too wide) in paragraph at lines 581--581
\T1/lmr/m/n/10 (-20) tec-
 []


Overfull \hbox (6.8778pt too wide) in paragraph at lines 581--581
\T1/lmr/m/n/10 (-20) tion| 
 []


Overfull \hbox (11.36403pt too wide) in paragraph at lines 581--581
[]|\T1/lmr/m/n/10 (-20) Food
 []


Overfull \hbox (1.94104pt too wide) in paragraph at lines 581--581
\T1/lmr/m/n/10 (-20) au-
 []


Overfull \hbox (10.65228pt too wide) in paragraph at lines 581--581
\T1/lmr/m/n/10 (-20) then-
 []


Underfull \hbox (badness 10000) in paragraph at lines 581--581
\T1/lmr/m/n/10 (+20) ti-
 []


Overfull \hbox (0.85228pt too wide) in paragraph at lines 581--581
\T1/lmr/m/n/10 (-20) ca-
 []


Overfull \hbox (6.8778pt too wide) in paragraph at lines 581--581
\T1/lmr/m/n/10 (-20) tion| 
 []


Overfull \hbox (23.2807pt too wide) in alignment at lines 581--581
[][][][][] 
 []


Underfull \vbox (badness 10000) has occurred while \output is active []

 [532]
[533] [534]
Underfull \hbox (badness 1242) in paragraph at lines 711--711
\T1/lmr/m/n/10 (+20) for adul-ter-ation with corn syrup and
 []

[535] [536] [537] [538]
Overfull \hbox (4.89441pt too wide) in paragraph at lines 828--828
|[]\T1/lmr/bx/n/14.4 (-20) Building a Sus-tain-able Ac-ces-si-ble Se-quenc-ing 
Pro-gramme| 
 []

[539] [540]) (./chapters/ch25_practical_protocols.tex [541] [542]
Chapter 25.
[543

]
Underfull \hbox (badness 2512) in paragraph at lines 70--70
[]|\T1/lmr/m/n/10 (+20) Burns, liv-er/kid-
 []


Underfull \hbox (badness 1721) in paragraph at lines 70--70
[]|\T1/lmr/m/n/10 (+20) Harmful if swal-
 []


Underfull \hbox (badness 10000) in paragraph at lines 70--70
\T1/lmr/m/n/10 (+20) re-acts vi-o-lently
 []


Underfull \hbox (badness 10000) in paragraph at lines 70--70
\T1/lmr/m/n/10 (+20) with bleach to
 []


Underfull \hbox (badness 2469) in paragraph at lines 70--70
\T1/lmr/m/n/10 (+20) eye and res-pi-ra-
 []


Underfull \hbox (badness 10000) in paragraph at lines 70--70
\T1/lmr/m/n/10 (+20) chlo-rine gas if
 []

[544] [545]
Underfull \hbox (badness 1168) in paragraph at lines 109--110
[]\T1/lmr/bx/n/10.95 (+20) No in-hibitors: \T1/lmr/m/n/10.95 (+20) Free of [][]
[]PCR[][] in-hibitors (hu-mic acids, polysac-cha-rides,
 []


Underfull \hbox (badness 10000) in paragraph at lines 142--142
[]|\T1/lmr/m/n/10 (+20) Includes col-lec-tion
 []


Underfull \hbox (badness 2088) in paragraph at lines 142--142
[]|\T1/lmr/m/n/10 (+20) Cat. No. 69504 (50
 []


Underfull \hbox (badness 4859) in paragraph at lines 142--142
[]|\T1/lmr/m/n/10 (+20) Also avail-able sep-a-
 []


Underfull \hbox (badness 10000) in paragraph at lines 142--142
[]|\T1/lmr/m/n/10 (+20) Molecular bi-ol-ogy
 []


Underfull \hbox (badness 10000) in paragraph at lines 142--142
[]|\T1/lmr/m/n/10 (+20) Temperature-
 []


Underfull \hbox (badness 10000) in paragraph at lines 142--142
[]|\T1/lmr/m/n/10 (+20) For A260/280 and
 []


Underfull \vbox (badness 10000) has occurred while \output is active []

 [546]
Overfull \vbox (75.32062pt too high) has occurred while \output is active []


[547]
Overfull \hbox (6.71362pt too wide) in paragraph at lines 219--220
\T1/lmr/m/n/10.95 (-20) Environmental DNA (eDNA) anal-y-sis de-tects or-gan-ism
s from DNA shed into their environment---
 []

[548]
Underfull \vbox (badness 10000) has occurred while \output is active []

 [549]
[550]
Underfull \vbox (badness 10000) has occurred while \output is active []

 [551]
[552]
Underfull \vbox (badness 1028) has occurred while \output is active []

 [553]
[554]
Overfull \vbox (55.64622pt too high) has occurred while \output is active []


[555]
Underfull \vbox (badness 10000) has occurred while \output is active []

 [556]
Overfull \vbox (188.78932pt too high) has occurred while \output is active []


[557]
Underfull \hbox (badness 1448) in paragraph at lines 655--655
[]|\T1/lmr/m/n/10 (+20) Post end-prep cleanup; re-move adapter
 []


Underfull \hbox (badness 10000) in paragraph at lines 691--691
[]|\T1/lmr/m/n/10 (+20) Fungal-biased
 []


Underfull \vbox (badness 2012) has occurred while \output is active []

 [558]
Underfull \hbox (badness 1533) in paragraph at lines 718--718
[]|\T1/lmr/m/n/10 (+20) 55\TS1/lmr/m/n/10 (+20) °\T1/lmr/m/n/10 (+20) C works f
or both 27F/1492R and
 []


Underfull \vbox (badness 10000) has occurred while \output is active []

 [559]
Underfull \vbox (badness 10000) has occurred while \output is active []

 [560]
Underfull \vbox (badness 10000) has occurred while \output is active []

 [561]
Underfull \vbox (badness 10000) has occurred while \output is active []

 [562]
Underfull \vbox (badness 10000) has occurred while \output is active []

 [563]
Underfull \hbox (badness 5147) in paragraph at lines 919--919
[]|\T1/lmr/m/n/10 (+20) Guanidinium, ethanol, or
 []


Underfull \hbox (badness 1769) in paragraph at lines 925--925
[]|\T1/lmr/m/n/10 (+20) Low pore oc-cu-pancy
 []


Underfull \hbox (badness 1147) in paragraph at lines 925--925
[]|\T1/lmr/m/n/10 (+20) Insufficient li-brary, load-ing
 []


Underfull \hbox (badness 10000) in paragraph at lines 931--931
[]|\T1/lmr/m/n/10 (+20) Short reads ($\OML/lmm/m/it/10 <$\T1/lmr/m/n/10 (+20) 1
kb
 []


Underfull \hbox (badness 5022) in paragraph at lines 937--937
[]|\T1/lmr/m/n/10 (+20) High adapter dimer
 []


Underfull \hbox (badness 3271) in paragraph at lines 937--937
[]|\T1/lmr/m/n/10 (+20) Excessive adapter in lig-a-
 []


Underfull \hbox (badness 10000) in paragraph at lines 940--940
[]|\T1/lmr/m/n/10 (+20) Low qual-ity scores
 []


Underfull \hbox (badness 3635) in paragraph at lines 940--940
[]|\T1/lmr/m/n/10 (+20) Old flow cell, base-call-ing
 []


Underfull \hbox (badness 6110) in paragraph at lines 946--946
[]|\T1/lmr/m/n/10 (+20) Poor bar-code lig-a-tion or
 []


Underfull \hbox (badness 10000) in paragraph at lines 952--952
[]|\T1/lmr/m/n/10 (+20) Multiple am-pli-con
 []


Underfull \hbox (badness 10000) in paragraph at lines 955--955
[]|\T1/lmr/m/n/10 (+20) MinKNOW soft-ware
 []


Underfull \hbox (badness 5119) in paragraph at lines 955--955
[]|\T1/lmr/m/n/10 (+20) Insufficient disk space or
 []


LaTeX Warning: Float too large for page by 111.26474pt on input line 967.

[564] [565] [566]

LaTeX Warning: Reference `ch:datastd' on page 1 undefined on input line 1080.

) (./chapters/ch26_diy_analysis.tex [567] [568]
Chapter 26.
[569

] [570]
Underfull \hbox (badness 10000) in paragraph at lines 113--113
[]|\T1/lmr/m/n/10.95 (+20) ZymoBIOMICS mock com-mu-nity,
 []


Underfull \hbox (badness 10000) in paragraph at lines 157--157
[]|\T1/lmr/m/n/10.95 (+20) Real-time mon-
 []


Underfull \hbox (badness 10000) in paragraph at lines 157--157
\T1/lmr/m/n/10.95 (+20) i-tor-ing, quick
 []


Underfull \hbox (badness 10000) in paragraph at lines 157--157
[]|\T1/lmr/m/n/10.95 (+20) Standard anal-y-
 []


Underfull \hbox (badness 10000) in paragraph at lines 157--157
[]|\T1/lmr/m/n/10.95 (+20) Variant call-
 []


Underfull \hbox (badness 10000) in paragraph at lines 157--157
\T1/lmr/m/n/10.95 (+20) ing, as-sem-bly,
 []


Underfull \hbox (badness 10000) in paragraph at lines 157--157
\T1/lmr/m/n/10.95 (+20) publication-
 []

[571]
Underfull \vbox (badness 10000) has occurred while \output is active []

 [572]
[573] [574]
Underfull \hbox (badness 10000) in paragraph at lines 322--322
[]|\T1/lmr/m/n/10.95 (+20) Optimise DNA ex-trac-tion
 []


Underfull \hbox (badness 1371) in paragraph at lines 322--322
[]|$\OML/lmm/m/it/10.95 <$\T1/lmr/m/n/10.95 (+20) 5% of reads with resid-ual
 []


Underfull \hbox (badness 2285) in paragraph at lines 322--322
[]|$\OML/lmm/m/it/10.95 <$\T1/lmr/m/n/10.95 (+20) 3$\OMS/lmsy/m/n/10.95 ^^B$ \T
1/lmr/m/n/10.95 (+20) co-ef-fi-cient of vari-a-tion
 []

[575] [576] [577] [578] [579]
Underfull \vbox (badness 10000) has occurred while \output is active []

 [580]
Underfull \vbox (badness 10000) has occurred while \output is active []

 [581]
[582]
Underfull \vbox (badness 10000) has occurred while \output is active []

 [583]
Underfull \vbox (badness 10000) has occurred while \output is active []

 [584]
[585] [586] [587] [588] [589] [590]
Underfull \hbox (badness 3049) in paragraph at lines 1222--1222
[]|\T1/lmr/m/n/10.95 (+20) Performance com-pa-ra-
 []


Underfull \hbox (badness 1009) in paragraph at lines 1222--1222
[]|\T1/lmr/m/n/10.95 (+20) Well-detected by long
 []


Underfull \hbox (badness 10000) in paragraph at lines 1222--1222
[]|\T1/lmr/m/n/10.95 (+20) Values out-side this
 []


Underfull \hbox (badness 1577) in paragraph at lines 1222--1222
\T1/lmr/m/n/10.95 (+20) range sug-gest sys-tem-
 []

[591]
Overfull \hbox (48.79535pt too wide) in paragraph at lines 1285--1286
[]\T1/lmr/bx/n/10.95 (-20) Navigate\T1/lmr/m/n/10.95 (-20) : Type a gene name (
e.g., \T1/lmr/m/it/10.95 (-20) BRCA1\T1/lmr/m/n/10.95 (-20) ) or co-or-di-nates
 (e.g., \T1/lmtt/m/n/10.95 chr17:43,044,295-43,125,364\T1/lmr/m/n/10.95 (-20) )

 []

[592] [593] [594]
Underfull \hbox (badness 10000) in paragraph at lines 1436--1436
[]|\T1/lmr/bx/n/10.95 (+20) Instance
 []


Underfull \hbox (badness 4132) in paragraph at lines 1436--1436
\T1/lmr/m/n/10.95 (+20) A10G, 32GB
 []


Underfull \hbox (badness 10000) in paragraph at lines 1436--1436
[]|\T1/lmr/m/n/10.95 (+20) g2-standard-8
 []


Underfull \hbox (badness 10000) in paragraph at lines 1436--1436
[]|\T1/lmr/m/n/10.95 (+20) n2-highmem-
 []


Underfull \hbox (badness 1158) in paragraph at lines 1436--1436
[]|\T1/lmr/m/n/10.95 (+20) Free tier (T4
 []


Underfull \hbox (badness 10000) in paragraph at lines 1436--1436
\T1/lmr/m/n/10.95 (+20) GPU, 12GB
 []


Underfull \hbox (badness 10000) in paragraph at lines 1436--1436
[]|\T1/lmr/m/n/10.95 (+20) A100 GPU,
 []


Underfull \hbox (badness 10000) in paragraph at lines 1436--1436
[]|\T1/lmr/m/n/10.95 (+20) GATK
 []


Underfull \hbox (badness 10000) in paragraph at lines 1436--1436
\T1/lmr/m/n/10.95 (+20) pipelines,
 []


Underfull \hbox (badness 10000) in paragraph at lines 1436--1436
\T1/lmr/m/n/10.95 (+20) hu-man ge-
 []

[595]
Underfull \hbox (badness 1721) in paragraph at lines 1469--1470
\T1/lmr/m/n/10.95 (+20) are lost. Save re-sults to Google Drive (\T1/lmtt/m/n/1
0.95 from google.colab import drive;
 []

[596]
Underfull \vbox (badness 10000) has occurred while \output is active []

 [597]
Underfull \vbox (badness 10000) has occurred while \output is active []

 [598]
Underfull \vbox (badness 10000) has occurred while \output is active []

 [599]
[600]
Underfull \vbox (badness 10000) has occurred while \output is active []

 [601]
Underfull \vbox (badness 10000) has occurred while \output is active []

 [602]
Underfull \vbox (badness 10000) has occurred while \output is active []

 [603]
[604] [605])
Underfull \vbox (badness 10000) has occurred while \output is active []

 [606]
[607] [608

] (./main.acr [609


]) (./main.gls) [610] (./main.aux)

LaTeX Warning: There were undefined references.


LaTeX Warning: There were multiply-defined labels.

Package rerunfilecheck Info: File `main.out' has not changed.
(rerunfilecheck)             Checksum: A2EF2B584EC49E7F8E0B35843E62A394;254936.

Package logreq Info: Writing requests to 'main.run.xml'.
\openout1 = `main.run.xml'.

 ) 
Here is how much of TeX's memory you used:
 70007 strings out of 476025
 1344870 string characters out of 5790018
 3488807 words of memory out of 5000000
 77814 multiletter control sequences out of 15000+600000
 748665 words of font info for 504 fonts, out of 8000000 for 9000
 1141 hyphenation exceptions out of 8191
 94i,14n,96p,2248b,2592s stack positions out of 10000i,1000n,20000p,200000b,200000s
</usr/local/texlive/2023/texmf-dist/fonts/type1/public/lm/lmbx10.pfb></usr/lo
cal/texlive/2023/texmf-dist/fonts/type1/public/lm/lmbx12.pfb></usr/local/texliv
e/2023/texmf-dist/fonts/type1/public/lm/lmbx6.pfb></usr/local/texlive/2023/texm
f-dist/fonts/type1/public/lm/lmbx7.pfb></usr/local/texlive/2023/texmf-dist/font
s/type1/public/lm/lmbx8.pfb></usr/local/texlive/2023/texmf-dist/fonts/type1/pub
lic/lm/lmbx9.pfb></usr/local/texlive/2023/texmf-dist/fonts/type1/public/lm/lmbx
i10.pfb></usr/local/texlive/2023/texmf-dist/fonts/type1/public/lm/lmex10.pfb></
usr/local/texlive/2023/texmf-dist/fonts/type1/public/lm/lmmi10.pfb></usr/local/
texlive/2023/texmf-dist/fonts/type1/public/lm/lmmi6.pfb></usr/local/texlive/202
3/texmf-dist/fonts/type1/public/lm/lmmi7.pfb></usr/local/texlive/2023/texmf-dis
t/fonts/type1/public/lm/lmmi8.pfb></usr/local/texlive/2023/texmf-dist/fonts/typ
e1/public/lm/lmmi9.pfb></usr/local/texlive/2023/texmf-dist/fonts/type1/public/l
m/lmmib10.pfb></usr/local/texlive/2023/texmf-dist/fonts/type1/public/lm/lmr10.p
fb></usr/local/texlive/2023/texmf-dist/fonts/type1/public/lm/lmr12.pfb></usr/lo
cal/texlive/2023/texmf-dist/fonts/type1/public/lm/lmr17.pfb></usr/local/texlive
/2023/texmf-dist/fonts/type1/public/lm/lmr6.pfb></usr/local/texlive/2023/texmf-
dist/fonts/type1/public/lm/lmr7.pfb></usr/local/texlive/2023/texmf-dist/fonts/t
ype1/public/lm/lmr8.pfb></usr/local/texlive/2023/texmf-dist/fonts/type1/public/
lm/lmr9.pfb></usr/local/texlive/2023/texmf-dist/fonts/type1/public/lm/lmri10.pf
b></usr/local/texlive/2023/texmf-dist/fonts/type1/public/lm/lmri7.pfb></usr/loc
al/texlive/2023/texmf-dist/fonts/type1/public/lm/lmri8.pfb></usr/local/texlive/
2023/texmf-dist/fonts/type1/public/lm/lmri9.pfb></usr/local/texlive/2023/texmf-
dist/fonts/type1/public/lm/lmss10.pfb></usr/local/texlive/2023/texmf-dist/fonts
/type1/public/lm/lmss8.pfb></usr/local/texlive/2023/texmf-dist/fonts/type1/publ
ic/lm/lmss9.pfb></usr/local/texlive/2023/texmf-dist/fonts/type1/public/lm/lmssb
x10.pfb></usr/local/texlive/2023/texmf-dist/fonts/type1/public/lm/lmsy10.pfb></
usr/local/texlive/2023/texmf-dist/fonts/type1/public/lm/lmsy5.pfb></usr/local/t
exlive/2023/texmf-dist/fonts/type1/public/lm/lmsy6.pfb></usr/local/texlive/2023
/texmf-dist/fonts/type1/public/lm/lmsy7.pfb></usr/local/texlive/2023/texmf-dist
/fonts/type1/public/lm/lmsy8.pfb></usr/local/texlive/2023/texmf-dist/fonts/type
1/public/lm/lmsy9.pfb></usr/local/texlive/2023/texmf-dist/fonts/type1/public/lm
/lmtk10.pfb></usr/local/texlive/2023/texmf-dist/fonts/type1/public/lm/lmtt10.pf
b></usr/local/texlive/2023/texmf-dist/fonts/type1/public/lm/lmtt8.pfb></usr/loc
al/texlive/2023/texmf-dist/fonts/type1/public/lm/lmtt9.pfb></usr/local/texlive/
2023/texmf-dist/fonts/type1/public/lm/lmtti10.pfb></usr/local/texlive/2023/texm
f-dist/fonts/type1/public/amsfonts/symbols/msam10.pfb></usr/local/texlive/2023/
texmf-dist/fonts/type1/public/amsfonts/symbols/msbm10.pfb>
Output written on main.pdf (642 pages, 16385864 bytes).
PDF statistics:
 20466 PDF objects out of 22161 (max. 8388607)
 19476 compressed objects within 195 object streams
 10994 named destinations out of 12825 (max. 500000)
 145002 words of extra memory for PDF output out of 154059 (max. 10000000)

